date,open,high,low,close,volume,amount,symbol
2024-01-02,24.83348865,25.75944975,24.43946265,25.08960555,22164948,561934672.86,002903.SZ
2024-01-03,24.626625,26.52780045,24.18334575,26.005716,31301536,812666850.24,002903.SZ
2024-01-04,25.1191575,25.217664,23.4248457,24.7251315,19749342,489569248.05,002903.SZ
2024-01-05,24.97139775,26.202729,22.25261835,22.25261835,21579739,519090731.01,002903.SZ
2024-01-08,21.38576115,22.31172225,20.7651702,21.7108326,14557643,319996988.35,002903.SZ
2024-01-09,21.62217675,23.8779756,21.50396895,23.8779756,12617589,298769594.28,002903.SZ
2024-01-10,23.76961845,23.838573,22.4003781,22.48903395,18870178,441017701.99,002903.SZ
2024-01-11,22.1639625,22.90276125,22.1639625,22.7550015,12340330,283531443.79,002903.SZ
2024-01-12,22.656495,22.72544955,21.9866508,22.15411185,8852901,199733571.89,002903.SZ
2024-01-15,22.1639625,22.35112485,21.5532222,21.9669495,6296843,140246453.06,002903.SZ
2024-01-16,21.99650145,22.065456,20.7848715,21.20844945,9656252,207581692.66,002903.SZ
2024-01-17,21.12964425,21.1788975,19.92786495,20.0362221,8280989,171573395.34,002903.SZ
2024-01-18,19.71115065,20.00667015,19.0905597,19.77025455,7899800,156767679.0,002903.SZ
2024-01-19,19.71115065,20.04607275,19.4057805,19.41563115,7034200,140849400.46,002903.SZ
2024-01-22,19.29742335,19.88846235,18.2434038,18.4207155,8017999,155038594.34,002903.SZ
2024-01-23,18.4207155,18.716235,17.8887804,18.5980272,6827350,127030710.57,002903.SZ
2024-01-24,18.5980272,18.8344428,17.64251415,18.43056615,6915671,127710038.03,002903.SZ
2024-01-25,18.6177285,18.9723519,18.15474795,18.913248,6819077,129230155.16,002903.SZ
2024-01-26,18.92309865,19.04130645,18.322209,18.35176095,5351038,101313668.61,002903.SZ
2024-01-29,18.33205965,18.58817655,17.4750531,17.5144557,4602081,83256196.74,002903.SZ
2024-01-30,17.6129622,17.81982585,16.9234167,17.01207255,4106643,72248568.69,002903.SZ
2024-01-31,16.79535825,17.0810271,15.7216374,15.8201439,6678308,110272008.01,002903.SZ
2024-02-01,15.73148805,16.10581275,15.367014,15.9383517,4742081,75848672.1,002903.SZ
2024-02-02,16.2535725,16.4702868,14.78582565,15.2685075,6683365,106671308.93,002903.SZ
2024-02-05,15.08134515,15.2685075,13.74165675,13.74165675,6799700,97202530.72,002903.SZ
2024-02-06,12.5694294,14.5001568,12.3724164,14.0470269,9851481,132859575.66,002903.SZ
2024-02-07,14.3031438,14.381949,12.83539695,13.11121515,10580802,146669226.37,002903.SZ
2024-02-08,13.19002035,14.4213516,12.5694294,14.4213516,9828264,137531264.86,002903.SZ
2024-02-19,14.775975,15.35716335,14.52970875,15.14044905,9294674,141825226.2,002903.SZ
2024-02-20,15.0714945,15.9383517,14.70702045,15.564027,7715623,121073089.88,002903.SZ
2024-02-21,15.3079101,16.42103355,15.27835815,15.75118935,8382936,135858615.54,002903.SZ
2024-02-22,15.75118935,16.2929751,15.67238415,16.2338712,7075766,115253114.78,002903.SZ
2024-02-23,16.24372185,17.56370895,16.24372185,17.337144,11898791,204979545.36,002903.SZ
2024-02-26,18.60787785,19.0708584,18.1054947,19.0708584,7155201,136186888.88,002903.SZ
2024-02-27,19.45503375,20.2332351,19.2087675,19.4057805,22625569,447804255.68,002903.SZ
2024-02-28,19.13981295,19.57324155,17.46520245,17.46520245,18364234,347127885.07,002903.SZ
2024-02-29,16.77565695,18.29265705,16.7658063,18.23355315,13440783,242055837.64,002903.SZ
2024-03-01,18.2434038,19.27772205,17.9872869,18.76548825,12737273,241221102.09,002903.SZ
2024-03-04,19.08070905,19.08070905,18.13504665,18.7359363,9390327,177644544.79,002903.SZ
2024-03-05,18.3616116,18.6571311,18.0660921,18.3025077,6943763,129434793.29,002903.SZ
2024-03-06,18.3025077,18.9920532,18.2040012,18.9526506,12844742,245320822.35,002903.SZ
2024-03-07,19.4057805,19.63234545,18.52907265,18.5783259,12354339,239458635.42,002903.SZ
2024-03-08,18.52907265,18.7753389,18.23355315,18.716235,6509729,122505463.39,002903.SZ
2024-03-11,18.46996875,18.62757915,18.1645986,18.62757915,5796500,108679629.96,002903.SZ
2024-03-12,18.6965337,19.04130645,18.54877395,18.98220255,8545838,163448186.85,002903.SZ
2024-03-13,18.96250125,19.06100775,18.716235,18.82459215,6332768,121154259.61,002903.SZ
2024-03-14,18.8935467,19.15951425,18.37146225,18.7753389,6431900,122905677.0,002903.SZ
2024-03-15,18.5980272,19.06100775,18.54877395,19.06100775,8162332,157105360.38,002903.SZ
2024-03-18,19.17921555,19.5830922,19.02160515,19.4648844,9737152,191113663.23,002903.SZ
2024-03-19,19.4648844,21.4153131,19.23831945,20.9818845,32651596,697890553.91,002903.SZ
2024-03-20,20.5681572,20.93263125,20.3908455,20.7257676,19360274,406015951.06,002903.SZ
2024-03-21,20.883378,21.60247545,20.4105468,21.5729235,25623719,547311878.53,002903.SZ
2024-03-22,21.1394949,21.20844945,20.686365,20.8439754,13701990,290898096.03,002903.SZ
2024-03-25,20.686365,20.686365,19.4648844,19.504287,9624220,196110588.26,002903.SZ
2024-03-26,19.49443635,20.292339,18.60787785,19.9377156,9870293,194535927.84,002903.SZ
2024-03-27,19.65204675,19.65204675,18.4207155,18.45026745,7221048,139401586.54,002903.SZ
2024-03-28,18.4601181,19.3663779,18.322209,19.02160515,6736262,130029879.7,002903.SZ
2024-03-29,18.96250125,19.35652725,18.68668305,19.19891685,5499352,106128939.08,002903.SZ
2024-04-01,19.33682595,19.77025455,19.3269753,19.5633909,6143295,121823064.3,002903.SZ
2024-04-02,19.7604039,20.32189095,18.9920532,19.88846235,9859922,198121867.1,002903.SZ
2024-04-03,19.7210013,19.88846235,19.0117545,19.0708584,6363546,124244316.74,002903.SZ
2024-04-08,19.0117545,19.110261,18.09564405,18.11534535,5534755,103676796.75,002903.SZ
2024-04-09,18.1842999,18.56847525,17.9478843,18.46996875,3731721,69431788.57,002903.SZ
2024-04-10,19.15951425,20.32189095,19.110261,19.4451831,17704360,357666798.59,002903.SZ
2024-04-11,19.19891685,19.2875727,18.43056615,18.716235,12359137,236035635.69,002903.SZ
2024-04-12,18.56847525,18.8147415,17.78042325,17.9478843,7891235,145681546.1,002903.SZ
2024-04-15,17.74102065,18.05624145,16.6475985,17.0613258,7389065,130382265.7,002903.SZ
2024-04-16,17.07117645,17.07117645,15.35716335,15.35716335,7686934,122768196.3,002903.SZ
2024-04-17,15.45566985,16.51954005,15.4458192,16.51954005,6205689,102482241.38,002903.SZ
2024-04-18,16.51954005,16.83476085,16.12551405,16.48013745,4981800,83661253.95,002903.SZ
2024-04-19,16.2338712,16.6672998,16.22402055,16.36192965,4044300,67304742.0,002903.SZ
2024-04-22,16.1747673,16.6081959,15.8398452,16.4702868,4301000,71478701.0,002903.SZ
2024-04-23,16.4505855,16.746105,16.0762608,16.53924135,4691000,78440151.0,002903.SZ
2024-04-24,16.5293907,16.85446215,16.40133225,16.85446215,4275600,72474312.0,002903.SZ
2024-04-25,16.7264037,17.0416245,16.69685175,16.8446115,3670100,62886835.0,002903.SZ
2024-04-26,16.7264037,17.28789075,16.7067024,17.1795336,4482615,77545576.94,002903.SZ
2024-04-29,17.26818945,17.80012455,17.26818945,17.73117,5341671,95108547.61,002903.SZ
2024-04-30,17.6129622,17.78042325,17.18938425,17.42579985,4408900,78008781.0,002903.SZ
2024-05-06,17.6917674,17.7705726,17.54400765,17.70161805,3139706,56313426.89,002903.SZ
2024-05-07,17.64251415,18.9723519,17.56370895,18.11534535,9540619,176680691.55,002903.SZ
2024-05-08,17.8296765,18.62757915,17.73117,17.89863105,6583400,121221439.93,002903.SZ
2024-05-09,17.72131935,18.3025077,17.6129622,18.1645986,5625220,103103206.8,002903.SZ
2024-05-10,18.1645986,18.1645986,17.58341025,17.7114687,3981900,71806460.0,002903.SZ
2024-05-13,17.44550115,17.6523648,16.89386475,17.2189362,3724497,65597173.23,002903.SZ
2024-05-14,17.20908555,17.66221545,17.20908555,17.6326635,2887592,51436739.56,002903.SZ
2024-05-15,17.6129622,17.87892975,17.24848815,17.2977414,3495693,62204126.79,002903.SZ
2024-05-16,17.38639725,17.58341025,17.1992349,17.28789075,2742600,48445321.0,002903.SZ
2024-05-17,17.2780401,17.534157,17.0022219,17.48490375,3894400,68323211.07,002903.SZ
2024-05-20,17.9084817,18.1842999,17.58341025,17.9478843,7747945,141115215.58,002903.SZ
2024-05-21,17.84828416,17.88812408,17.2307654,17.40008506,5052154,88442963.62,002903.SZ
2024-05-22,17.37020512,17.53952478,17.1809655,17.39012508,3207500,55760361.6,002903.SZ
2024-05-23,17.25068536,17.36024514,16.97180592,17.04152578,3513100,60447002.0,002903.SZ
2024-05-24,16.94192598,17.04152578,16.62320662,16.82240622,3488100,58982661.0,002903.SZ
2024-05-27,16.96184594,16.9817659,16.4837669,16.9817659,2747184,46055321.24,002903.SZ
2024-05-28,16.9817659,17.31044524,16.76264634,16.84232618,2966250,50588343.55,002903.SZ
2024-05-29,16.81244624,17.02160582,16.59332668,16.76264634,2594597,43717086.78,002903.SZ
2024-05-30,16.74272638,16.92200602,16.5335668,16.8323662,2535966,42705436.97,002903.SZ
2024-05-31,16.8323662,17.2307654,16.81244624,17.16104554,2860600,49132719.0,002903.SZ
2024-06-03,17.3303652,17.3303652,16.65308656,16.7825663,2995100,50868458.0,002903.SZ
2024-06-04,16.69292648,16.69292648,16.07540772,16.2845673,3373072,55249762.16,002903.SZ
2024-06-05,16.2347674,16.30448726,15.9857679,15.99572788,2026400,32782128.0,002903.SZ
2024-06-06,15.99572788,16.1849675,14.99972988,15.1889695,4358800,67231836.5,002903.SZ
2024-06-07,15.2885693,15.81644824,15.2885693,15.70688846,3054100,47880713.0,002903.SZ
2024-06-11,15.7367684,15.935968,15.35828916,15.935968,2374900,37429766.0,002903.SZ
2024-06-12,15.92600802,16.35428716,15.75668836,16.20488746,2445450,39794862.0,002903.SZ
2024-06-13,16.25468736,16.89212608,16.21484744,16.59332668,4909500,81845623.97,002903.SZ
2024-06-14,16.5335668,16.5833667,16.2845673,16.42400702,2334700,38468827.0,002903.SZ
2024-06-17,16.34432718,16.79252628,16.19492748,16.54352678,2699800,44888058.0,002903.SZ
2024-06-18,16.65308656,17.5295648,16.65308656,17.35028516,6923153,119575905.88,002903.SZ
2024-06-19,17.11124564,18.14708356,17.11124564,17.75864434,9679100,172898267.5,002903.SZ
2024-06-20,17.7287644,17.74868436,16.95188596,16.9817659,5999558,104322237.94,002903.SZ
2024-06-21,16.84232618,16.97180592,16.39412708,16.74272638,5014400,83790207.0,002903.SZ
2024-06-24,16.51364684,16.51364684,15.6869685,15.71684844,4097400,65858358.0,002903.SZ
2024-06-25,15.8363682,17.29052528,15.8363682,17.29052528,5961600,102565979.0,002903.SZ
2024-06-26,17.2805653,17.3801651,16.7327664,17.22080542,13326267,228734332.1,002903.SZ
2024-06-27,16.931966,17.6789645,16.931966,17.1311656,10458573,181613319.2,002903.SZ
2024-06-28,16.7327664,17.5295648,16.60328666,17.40008506,10433173,180816177.63,002903.SZ
2024-07-01,17.3303652,17.45984494,16.81244624,17.45984494,7093602,122103586.21,002903.SZ
2024-07-02,17.3303652,17.40008506,16.97180592,17.0315658,5600600,96369485.0,002903.SZ
2024-07-03,17.11124564,17.16104554,16.26464734,16.4837669,5590185,93266121.2,002903.SZ
2024-07-04,16.51364684,16.92200602,15.94592798,16.09532768,4257350,69611925.0,002903.SZ
2024-07-05,16.0355678,16.14512758,15.60728866,16.06544774,3267772,52102007.36,002903.SZ
2024-07-08,15.95588796,15.96584794,15.3881691,15.42800902,3673400,57394620.28,002903.SZ
2024-07-09,15.55748876,16.2347674,15.2885693,16.19492748,5424700,86269664.0,002903.SZ
2024-07-10,15.46784894,15.5873687,14.82045024,14.93997,9500867,144946264.93,002903.SZ
2024-07-11,15.1391696,15.4877689,15.1391696,15.35828916,5386785,82800378.55,002903.SZ
2024-07-12,15.2387694,15.35828916,14.95988996,15.05948976,3351300,50883151.0,002903.SZ
2024-07-15,14.92005004,14.99972988,14.43201102,14.55153078,3982700,58442323.0,002903.SZ
2024-07-16,14.60133068,16.00568786,14.23281142,16.00568786,9195003,142831413.35,002903.SZ
2024-07-17,15.90608806,17.59928466,15.437969,16.40408706,17996132,293492615.57,002903.SZ
2024-07-18,15.5873687,17.429965,15.57740872,16.70288646,16721212,276468513.72,002903.SZ
2024-07-19,16.41404704,16.8323662,16.24472738,16.44392698,10728160,178032554.71,002903.SZ
2024-07-22,16.45388696,16.65308656,16.1351676,16.27460732,6196459,101341113.59,002903.SZ
2024-07-23,16.16504754,16.2347674,15.69692848,15.71684844,5439879,86899384.53,002903.SZ
2024-07-24,15.49772888,15.86624814,15.2885693,15.39812908,4316256,67125160.72,002903.SZ
2024-07-25,15.22880942,15.44792898,14.97980992,15.15908956,3720456,56690213.32,002903.SZ
2024-07-26,15.24872938,15.82640822,15.19892948,15.61724864,5448603,85027614.34,002903.SZ
2024-07-29,15.64712858,15.9857679,15.5375688,15.5873687,4283103,67389120.83,002903.SZ
2024-07-30,15.5375688,15.66704854,15.21884944,15.49772888,3410650,52886197.5,002903.SZ
2024-07-31,15.5375688,16.09532768,15.45788896,16.09532768,5962450,95348859.88,002903.SZ
2024-08-01,16.09532768,16.21484744,15.96584794,16.01564784,4399600,70965354.0,002903.SZ
2024-08-02,15.81644824,16.09532768,15.57740872,15.60728866,4197561,66660875.84,002903.SZ
2024-08-05,15.437969,15.66704854,14.90013008,14.91009006,4624803,70864186.83,002903.SZ
2024-08-06,15.1391696,15.29852928,15.0395698,15.24872938,2750816,41893328.52,002903.SZ
2024-08-07,15.32840922,15.5375688,15.20888946,15.2387694,2614400,40242428.0,002903.SZ
2024-08-08,15.10928966,15.77660832,14.77065034,15.40808906,6243741,96009015.83,002903.SZ
2024-08-09,15.34832918,15.62720862,15.2387694,15.30848926,4177750,64770692.0,002903.SZ
2024-08-12,15.30848926,15.30848926,14.8901701,14.97980992,2736000,41289114.0,002903.SZ
2024-08-13,14.97980992,15.0395698,14.72085044,14.93997,2218850,33102672.5,002903.SZ
2024-08-14,14.8403702,14.99972988,14.8403702,14.85033018,1465500,21921819.0,002903.SZ
2024-08-15,14.75073038,15.1391696,14.61129066,14.96984994,2298100,34537448.0,002903.SZ
2024-08-16,14.93997,15.2387694,14.92005004,14.94992998,2354300,35610758.0,002903.SZ
2024-08-19,14.9897699,15.14912958,14.7407704,14.75073038,2445330,36639609.9,002903.SZ
2024-08-20,14.75073038,14.87025014,14.53161082,14.63121062,1714256,25168534.4,002903.SZ
2024-08-21,14.5913707,14.7905703,14.55153078,14.65113058,1498700,22098038.0,002903.SZ
2024-08-22,14.65113058,14.68101052,14.03361182,14.10333168,3197306,45798002.78,002903.SZ
2024-08-23,14.0933717,14.15313158,13.8443722,13.92405204,1987300,27893466.0,002903.SZ
2024-08-26,14.12325164,15.26864934,13.95393198,14.45193098,4260934,62424559.05,002903.SZ
2024-08-27,14.30253128,14.58141072,14.01369186,14.02365184,2654400,38006832.0,002903.SZ
2024-08-28,13.943972,14.33241122,13.90413208,14.02365184,2098700,29685516.0,002903.SZ
2024-08-29,13.943972,15.42800902,13.8443722,15.42800902,11495648,174147061.84,002903.SZ
2024-08-30,15.34832918,15.92600802,15.09932968,15.52760882,14927247,233270737.93,002903.SZ
2024-09-02,15.36824914,15.99572788,15.36824914,15.5375688,10920034,172091357.76,002903.SZ
2024-09-03,15.7367684,15.77660832,15.37820912,15.54752878,6427823,100236176.72,002903.SZ
2024-09-04,15.3881691,15.64712858,15.3383692,15.46784894,4281073,66516675.77,002903.SZ
2024-09-05,15.437969,15.5873687,15.34832918,15.4877689,3456479,53603472.01,002903.SZ
2024-09-06,15.49772888,15.5375688,14.91009006,14.94992998,4229209,64280661.62,002903.SZ
2024-09-09,14.76069036,15.09932968,14.68101052,15.01964984,2617200,39237908.0,002903.SZ
2024-09-10,14.96984994,15.16904954,14.70093048,15.0893697,2632100,39402817.0,002903.SZ
2024-09-11,15.07940972,15.07940972,14.8403702,14.8901701,1957800,29357837.94,002903.SZ
2024-09-12,14.93997,15.04952978,14.441971,14.4917709,3644340,53734154.86,002903.SZ
2024-09-13,14.48181092,14.57145074,14.12325164,14.16309156,2538400,36368425.0,002903.SZ
2024-09-18,14.2925713,14.2925713,13.76469236,13.98381192,2863700,40182894.0,002903.SZ
2024-09-19,14.10333168,14.36229116,13.85433218,14.2427714,3347000,47713804.0,002903.SZ
2024-09-20,14.28261132,14.36229116,14.10333168,14.28261132,2371099,33872116.68,002903.SZ
2024-09-23,14.20293148,14.42205104,14.1431716,14.37225114,2145650,30839217.99,002903.SZ
2024-09-24,14.46189096,14.72085044,14.17305154,14.71089046,4958380,72127550.47,002903.SZ
2024-09-25,14.75073038,15.17900952,14.65113058,14.8403702,6326173,94954783.4,002903.SZ
2024-09-26,14.88021012,15.22880942,14.75073038,15.22880942,6633087,100473522.9,002903.SZ
2024-09-27,15.41804904,16.61324664,15.27860932,16.1849675,10314308,164385205.55,002903.SZ
2024-09-30,16.94192598,17.7287644,16.25468736,17.70884444,15219658,262357923.51,002903.SZ
2024-10-08,19.38212108,19.39208106,17.4797649,18.8243622,15912478,296700683.13,002903.SZ
2024-10-09,18.48572288,20.2685593,17.1311656,19.0235618,19274658,361534068.51,002903.SZ
2024-10-10,18.425963,18.90404204,17.45984494,17.51960482,13984603,252118366.5,002903.SZ
2024-10-11,17.27060532,17.36024514,16.3841671,16.50368686,7047311,118756715.12,002903.SZ
2024-10-14,16.62320662,17.48972488,16.2347674,17.26064534,8795152,149790937.78,002903.SZ
2024-10-15,17.0315658,17.26064534,16.66304654,16.6829665,7918002,134817373.94,002903.SZ
2024-10-16,16.42400702,16.8821661,16.3343672,16.60328666,4180900,69844368.98,002903.SZ
2024-10-17,16.6829665,17.06144574,16.5833667,16.59332668,5519950,92950415.5,002903.SZ
2024-10-18,16.51364684,17.27060532,16.49372688,17.09132568,6946700,118495512.0,002903.SZ
2024-10-21,16.80248626,17.3303652,16.74272638,17.06144574,10583550,181172843.5,002903.SZ
2024-10-22,17.17100552,17.48972488,17.06144574,17.37020512,8396445,145805628.9,002903.SZ
2024-10-23,17.40008506,17.59928466,17.14112558,17.29052528,7737795,135163433.71,002903.SZ
2024-10-24,17.21084544,17.54948476,17.06144574,17.2307654,5490102,95190097.92,002903.SZ
2024-10-25,17.22080542,17.45984494,17.21084544,17.3303652,6113954,106486689.9,002903.SZ
2024-10-28,17.3303652,17.58932468,17.1809655,17.54948476,7468688,130386582.06,002903.SZ
2024-10-29,17.53952478,17.68892448,17.1311656,17.15108556,6559536,114410891.06,002903.SZ
2024-10-30,17.01164584,17.65904454,17.01164584,17.34032518,5607242,97214117.31,002903.SZ
2024-10-31,17.29052528,17.5793647,17.11124564,17.49968486,7639924,133292094.24,002903.SZ
2024-11-01,17.429965,17.429965,16.54352678,16.61324664,7297025,123980371.59,002903.SZ
2024-11-04,16.62320662,17.51960482,16.62320662,17.4797649,8393300,146268723.0,002903.SZ
2024-11-05,17.4797649,17.90804404,17.2805653,17.8781641,9320019,165298263.94,002903.SZ
2024-11-06,18.1271636,18.31640322,17.78852428,17.90804404,10517193,190272476.07,002903.SZ
2024-11-07,17.84828416,17.9777639,17.61920462,17.95784394,6457902,115685284.02,002903.SZ
2024-11-08,18.0773637,18.78452228,17.93792398,18.15704354,11472759,210410158.99,002903.SZ
2024-11-11,18.04748376,18.6749625,18.01760382,18.6749625,10650253,197149227.19,002903.SZ
2024-11-12,18.73472238,18.88412208,18.1271636,18.3263632,7507984,139095574.0,002903.SZ
2024-11-13,18.2267634,18.39608306,17.70884444,18.39608306,5909800,107305481.5,002903.SZ
2024-11-14,18.28652328,18.51560282,17.8283642,17.83832418,4765350,86995455.5,002903.SZ
2024-11-15,17.86820412,18.09728366,17.44988496,17.53952478,4638300,82890876.39,002903.SZ
2024-11-18,17.56940472,17.74868436,16.6331666,16.76264634,5603000,95353024.0,002903.SZ
2024-11-19,16.97180592,17.5793647,16.85228616,17.5793647,5087733,88026510.91,002903.SZ
2024-11-20,17.5295648,18.1271636,17.48972488,17.9777639,5389850,96760667.5,002903.SZ
2024-11-21,17.93792398,18.14708356,17.7287644,18.08732368,4480944,81028080.96,002903.SZ
2024-11-22,18.0275638,18.1769635,17.24072538,17.29052528,4504250,80390694.5,002903.SZ
2024-11-25,17.3801651,17.79848426,17.16104554,17.75864434,4287333,75445789.12,002903.SZ
2024-11-26,17.7287644,18.01760382,17.39012508,17.46980492,3974044,70374756.12,002903.SZ
2024-11-27,17.64908456,17.64908456,16.84232618,17.61920462,4351900,75229382.0,002903.SZ
2024-11-28,17.58932468,17.78852428,17.3303652,17.40008506,3264600,57640754.0,002903.SZ
2024-11-29,17.31044524,19.14308156,17.31044524,18.36620312,18168892,336080243.54,002903.SZ
2024-12-02,18.36620312,18.8243622,18.36620312,18.60524264,13949714,260269213.06,002903.SZ
2024-12-03,18.51560282,19.30244124,18.4757629,19.23272138,17154713,326347776.02,002903.SZ
2024-12-04,19.08332168,19.34228116,18.5255628,18.78452228,12376547,235870272.11,002903.SZ
2024-12-05,18.73472238,19.45184094,18.63512258,19.3721611,15075757,291045531.96,002903.SZ
2024-12-06,19.3223612,19.60124064,19.0235618,19.1231616,11494300,221566647.0,002903.SZ
2024-12-09,19.1231616,19.85024014,18.923962,19.30244124,14990300,292737531.0,002903.SZ
2024-12-10,19.90004004,20.2685593,19.46180092,19.66100052,16152924,322591782.63,002903.SZ
2024-12-11,19.38212108,19.91000002,19.03352178,19.51160082,11022450,213781316.5,002903.SZ
2024-12-12,19.5713607,19.69088046,18.9737619,19.29248126,7524300,145098758.0,002903.SZ
2024-12-13,19.11320162,19.421961,18.73472238,18.85424214,7180709,137233983.44,002903.SZ
2024-12-16,18.85424214,18.93392198,18.40604304,18.58532268,4544500,84836743.0,002903.SZ
2024-12-17,18.51560282,18.98372188,17.86820412,17.96780392,6247500,114949463.0,002903.SZ
2024-12-18,17.99768386,18.08732368,17.4797649,17.89808406,4854300,86679838.0,002903.SZ
2024-12-19,17.6291646,18.13712358,17.5793647,17.98772388,5018350,90243096.0,002903.SZ
2024-12-20,17.96780392,18.44588296,17.8781641,18.14708356,6810800,124377443.5,002903.SZ
2024-12-23,18.1271636,18.18692348,16.99172588,17.0315658,6422300,112396417.0,002903.SZ
2024-12-24,17.3303652,17.7785643,16.8821661,17.3303652,5272142,91477022.54,002903.SZ
2024-12-25,17.45984494,17.45984494,16.433967,16.7825663,5686795,95926581.82,002903.SZ
2024-12-26,16.7825663,17.30048526,16.69292648,17.11124564,3697450,63544921.5,002903.SZ
2024-12-27,17.12120562,17.35028516,16.96184594,17.0315658,3361200,57914736.0,002903.SZ
2024-12-30,16.90208606,17.00168586,16.36424714,16.80248626,3754800,63159419.0,002903.SZ
2024-12-31,16.85228616,16.94192598,16.17500752,16.1849675,4352600,72152904.0,002903.SZ
2025-01-02,16.1351676,16.433967,15.66704854,15.80648826,4467400,71989723.0,002903.SZ
2025-01-03,16.09532768,16.1351676,15.01964984,15.0395698,4484600,69208648.0,002903.SZ
2025-01-06,15.04952978,15.12920962,14.46189096,14.88021012,3400800,50697256.0,002903.SZ
2025-01-07,14.93001002,15.47780892,14.86029016,15.45788896,3617000,54985983.0,002903.SZ
2025-01-08,15.36824914,15.5873687,14.86029016,15.40808906,3567200,54570843.0,002903.SZ
2025-01-09,15.10928966,15.7367684,15.10928966,15.54752878,2997800,46918353.0,002903.SZ
2025-01-10,15.5873687,16.40408706,15.41804904,15.5375688,6913600,110380721.0,002903.SZ
2025-01-13,15.19892948,15.86624814,14.95988996,15.61724864,3448600,53460108.0,002903.SZ
2025-01-14,15.70688846,17.1809655,15.70688846,17.1809655,9321872,155205581.5,002903.SZ
2025-01-15,17.1809655,17.1809655,16.69292648,16.89212608,11294922,191670360.2,002903.SZ
2025-01-16,16.89212608,17.0813657,16.5335668,16.79252628,6267150,105918965.14,002903.SZ
2025-01-17,16.71284644,16.99172588,16.60328666,16.82240622,5283650,89261069.55,002903.SZ
2025-01-20,16.7825663,16.8323662,16.51364684,16.71284644,4358600,72973263.0,002903.SZ
2025-01-21,16.72280642,16.86224614,16.433967,16.86224614,4415400,74086658.0,002903.SZ
2025-01-22,16.7327664,17.1809655,16.59332668,16.90208606,6201795,105546931.45,002903.SZ
2025-01-23,17.37020512,17.37020512,16.66304654,16.66304654,5469385,93349425.95,002903.SZ
2025-01-24,16.60328666,17.0315658,16.51364684,17.01164584,4532800,76553872.0,002903.SZ
2025-01-27,17.01164584,17.15108556,16.47380692,16.5335668,3777893,63336421.1,002903.SZ
2025-02-05,16.8323662,17.15108556,16.5335668,16.99172588,4518200,76903997.0,002903.SZ
2025-02-06,17.01164584,17.55944474,16.91204604,17.55944474,6491250,113279509.5,002903.SZ
2025-02-07,17.5793647,17.7287644,17.2307654,17.5295648,7103393,125182796.82,002903.SZ
2025-02-10,17.51960482,17.6789645,17.31044524,17.55944474,5015600,87841590.0,002903.SZ
2025-02-11,17.56940472,18.05744374,17.2805653,17.40008506,7933300,139689189.0,002903.SZ
2025-02-12,17.29052528,17.55944474,17.24072538,17.50964484,5514900,96433347.0,002903.SZ
2025-02-13,17.44988496,17.4797649,17.06144574,17.0813657,4782973,82717874.22,002903.SZ
2025-02-14,16.99172588,17.36024514,16.85228616,16.94192598,4193400,71860135.0,002903.SZ
2025-02-17,16.97180592,17.26064534,16.95188596,17.21084544,4117400,70737386.0,002903.SZ
2025-02-18,17.24072538,17.7287644,17.09132568,17.14112558,7389100,128873242.0,002903.SZ
2025-02-19,17.17100552,17.89808406,17.15108556,17.89808406,9661322,171598108.68,002903.SZ
2025-02-20,18.0275638,18.08732368,17.73872438,17.94788396,7532750,135339670.5,002903.SZ
2025-02-21,17.94788396,18.0773637,17.78852428,17.95784394,6509150,117163713.28,002903.SZ
2025-02-24,18.0773637,18.24668336,17.71880442,18.03752378,6874000,124157433.0,002903.SZ
2025-02-25,17.7785643,19.1231616,17.75864434,18.60524264,15552343,291262749.94,002903.SZ
2025-02-26,18.50564284,19.3721611,18.425963,18.83432218,12743974,240789406.96,002903.SZ
2025-02-27,18.76460232,19.20284144,18.3263632,19.04348176,11878702,224007235.53,002903.SZ
2025-02-28,18.85424214,18.85424214,17.73872438,17.8283642,10211147,186299217.94,002903.SZ
2025-03-03,17.78852428,18.15704354,17.55944474,17.70884444,5595409,100338212.19,002903.SZ
2025-03-04,17.55944474,18.23672338,17.51960482,18.1271636,5892800,106922550.0,002903.SZ
2025-03-05,18.20684344,18.35624314,17.93792398,18.23672338,4832750,88155351.7,002903.SZ
2025-03-06,18.33632318,18.5753627,18.3263632,18.36620312,5604000,103708344.0,002903.SZ
2025-03-07,18.30644324,19.3721611,18.24668336,18.96380192,15274472,289781741.38,002903.SZ
2025-03-10,18.89408206,18.95384194,18.58532268,18.75464234,7784350,146495170.0,002903.SZ
2025-03-11,18.41600302,19.00364184,18.30644324,18.85424214,8370200,157004440.32,002903.SZ
2025-03-12,18.88412208,18.9737619,18.6251626,18.6749625,6750150,127048620.0,002903.SZ
2025-03-13,18.5255628,18.60524264,17.78852428,18.13712358,6916950,125849847.0,002903.SZ
2025-03-14,18.13712358,18.33632318,17.80844424,18.26660332,4544772,82535519.68,002903.SZ
2025-03-17,18.20684344,18.35624314,18.03752378,18.35624314,3757450,68640687.0,002903.SZ
2025-03-18,19.2227614,20.18887946,19.03352178,20.18887946,19342220,388594968.7,002903.SZ
2025-03-19,22.2107554,22.2107554,22.2107554,22.2107554,4307497,96057183.1,002903.SZ
2025-03-20,24.43183094,24.43183094,24.43183094,24.43183094,8248985,202347602.05,002903.SZ
2025-03-21,25.78638822,26.87202604,23.68483244,24.49159082,61814339,1595578767.49,002903.SZ
2025-03-24,22.04143574,22.04143574,22.04143574,22.04143574,6145400,135997702.0,002903.SZ
2025-03-25,19.89008006,20.60719862,19.84028016,19.84028016,38885147,783102732.62,002903.SZ
2025-03-26,19.49168086,21.18487746,19.30244124,20.53747876,33279777,680751684.59,002903.SZ
2025-03-27,20.53747876,20.65699852,19.73072038,19.74068036,22221738,447804760.22,002903.SZ
2025-03-28,19.63112058,20.45779892,19.44188096,19.81040022,17969652,360012966.95,002903.SZ
2025-03-31,19.79048026,20.74663834,18.58532268,20.42791898,22103956,441641054.11,002903.SZ
2025-04-01,20.49763884,20.915958,20.07931968,20.80639822,20969800,432605701.0,002903.SZ
2025-04-02,20.70679842,21.5135568,20.50759882,21.07531768,17081588,362209641.18,002903.SZ
2025-04-03,20.6171586,21.911956,20.5175588,20.9657579,16899450,358546842.5,002903.SZ
2025-04-07,18.93392198,20.84623814,18.8741621,18.8741621,15430496,303576029.04,002903.SZ
2025-04-08,18.03752378,18.8243622,16.99172588,17.6291646,18735142,334133544.89,002903.SZ
2025-04-09,17.1311656,19.39208106,15.86624814,18.23672338,22786550,398474775.5,002903.SZ
2025-04-10,18.69488246,19.4717609,18.425963,18.60524264,14835300,282703662.0,002903.SZ
2025-04-11,18.50564284,19.8203602,18.50564284,19.18292148,14111450,273422391.9,002903.SZ
2025-04-14,19.85024014,20.2187594,19.49168086,19.86020012,11783149,235500538.12,002903.SZ
2025-04-15,19.91000002,20.19883944,19.50164084,19.98967986,11145749,221787785.41,002903.SZ
2025-04-16,19.91996,20.12911958,19.04348176,19.26260132,10185403,199398548.02,002903.SZ
2025-04-17,19.31240122,19.9697599,19.20284144,19.421961,8375650,164781057.5,002903.SZ
2025-04-18,19.3223612,19.58132068,18.70484244,19.0733617,9230500,176570111.0,002903.SZ
2025-04-21,18.923962,19.83032018,18.75464234,19.80044024,9356400,182700237.0,002903.SZ
2025-04-22,19.79048026,20.69683844,19.43192098,20.30839922,13705800,277135333.0,002903.SZ
2025-04-23,20.4677589,21.0155578,20.44783894,20.8163582,15004500,313022274.0,002903.SZ
2025-04-24,20.6171586,20.90599802,20.18887946,20.30839922,9789766,201322453.72,002903.SZ
2025-04-25,20.24863934,20.64703854,20.18887946,20.33827916,7426350,152092023.5,002903.SZ
2025-04-28,20.2187594,20.417959,19.71080042,19.84028016,7171300,143655450.0,002903.SZ
2025-04-29,19.80044024,20.54743874,19.66100052,20.32831918,7046909,143190363.07,002903.SZ
2025-04-30,20.50759882,20.98567786,20.27851928,20.72671838,8027800,166286487.0,002903.SZ
2025-05-06,20.7665583,21.42391698,20.7665583,21.3143572,9391800,199186040.0,002903.SZ
2025-05-07,21.59323664,21.59323664,20.8163582,21.19483744,9872200,209937064.0,002903.SZ
2025-05-08,21.14503754,21.79243624,21.02551778,21.4637569,9167250,198259231.5,002903.SZ
2025-05-09,21.82231618,21.88207606,21.2645573,21.6131566,10237600,221324112.0,002903.SZ
2025-05-12,21.8123562,22.18087546,21.42391698,21.95179592,10281352,224909790.0,002903.SZ
2025-05-13,22.2605553,22.68883444,21.62311658,21.90199602,11315850,250851362.0,002903.SZ
2025-05-14,21.90199602,22.78843424,21.58327666,21.65299652,10818950,239036527.0,002903.SZ
2025-05-15,21.65299652,21.8123562,21.03547776,21.3641571,6974100,149044891.0,002903.SZ
2025-05-16,21.18487746,22.4597549,21.18487746,21.95179592,9115474,200503505.12,002903.SZ
2025-05-19,21.89203604,21.89203604,21.0155578,21.52351678,7173700,153818684.0,002903.SZ
2025-05-20,21.53347676,21.5633567,20.99563784,21.24463734,5687100,121317769.0,002903.SZ
2025-05-21,21.07531768,21.2147574,20.52751878,20.75659832,6487600,135068833.0,002903.SZ
2025-05-22,20.6669585,20.94583794,20.42791898,20.48767886,3716750,77039673.0,002903.SZ
2025-05-23,20.50759882,20.84623814,19.80044024,19.88012008,6067400,123501353.0,002903.SZ
2025-05-26,19.8701601,20.29843924,19.78052028,20.12911958,3876500,77956879.0,002903.SZ
2025-05-27,20.20879942,20.45779892,19.91000002,20.27851928,3965100,80452628.0,002903.SZ
2025-05-28,20.3681591,20.3681591,19.89008006,20.03947976,3743000,75474764.0,002903.SZ
2025-05-29,20.08927966,20.6669585,20.0195598,20.3681591,5505600,112628304.0,002903.SZ
2025-05-30,20.3681591,20.3681591,19.6211606,19.6709605,5241400,104385314.0,002903.SZ
2025-06-03,19.6211606,19.76060032,19.421961,19.4717609,3582450,70484531.5,002903.SZ
2025-06-04,19.54148076,19.61120062,19.38212108,19.60124064,3835308,75110511.8,002903.SZ
2025-06-05,19.60124064,19.75064034,19.38212108,19.6709605,3878399,76400312.3,002903.SZ
2025-06-06,19.71080042,20.09923964,19.38212108,19.91000002,6916106,137410061.4,002903.SZ
2025-06-09,20.0,20.26,19.95,20.2,4346300,87509176.0,002903.SZ
2025-06-10,20.27,20.27,19.67,19.91,4600000,91888490.0,002903.SZ
2025-06-11,19.91,20.38,19.91,19.98,4241800,85218192.0,002903.SZ
2025-06-12,20.07,20.07,19.58,19.65,3156500,62441205.0,002903.SZ
2025-06-13,19.54,19.55,18.7,18.78,5638902,107353351.42,002903.SZ
2025-06-16,18.75,19.08,18.68,18.94,2655000,50315160.0,002903.SZ
2025-06-17,19.01,19.04,18.72,18.83,2699488,50833874.16,002903.SZ
2025-06-18,18.82,18.89,18.55,18.84,2720800,51099470.0,002903.SZ
2025-06-19,18.9,18.97,18.45,18.48,3278200,61317944.0,002903.SZ
2025-06-20,18.52,18.71,18.31,18.4,2619300,48371346.0,002903.SZ
2025-06-23,18.2,18.79,18.2,18.73,2669200,49693965.0,002903.SZ
2025-06-24,18.9,19.29,18.73,19.21,3912450,74880080.0,002903.SZ
2025-06-25,19.13,19.41,19.13,19.37,3382295,65263735.35,002903.SZ
2025-06-26,19.35,19.57,19.28,19.3,4292002,83489162.58,002903.SZ
2025-06-27,19.29,19.48,19.18,19.34,4029095,77729116.45,002903.SZ
2025-06-30,19.4,19.63,19.33,19.59,3352200,65494152.0,002903.SZ
2025-07-01,19.67,19.67,19.34,19.56,3184800,62151699.0,002903.SZ
2025-07-02,19.56,19.56,19.25,19.39,2589550,50080173.5,002903.SZ
2025-07-03,19.45,20.74,19.32,20.33,12125799,243990522.55,002903.SZ
2025-07-04,20.32,20.32,19.47,19.52,11606800,228349442.5,002903.SZ
2025-07-07,19.45,19.69,19.33,19.62,4195650,82025891.5,002903.SZ
2025-07-08,19.5,19.77,19.5,19.74,4112895,80877809.75,002903.SZ
2025-07-09,19.76,20.1,19.72,19.8,5719195,113917875.35,002903.SZ
2025-07-10,19.92,20.15,19.65,19.88,4975500,98959247.0,002903.SZ
2025-07-11,19.85,20.07,19.74,19.95,4711700,93878204.0,002903.SZ
2025-07-14,20.02,20.35,19.88,20.35,7201750,145753778.5,002903.SZ
2025-07-15,20.2,20.27,19.89,20.04,6114280,122598650.2,002903.SZ
2025-07-16,20.1,20.29,19.96,20.12,4478937,90297917.63,002903.SZ
2025-07-17,20.12,21.05,19.98,20.98,13863730,286111369.1,002903.SZ
2025-07-18,21.0,22.1,20.9,21.97,21226050,462553313.5,002903.SZ
2025-07-21,22.36,22.38,21.73,22.15,10749853,236863672.49,002903.SZ
2025-07-22,22.11,22.4,21.77,21.87,7549997,166230387.92,002903.SZ
2025-07-23,21.82,21.99,21.47,21.74,4970400,108175338.0,002903.SZ
2025-07-24,21.74,21.9,21.44,21.54,4956650,107201838.5,002903.SZ
2025-07-25,21.64,22.2,21.5,21.7,4989400,108767405.0,002903.SZ
2025-07-28,21.76,22.06,21.75,21.84,5473450,119700453.5,002903.SZ
2025-07-29,21.83,21.83,21.52,21.64,3393000,73403479.0,002903.SZ
2025-07-30,21.64,21.82,21.32,21.52,3830650,82491714.0,002903.SZ
2025-07-31,21.4,21.8,21.14,21.2,4025000,86412657.0,002903.SZ
2025-08-01,21.2,21.44,20.8,20.9,6681400,140976512.0,002903.SZ
2025-08-04,20.76,22.3,20.76,22.16,10946450,236907496.32,002903.SZ
2025-08-05,22.11,22.3,21.87,22.08,6549955,144598760.25,002903.SZ
2025-08-06,22.38,22.51,21.77,22.19,13038400,290108277.0,002903.SZ
2025-08-07,22.16,22.33,21.8,21.91,7780800,171371754.0,002903.SZ
2025-08-08,21.82,21.99,21.64,21.74,4720208,102707344.8,002903.SZ
2025-08-11,21.75,22.06,21.68,21.92,5362800,117273660.78,002903.SZ
2025-08-12,22.01,22.01,21.5,21.7,4332050,94115901.0,002903.SZ
2025-08-13,21.86,21.86,21.5,21.75,4306000,93272771.0,002903.SZ
2025-08-14,21.61,21.75,20.8,21.02,8594500,181394807.0,002903.SZ
2025-08-15,20.99,21.88,20.9,21.77,7595067,163730952.34,002903.SZ
2025-08-18,21.79,22.2,21.76,21.85,7476300,163942764.0,002903.SZ
2025-08-19,21.8,23.1,21.66,22.75,14147538,317889776.39,002903.SZ
2025-08-20,22.7,22.73,22.27,22.66,6563950,147982179.0,002903.SZ
2025-08-21,22.64,22.71,22.06,22.2,4939618,110420920.83,002903.SZ
2025-08-22,22.17,23.07,22.17,22.41,6904500,155821747.0,002903.SZ
2025-08-25,22.7,22.81,22.3,22.54,6822635,153796278.55,002903.SZ
2025-08-26,22.43,23.86,22.14,23.62,15565205,361803501.33,002903.SZ
2025-08-27,23.7,24.7,23.04,23.13,11993305,285272325.04,002903.SZ
2025-08-28,23.56,23.56,22.08,22.82,9388775,213963734.0,002903.SZ
2025-08-29,22.92,22.95,22.21,22.45,6295903,141476816.05,002903.SZ
2025-09-01,22.65,23.54,22.55,22.92,8037825,184073117.75,002903.SZ
2025-09-02,23.55,24.27,21.57,22.56,21101850,472027457.04,002903.SZ
2025-09-03,22.22,22.74,21.78,21.79,9874600,218365223.91,002903.SZ
2025-09-04,21.9,22.71,21.75,21.92,10180463,226395709.96,002903.SZ
2025-09-05,21.96,23.67,21.81,23.46,11836350,271267212.0,002903.SZ
2025-09-08,23.23,24.18,23.16,23.98,10697683,255508699.91,002903.SZ
2025-09-09,23.98,24.03,23.41,23.47,6336483,150208151.4,002903.SZ
2025-09-10,23.4,24.11,23.1,23.31,10513584,246527950.92,002903.SZ
2025-09-11,23.01,24.25,22.79,24.18,13863479,329942288.85,002903.SZ
2025-09-12,24.0,24.05,23.58,23.59,7521450,178706114.09,002903.SZ
2025-09-15,23.6,23.83,23.37,23.41,4828430,113610001.95,002903.SZ
2025-09-16,23.42,25.26,23.35,24.85,13447784,328686559.7,002903.SZ
2025-09-17,24.85,24.92,24.4,24.49,7243695,178156041.1,002903.SZ
2025-09-18,24.49,25.15,24.23,24.5,11214725,276202287.25,002903.SZ
2025-09-19,24.5,25.2,24.01,24.13,7549250,184987487.0,002903.SZ
2025-09-22,24.06,24.3,23.78,24.0,5172753,123965703.67,002903.SZ
2025-09-23,24.11,24.76,22.82,23.44,7571739,177621440.22,002903.SZ
2025-09-24,23.63,23.78,22.94,23.72,5640250,132463293.5,002903.SZ
2025-09-25,23.83,23.83,23.11,23.38,4570750,107191557.5,002903.SZ
2025-09-26,23.15,23.4,22.78,22.81,3966000,91455622.0,002903.SZ
2025-09-29,22.81,23.05,22.35,22.68,4355621,98969062.63,002903.SZ
2025-09-30,22.8,23.15,22.41,22.45,4070800,92396526.0,002903.SZ
2025-10-09,22.53,23.39,22.44,22.64,4760093,108460499.96,002903.SZ
2025-10-10,22.6,22.92,21.95,21.98,4988006,110897538.96,002903.SZ
2025-10-13,20.98,21.83,20.42,21.72,5235950,111842852.0,002903.SZ
2025-10-14,21.95,21.95,20.66,20.85,4823343,102240663.03,002903.SZ
2025-10-15,20.86,21.47,20.61,21.42,4702350,99207235.14,002903.SZ
2025-10-16,21.29,21.52,20.94,21.06,3335399,70591904.66,002903.SZ
2025-10-17,21.04,21.4,20.21,20.25,3735050,76959495.5,002903.SZ
2025-10-20,20.5,20.73,20.27,20.4,2837369,58181943.91,002903.SZ
2025-10-21,20.5,20.93,20.28,20.85,3245903,67091996.9,002903.SZ
2025-10-22,20.8,21.25,20.6,20.8,3794646,79303265.47,002903.SZ
2025-10-23,20.92,20.94,20.5,20.81,4482717,92721333.45,002903.SZ
2025-10-24,20.85,21.19,20.8,21.18,3985700,83721849.0,002903.SZ
2025-10-27,21.44,21.84,20.69,21.05,5971747,126242026.55,002903.SZ
2025-10-28,20.91,21.35,20.77,21.09,3546197,74794096.91,002903.SZ
2025-10-29,21.09,21.63,20.96,21.53,5920651,126574295.63,002903.SZ
2025-10-30,21.5,23.68,21.43,23.68,8310627,193375695.42,002903.SZ
2025-10-31,22.22,23.55,22.22,22.93,22695369,521701421.62,002903.SZ
2025-11-03,23.03,23.64,22.7,23.28,14974968,346509807.13,002903.SZ
2025-11-04,23.2,23.96,23.13,23.44,12139509,284251942.68,002903.SZ
2025-11-05,22.9,23.59,22.87,23.43,8335400,194686430.49,002903.SZ
2025-11-06,23.58,23.77,23.28,23.48,7414267,174435861.49,002903.SZ
2025-11-07,23.35,24.6,23.14,24.24,12937205,312944077.1,002903.SZ
2025-11-10,24.04,24.77,24.04,24.48,7579167,185149012.84,002903.SZ
2025-11-11,24.5,24.98,24.21,24.33,7020600,172431627.0,002903.SZ
2025-11-12,24.3,24.45,23.8,24.04,6021858,144739282.0,002903.SZ
2025-11-13,24.01,24.22,23.55,24.03,5375819,129004313.2,002903.SZ
2025-11-14,24.02,24.22,23.5,23.53,5563600,132648100.31,002903.SZ
2025-11-17,23.5,23.91,23.33,23.75,4196811,99449311.74,002903.SZ
2025-11-18,23.95,24.65,23.63,24.35,6191400,150308332.71,002903.SZ
2025-11-19,24.25,24.36,23.25,23.34,4835100,114693801.0,002903.SZ
2025-11-20,23.29,24.21,23.14,23.24,3454400,81146065.0,002903.SZ
2025-11-21,22.96,23.3,21.63,21.71,8542717,189246258.97,002903.SZ
2025-11-24,21.8,22.72,21.8,22.49,6128046,137283002.82,002903.SZ
2025-11-25,22.88,23.13,22.6,22.85,3917999,89790929.2,002903.SZ
2025-11-26,22.74,22.91,22.22,22.27,3528400,79680284.0,002903.SZ
2025-11-27,22.38,22.66,22.2,22.24,2436800,54565711.0,002903.SZ
2025-11-28,22.16,24.46,20.02,24.46,11000900,260442014.5,002903.SZ
2025-12-01,24.87,24.87,24.06,24.18,16608574,404681184.16,002903.SZ
2025-12-02,24.18,24.28,23.73,24.04,7667675,184193403.29,002903.SZ
2025-12-03,24.2,24.26,23.3,23.37,5854975,138566238.75,002903.SZ
2025-12-04,23.72,24.05,22.99,23.0,9710699,227893773.92,002903.SZ
2025-12-05,23.01,25.3,22.8,24.54,20449470,499770814.34,002903.SZ
2025-12-08,24.5,24.88,24.1,24.68,13533570,331998412.33,002903.SZ
2025-12-09,24.5,24.69,24.1,24.14,6843848,166741795.2,002903.SZ
2025-12-10,24.13,24.15,23.62,23.94,4376550,104338757.5,002903.SZ
2025-12-11,23.88,23.94,22.88,23.29,6654800,155011744.0,002903.SZ
2025-12-12,23.3,23.39,22.53,22.68,6013984,137921765.59,002903.SZ
2025-12-15,22.6,22.64,21.96,22.07,4339028,96445586.56,002903.SZ
2025-12-16,22.03,22.03,20.45,21.13,7769300,163544074.5,002903.SZ
2025-12-17,21.09,21.19,20.37,20.97,4782050,99245844.0,002903.SZ
2025-12-18,20.75,21.48,20.7,21.01,5099266,107659998.82,002903.SZ
2025-12-19,21.05,21.59,20.94,21.12,3841591,81238864.65,002903.SZ
2025-12-22,21.11,21.41,20.96,21.11,3948753,83516740.62,002903.SZ
2025-12-23,21.09,21.35,20.9,21.23,4192599,88531648.04,002903.SZ
2025-12-24,21.35,22.16,21.15,21.9,5856600,127247906.0,002903.SZ
2025-12-25,21.9,22.4,21.68,22.37,4397023,97080977.71,002903.SZ
2025-12-26,23.99,24.61,23.19,24.61,7910800,192144024.0,002903.SZ
2025-12-29,24.12,24.5,23.14,23.36,21754726,513185465.36,002903.SZ
2025-12-30,23.01,23.69,22.81,23.24,12379199,288939434.65,002903.SZ
2025-12-31,23.46,23.62,22.95,23.0,6023199,139272955.04,002903.SZ
2026-01-05,23.0,23.45,22.66,23.13,7918250,182669970.5,002903.SZ
2026-01-06,23.18,23.75,23.14,23.31,8183150,191288094.99,002903.SZ
2026-01-07,23.27,23.42,23.01,23.18,5128407,118852853.11,002903.SZ
2026-01-08,23.19,24.27,23.18,23.9,10407600,248891835.0,002903.SZ
2026-01-09,24.24,24.29,23.65,24.11,8869955,212938981.84,002903.SZ
2026-01-12,24.25,24.96,24.1,24.85,9676689,237434851.37,002903.SZ
2026-01-13,24.73,26.66,24.71,25.41,15025965,387509020.8,002903.SZ
2026-01-14,25.25,25.6,24.25,24.68,11970761,297155616.85,002903.SZ
2026-01-15,24.46,25.36,23.87,24.1,9537400,232625047.0,002903.SZ
2026-01-16,24.2,24.59,23.8,24.38,7259000,175997335.0,002903.SZ
2026-01-19,24.3,24.72,23.98,24.34,5937600,144444378.0,002903.SZ
2026-01-20,24.41,24.43,23.29,23.5,6652783,157723873.66,002903.SZ
2026-01-21,23.41,23.79,23.03,23.71,5030900,118530989.0,002903.SZ
2026-01-22,23.69,24.19,23.47,23.6,4295600,101788073.0,002903.SZ
2026-01-23,23.7,24.26,23.61,24.26,5278309,126565146.38,002903.SZ
2026-01-26,24.29,24.38,22.6,22.77,8485961,197353349.92,002903.SZ
2026-01-27,22.8,23.0,21.8,22.57,6570150,146653275.0,002903.SZ
2026-01-28,22.5,22.5,21.7,21.89,6516500,142927723.0,002903.SZ
2026-01-29,21.8,22.37,21.33,21.56,6550700,142974936.5,002903.SZ
2026-01-30,21.24,21.55,20.91,21.41,6030056,128346017.56,002903.SZ
2026-02-02,21.29,21.7,21.08,21.24,4639356,99511589.56,002903.SZ
2026-02-03,21.49,21.82,21.22,21.77,4500674,97295142.68,002903.SZ
2026-02-04,21.62,22.48,21.47,22.05,7353219,161799055.8,002903.SZ
2026-02-05,21.97,22.35,21.78,22.11,5252893,116073459.63,002903.SZ
2026-02-06,22.13,22.57,22.0,22.33,5662986,126425244.8,002903.SZ
2026-02-09,22.5,22.58,22.16,22.35,4949000,110410904.72,002903.SZ
2026-02-10,22.3,22.35,22.08,22.16,3586893,79629309.8,002903.SZ
2026-02-11,22.14,22.2,21.93,21.95,2687000,59218443.0,002903.SZ
2026-02-12,21.95,23.19,21.94,22.66,8480817,191921964.36,002903.SZ
2026-02-13,22.53,22.99,22.48,22.49,4287007,97239873.99,002903.SZ
2026-02-24,22.81,24.74,22.4,23.8,21936331,525743842.08,002903.SZ
2026-02-25,23.62,24.3,23.42,23.85,17723777,423004498.55,002903.SZ
2026-02-26,23.67,25.25,23.6,24.48,17985024,441489354.08,002903.SZ
2026-02-27,24.44,25.5,24.33,25.31,17415907,436090544.04,002903.SZ
2026-03-02,25.01,27.84,24.76,27.08,30176400,812099629.86,002903.SZ
2026-03-03,27.11,27.49,24.37,24.37,19769010,500785618.26,002903.SZ
2026-03-04,24.0,25.5,23.77,25.06,15819174,395878170.78,002903.SZ
2026-03-05,25.37,26.07,25.06,25.22,11592233,295525671.85,002903.SZ
2026-03-06,25.23,25.68,25.0,25.1,7644192,193327613.32,002903.SZ
2026-03-09,26.15,27.61,25.65,27.61,12281207,334485601.37,002903.SZ
2026-03-10,29.44,30.37,28.16,30.37,18410961,540701961.72,002903.SZ
2026-03-11,32.05,33.41,28.75,29.15,48916378,1496243496.8,002903.SZ
2026-03-12,29.14,29.37,27.56,28.21,31490137,889408965.92,002903.SZ
2026-03-13,27.4,31.03,27.19,31.03,43177943,1286130418.73,002903.SZ
2026-03-16,30.72,31.06,30.0,30.34,28149275,858714642.91,002903.SZ
2026-03-17,30.18,31.31,29.72,29.77,17571944,530934777.57,002903.SZ
2026-03-18,29.78,30.75,29.64,30.04,16947415,509832239.8,002903.SZ
2026-03-19,29.41,29.6,27.96,28.16,16119906,460753104.6,002903.SZ
2026-03-20,28.53,28.9,27.0,27.13,9895168,274670200.78,002903.SZ
2026-03-23,26.04,27.01,24.96,25.29,12149371,316176383.54,002903.SZ
2026-03-24,25.9,26.7,25.03,26.65,10680518,277356519.74,002903.SZ
2026-03-25,27.18,27.86,26.85,27.27,9761800,265953005.1,002903.SZ
2026-03-26,27.27,27.27,26.08,26.4,7253900,192101232.0,002903.SZ
2026-03-27,26.29,28.49,25.96,27.74,14468643,398300169.44,002903.SZ
2026-03-30,27.63,28.66,27.21,28.08,10943403,307928862.71,002903.SZ
2026-03-31,28.07,28.21,27.3,27.3,6395510,177097693.2,002903.SZ
2026-04-01,27.92,29.09,27.62,27.8,9257768,260706917.28,002903.SZ
2026-04-02,27.8,29.36,27.28,27.47,13573562,383862309.3,002903.SZ
2026-04-03,27.47,28.8,27.45,27.71,11715701,327646897.73,002903.SZ
2026-04-07,28.15,28.86,27.12,27.5,11791513,328467720.24,002903.SZ
2026-04-08,27.88,30.13,27.62,29.85,16961195,490271131.86,002903.SZ
2026-04-09,29.55,30.04,29.05,29.93,11463400,339830491.76,002903.SZ
2026-04-10,29.96,30.48,29.56,30.09,9922638,298843908.32,002903.SZ
2026-04-13,29.52,32.8,29.52,31.89,13648069,427644619.25,002903.SZ
2026-04-14,31.9,33.1,31.8,32.59,10374917,337574811.59,002903.SZ
2026-04-15,32.59,32.77,30.92,31.05,12645789,400357020.15,002903.SZ
2026-04-16,31.06,31.5,30.61,31.43,8825760,274601789.3,002903.SZ
2026-04-17,31.1,32.55,30.78,32.0,8739612,278442571.86,002903.SZ
2026-04-20,31.96,32.5,31.32,31.85,8455544,269805729.95,002903.SZ
2026-04-21,31.81,33.77,31.36,33.59,14003738,460912102.11,002903.SZ
2026-04-22,33.65,35.5,32.0,32.55,12880641,422974752.01,002903.SZ
2026-04-23,32.2,32.78,31.3,31.73,9027406,287735591.7,002903.SZ
2026-04-24,32.02,32.2,31.2,31.25,5914763,186960552.75,002903.SZ
2026-04-27,31.19,33.25,30.68,32.92,9384458,303130723.5,002903.SZ
2026-04-28,32.92,34.25,32.73,33.31,9402273,314722285.37,002903.SZ
2026-04-29,32.67,36.64,32.67,36.64,14631678,515567863.3,002903.SZ
2026-04-30,38.6,39.5,36.9,37.37,18747742,706101773.36,002903.SZ
2026-05-06,38.69,41.11,38.3,41.11,5060887,204370138.74,002903.SZ
2026-05-07,43.72,45.22,42.81,45.22,12439816,554477239.06,002903.SZ
2026-05-08,45.93,48.22,43.89,46.34,26418253,1236328395.63,002903.SZ
