kind	rel	status	note
file	00_entry\README.md	ok	copied_file
file	00_entry\A5_新仓交接总记录__20260809.md	ok	copied_file
file	00_entry\A5_00_entry顶层整理与新仓同步说明__20260809.md	ok	copied_file
file	00_entry\全库资料整理收口__20260713\README.md	ok	copied_file
file	00_entry\全库资料整理收口__20260713\A5_直播间入口与长期保留口径__20260809.md	ok	copied_file
file	00_entry\全库资料整理收口__20260713\A5_连板天梯入口与最小使用说明__20260809.md	ok	copied_file
file	00_entry\全库资料整理收口__20260713\A5_短线缺口外补入口与P1执行说明__20260809.md	ok	copied_file
file	00_entry\全库资料整理收口__20260713\A5_P1与sector日常执行口令页__20260809.md	ok	copied_file
file	00_entry\全库资料整理收口__20260713\A5_历史遗留入口与后看边界__20260809.md	ok	copied_file
file	00_entry\全库资料整理收口__20260713\A5_私人短线工作台与最终输出形态_多家AI回收记录与主负责人裁决__20260809.md	ok	copied_file
file	00_entry\全库资料整理收口__20260713\A5_直播间长期保留_vs_片段优先正式短名单__20260809.md	ok	copied_file
file	00_entry\全库资料整理收口__20260713\A5_连板天梯盘后3分钟怎么看__极简版__20260809.md	ok	copied_file
file	00_entry\全库资料整理收口__20260713\A5_P1竞价与盘中资金跟随每日记录模板__20260809.md	ok	copied_file
file	00_entry\全库资料整理收口__20260713\A5_P1人工验证与当日快照累积执行页__20260809.md	ok	copied_file
file	00_entry\全库资料整理收口__20260713\A5_短线资金跟随缺口如何外补_多家AI回收记录与主负责人裁决__20260809.md	ok	copied_file
file	20_tools_workspace\batch_08_quicktiny_capture_tools\capture_sector_snapshot_daily_v1.py	ok	copied_file
file	20_tools_workspace\batch_08_quicktiny_capture_tools\README.md	ok	copied_file
file	20_tools_workspace\batch_08_quicktiny_capture_tools\extract_min_day_sample_v1.py	ok	copied_file
file	20_tools_workspace\batch_08_quicktiny_capture_tools\inventory_quicktiny_webview_state_v1.py	ok	copied_file
dir	02_runtime\shortline_funding_gap\batch_01_p1_manual_validation__20260809	ok	copied_dir files=5
dir	02_runtime\quicktiny_capture\sector_daily_snapshots	ok	copied_dir files=4
