GroupID	FileCount	TotalKB	SHA256	Top10Paths
1	4	127.96	B0DDBF3C2DCB0D97E3795BDEF342D0A643EAEA0C2EA5B13611A078E191927A6A	D:\Stock\trading_assistant\10_source_library_archive\batch_149_tdx_custom_terminal_external_folder_absorb__20260719\00_raw_snapshot\from_temp_staging__20260806\羽搧綸巾   经典酷黑   灵动版\company\东财分时图.html|D:\Stock\trading_assistant\10_source_library_archive\batch_149_tdx_custom_terminal_external_folder_absorb__20260719\00_raw_snapshot\from_temp_staging__20260806\羽搧綸巾   经典酷黑   灵动版\company\分时买卖单.html|D:\Stock\trading_assistant\10_source_library_archive\batch_149_tdx_custom_terminal_external_folder_absorb__20260719\00_raw_snapshot\from_temp_staging__20260806\羽搧綸巾   经典酷黑   灵动版\company\大单资金分时图.html|D:\Stock\trading_assistant\10_source_library_archive\batch_149_tdx_custom_terminal_external_folder_absorb__20260719\00_raw_snapshot\from_temp_staging__20260806\羽搧綸巾   经典酷黑   灵动版\company\底栏调用2.html
2	2	91.48	AAFAE9D43BCC7B1072E624AC7392913A193BA4D585AABEB9B6A069E21A637559	D:\Stock\trading_assistant\10_source_library_archive\batch_149_tdx_custom_terminal_external_folder_absorb__20260719\00_raw_snapshot\from_temp_staging__20260806\羽搧綸巾   经典酷黑   灵动版\HGPlugins\transaction\RES\Zyy\zyy\html\dssg.html|D:\Stock\trading_assistant\10_source_library_archive\batch_149_tdx_custom_terminal_external_folder_absorb__20260719\00_raw_snapshot\from_temp_staging__20260806\羽搧綸巾   经典酷黑   灵动版\HGPlugins\transaction\RestorePoint\zyy\html\dssg.html
3	2	31.22	2CE9440C192FAC8AB695D4F71CCFEFBBAB617B45A701980666BF46FCE71919A8	D:\Stock\trading_assistant\10_source_library_archive\batch_149_tdx_custom_terminal_external_folder_absorb__20260719\00_raw_snapshot\from_temp_staging__20260806\羽搧綸巾   经典酷黑   灵动版\HGPlugins\transaction\RES\Zyy\zyy\html\gznhg.html|D:\Stock\trading_assistant\10_source_library_archive\batch_149_tdx_custom_terminal_external_folder_absorb__20260719\00_raw_snapshot\from_temp_staging__20260806\羽搧綸巾   经典酷黑   灵动版\HGPlugins\transaction\RestorePoint\zyy\html\gznhg.html
4	2	9.94	DE1D9E964301D2317712304E868E4A09AE5070D1A7E62B7A7E9F89BF674D801D	D:\Stock\trading_assistant\10_source_library_archive\batch_149_tdx_custom_terminal_external_folder_absorb__20260719\00_raw_snapshot\from_temp_staging__20260806\羽搧綸巾   经典酷黑   灵动版\company\通达信F11.html|D:\Stock\trading_assistant\10_source_library_archive\batch_149_tdx_custom_terminal_external_folder_absorb__20260719\00_raw_snapshot\pages\通达信F11.html
5	2	20.12	6A025119B2ED39E773F0DCA1065D46733DBEC7CDF2D7FAEDFD5DD21FB385AE35	D:\Stock\trading_assistant\10_source_library_archive\batch_149_tdx_custom_terminal_external_folder_absorb__20260719\00_raw_snapshot\from_temp_staging__20260806\羽搧綸巾   经典酷黑   灵动版\company\龙头股.html|D:\Stock\trading_assistant\10_source_library_archive\batch_149_tdx_custom_terminal_external_folder_absorb__20260719\00_raw_snapshot\pages\龙头股.html
6	2	2.62	928980DA30881453E8EE8FE6E70715B41AC4833428CFFF800DD3A06EE14A7827	D:\Stock\trading_assistant\10_source_library_archive\batch_149_tdx_custom_terminal_external_folder_absorb__20260719\00_raw_snapshot\from_temp_staging__20260806\羽搧綸巾   经典酷黑   灵动版\HGPlugins\transaction\RES\Zyy\zyy\comm\calendar\My97DatePicker.htm|D:\Stock\trading_assistant\10_source_library_archive\batch_149_tdx_custom_terminal_external_folder_absorb__20260719\00_raw_snapshot\from_temp_staging__20260806\羽搧綸巾   经典酷黑   灵动版\HGPlugins\transaction\RestorePoint\zyy\comm\calendar\My97DatePicker.htm
7	2	3.7	DCDBB52CDFA7D35437AE180EA45CA7AE092F1372AB67234FD7E2FEAC04C391C0	D:\Stock\trading_assistant\10_source_library_archive\batch_149_tdx_custom_terminal_external_folder_absorb__20260719\00_raw_snapshot\from_temp_staging__20260806\羽搧綸巾   经典酷黑   灵动版\webs\cfg\twap.html|D:\Stock\trading_assistant\10_source_library_archive\batch_149_tdx_custom_terminal_external_folder_absorb__20260719\00_raw_snapshot\from_temp_staging__20260806\羽搧綸巾   经典酷黑   灵动版\webs\cfg\twap_mc.html
8	2	3.7	6F83725EF0CA4B59F047C2C096A4C7B57598911C1FBB0EDB8130BE5ABD5CB1ED	D:\Stock\trading_assistant\10_source_library_archive\batch_149_tdx_custom_terminal_external_folder_absorb__20260719\00_raw_snapshot\from_temp_staging__20260806\羽搧綸巾   经典酷黑   灵动版\webs\cfg\vwap.html|D:\Stock\trading_assistant\10_source_library_archive\batch_149_tdx_custom_terminal_external_folder_absorb__20260719\00_raw_snapshot\from_temp_staging__20260806\羽搧綸巾   经典酷黑   灵动版\webs\cfg\vwap_mc.html
9	2	3.8	8104B69A73272436A3EB6E55995F89CF3EA26571FBC5BD387FA617B77E18C3F5	D:\Stock\trading_assistant\10_source_library_archive\batch_149_tdx_custom_terminal_external_folder_absorb__20260719\00_raw_snapshot\from_temp_staging__20260806\羽搧綸巾   经典酷黑   灵动版\webs\cfg\bsmm.html|D:\Stock\trading_assistant\10_source_library_archive\batch_149_tdx_custom_terminal_external_folder_absorb__20260719\00_raw_snapshot\from_temp_staging__20260806\羽搧綸巾   经典酷黑   灵动版\webs\cfg\bsmr.html
10	2	175.08	EE154D7657E86C5A8880E3B91EBD850F62E335ADC333B4E9068F7BADE10BF088	D:\Stock\trading_assistant\10_source_library_archive\batch_149_tdx_custom_terminal_external_folder_absorb__20260719\00_raw_snapshot\from_temp_staging__20260806\羽搧綸巾   经典酷黑   灵动版\HGPlugins\transaction\RES\Zyy\zyy\html\xgsg.html|D:\Stock\trading_assistant\10_source_library_archive\batch_149_tdx_custom_terminal_external_folder_absorb__20260719\00_raw_snapshot\from_temp_staging__20260806\羽搧綸巾   经典酷黑   灵动版\HGPlugins\transaction\RestorePoint\zyy\html\xgsg.html
11	2	35.68	A4829ED222A848EF329D0AC5EC7C79CB8F78C924A98BB055292E6458798F17DD	D:\Stock\trading_assistant\10_source_library_archive\batch_149_tdx_custom_terminal_external_folder_absorb__20260719\00_raw_snapshot\from_temp_staging__20260806\羽搧綸巾   经典酷黑   灵动版\HGPlugins\transaction\RES\Zyy\zyy\html\xgzq.html|D:\Stock\trading_assistant\10_source_library_archive\batch_149_tdx_custom_terminal_external_folder_absorb__20260719\00_raw_snapshot\from_temp_staging__20260806\羽搧綸巾   经典酷黑   灵动版\HGPlugins\transaction\RestorePoint\zyy\html\xgzq.html
12	2	50.02	89B875C782A0ED81ABD4ACD0292072D4DD02EA41A06EC19BA906BEC01FB2E07E	D:\Stock\trading_assistant\10_source_library_archive\batch_149_tdx_custom_terminal_external_folder_absorb__20260719\00_raw_snapshot\from_temp_staging__20260806\羽搧綸巾   经典酷黑   灵动版\company\东财K线+资金图.html|D:\Stock\trading_assistant\10_source_library_archive\batch_149_tdx_custom_terminal_external_folder_absorb__20260719\00_raw_snapshot\pages\东财K线+资金图.html
13	2	34.48	5BD896571F7557CA80B532E01BC8970C0C67290E47F7461F3691CD85B7FE6CCE	D:\Stock\trading_assistant\10_source_library_archive\batch_149_tdx_custom_terminal_external_folder_absorb__20260719\00_raw_snapshot\from_temp_staging__20260806\羽搧綸巾   经典酷黑   灵动版\company\复盘.html|D:\Stock\trading_assistant\10_source_library_archive\batch_149_tdx_custom_terminal_external_folder_absorb__20260719\00_raw_snapshot\pages\复盘.html
14	2	29.72	FBC5190C11DA983D6BBA017CC9E54FF1CB88A171EB947B169AED98E54550ED61	D:\Stock\trading_assistant\10_source_library_archive\batch_149_tdx_custom_terminal_external_folder_absorb__20260719\00_raw_snapshot\from_temp_staging__20260806\羽搧綸巾   经典酷黑   灵动版\company\Page.html|D:\Stock\trading_assistant\10_source_library_archive\batch_149_tdx_custom_terminal_external_folder_absorb__20260719\00_raw_snapshot\pages\Page.html
15	2	18.22	6FF843BCE48271DE23FD7B5896C73E3F52C740E6FF7B3F6A8301661A2B200E92	D:\Stock\trading_assistant\10_source_library_archive\batch_149_tdx_custom_terminal_external_folder_absorb__20260719\00_raw_snapshot\from_temp_staging__20260806\羽搧綸巾   经典酷黑   灵动版\company\index.html|D:\Stock\trading_assistant\10_source_library_archive\batch_149_tdx_custom_terminal_external_folder_absorb__20260719\00_raw_snapshot\pages\index.html
16	2	45.18	AA81A089A3B97935375B533C48985BCC7619F02B6368008D3EF8388A4FF31690	D:\Stock\trading_assistant\10_source_library_archive\batch_149_tdx_custom_terminal_external_folder_absorb__20260719\00_raw_snapshot\from_temp_staging__20260806\羽搧綸巾   经典酷黑   灵动版\company\kpl-K线图.html|D:\Stock\trading_assistant\10_source_library_archive\batch_149_tdx_custom_terminal_external_folder_absorb__20260719\00_raw_snapshot\pages\kpl-K线图.html
17	2	24.9	363261C5272A79B22C1935BDBDBCBF19708BFEF327171F503B61FC3F03618B03	D:\Stock\trading_assistant\10_source_library_archive\batch_149_tdx_custom_terminal_external_folder_absorb__20260719\00_raw_snapshot\from_temp_staging__20260806\羽搧綸巾   经典酷黑   灵动版\company\直播.html|D:\Stock\trading_assistant\10_source_library_archive\batch_149_tdx_custom_terminal_external_folder_absorb__20260719\00_raw_snapshot\pages\直播.html
18	2	21.82	B762D81BFB28EEFAF4299FB225791508A5C23E1392204695A3459813E481D008	D:\Stock\trading_assistant\10_source_library_archive\batch_149_tdx_custom_terminal_external_folder_absorb__20260719\00_raw_snapshot\from_temp_staging__20260806\羽搧綸巾   经典酷黑   灵动版\company\选股宝直播.html|D:\Stock\trading_assistant\10_source_library_archive\batch_149_tdx_custom_terminal_external_folder_absorb__20260719\00_raw_snapshot\pages\选股宝直播.html
19	2	2.6	4FE0DFC7F1033189EBEDAD19BBC74DE7EA5A6688D549CB3179AA44B75681C6C4	D:\Stock\trading_assistant\10_source_library_archive\batch_149_tdx_custom_terminal_external_folder_absorb__20260719\00_raw_snapshot\from_temp_staging__20260806\羽搧綸巾   经典酷黑   灵动版\company\热点提醒.html|D:\Stock\trading_assistant\10_source_library_archive\batch_149_tdx_custom_terminal_external_folder_absorb__20260719\00_raw_snapshot\pages\热点提醒.html
20	2	55.58	1810E36ED9F094290B2F66A63A4BABC475A167EB7449F71EE386FA26972C2698	D:\Stock\trading_assistant\10_source_library_archive\batch_149_tdx_custom_terminal_external_folder_absorb__20260719\00_raw_snapshot\from_temp_staging__20260806\羽搧綸巾   经典酷黑   灵动版\company\市场情绪.html|D:\Stock\trading_assistant\10_source_library_archive\batch_149_tdx_custom_terminal_external_folder_absorb__20260719\00_raw_snapshot\pages\市场情绪.html
21	2	9.78	CA7794FD29C67F20E8290F7AE163C030522DF2173AFAA204031BA831031F87C0	D:\Stock\trading_assistant\10_source_library_archive\batch_149_tdx_custom_terminal_external_folder_absorb__20260719\00_raw_snapshot\from_temp_staging__20260806\羽搧綸巾   经典酷黑   灵动版\company\涨停龙虎.html|D:\Stock\trading_assistant\10_source_library_archive\batch_149_tdx_custom_terminal_external_folder_absorb__20260719\00_raw_snapshot\pages\涨停龙虎.html
