src_rel_path	dst_rel_path	sha256	note
00_raw_snapshot/B_EXP_20260707_223225_REPORT.json	04_runtime/promoted_from_raw_snapshot/B_EXP_20260707_223225_REPORT.json	bed474e1a39eb1fb4660b024efbbde8a06b3f478cb3fa9b8c2341855938c6a4f	promoted_copy
00_raw_snapshot/dashboard_preview.html	04_runtime/promoted_from_raw_snapshot/dashboard_preview.html	58e7e6acd6ac642227b84e14223add2708d881e24edf41959852c11c122dee42	promoted_copy
00_raw_snapshot/data_pipeline.py	04_runtime/promoted_from_raw_snapshot/data_pipeline.py	3c211b34959567778caef603624a25f09e4d1bf7ae962603a22568cbbecea04f	promoted_copy
00_raw_snapshot/governance_architecture.py	04_runtime/promoted_from_raw_snapshot/governance_architecture.py	e83f5b232523d3564ddfd345ffc02ac9f64cf59ae208069866ee8de7aaa9f6ee	promoted_copy
00_raw_snapshot/object_card_atratio.py	04_runtime/promoted_from_raw_snapshot/object_card_atratio.py	37a6fcd59ee6e769ca03538fcf3cecda4ccb4e8ec999bb172f7307bbe0582bf0	promoted_copy
00_raw_snapshot/object_card_bpb.py	04_runtime/promoted_from_raw_snapshot/object_card_bpb.py	d5eb097718e902a585ff231adb25f7589454a14de6c3ba7dfa9ffa78fdaa2b4c	promoted_copy
00_raw_snapshot/object_card_chzl_bsd.py	04_runtime/promoted_from_raw_snapshot/object_card_chzl_bsd.py	ca5e285d56da106e5d9aab4773082d02e3391d5568c68d49ac8422e71de85504	promoted_copy
00_raw_snapshot/object_card_instb.py	04_runtime/promoted_from_raw_snapshot/object_card_instb.py	86aa1de337011fcf153089b7a5161e8dfbc78d22415924cb1f57aa1bbac29e7f	promoted_copy
00_raw_snapshot/object_card_kelly.py	04_runtime/promoted_from_raw_snapshot/object_card_kelly.py	c79df3f8c3f15ff578be7b4256115cf7efba6f32b68e910feda3e1ff99e43413	promoted_copy
00_raw_snapshot/object_card_mflow.py	04_runtime/promoted_from_raw_snapshot/object_card_mflow.py	5c45d331719da1aa345df038947de8f680ae0d98b953d6077d2f026e2333dcb8	promoted_copy
00_raw_snapshot/object_card_period_queen.py	04_runtime/promoted_from_raw_snapshot/object_card_period_queen.py	d4deff4aa20c009faae92e36aff0e441d11d5a2bbee2ebfceb3f35bb2cdbdba0	promoted_copy
00_raw_snapshot/object_card_registry.py	04_runtime/promoted_from_raw_snapshot/object_card_registry.py	299835aaf7adefcc502b2b6b26b77170df0803fee1235a1e57dcc6422fbf13b6	promoted_copy
00_raw_snapshot/object_card_tkr7.py	04_runtime/promoted_from_raw_snapshot/object_card_tkr7.py	584b4c58125952b4dba32394835aabd096512d78645b6f1461a28744d7957246	promoted_copy
00_raw_snapshot/object_card_volfac.py	04_runtime/promoted_from_raw_snapshot/object_card_volfac.py	a19e8e874924a479b4340371faac6e3dade3adb16fe0d391b03460b08df506bb	promoted_copy
00_raw_snapshot/object_card_voltarget.py	04_runtime/promoted_from_raw_snapshot/object_card_voltarget.py	efaf1b70246ef510ba7eedd79080c17bb449d69671ac8eb94e4425fd87255326	promoted_copy
00_raw_snapshot/object_card_vp.py	04_runtime/promoted_from_raw_snapshot/object_card_vp.py	be3760cde326420deb2ac5e29c580f270baf38374a095989f1f9a6c9e743a520	promoted_copy
00_raw_snapshot/object_card_ytc.py	04_runtime/promoted_from_raw_snapshot/object_card_ytc.py	d7118328ca8e5fa1fc09e918a3f41192ce3afb1ff8fce5ba3de5ca7272cee8d7	promoted_copy
00_raw_snapshot/prototype_console.py	04_runtime/promoted_from_raw_snapshot/prototype_console.py	2d15d228625a37d077af1d665149745e965ef1db2804f5247184d711a4302743	promoted_copy
00_raw_snapshot/prototype_console_v2.py	04_runtime/promoted_from_raw_snapshot/prototype_console_v2.py	548757437cb19f0cdef6bad330f4ad51ba6cad67b7f4c0f0206b9c0889e68ad4	promoted_copy
00_raw_snapshot/rkx_analysis.py	04_runtime/promoted_from_raw_snapshot/rkx_analysis.py	e4644b500d1520618f02d46fa5a48d93e0d1bfa3f95f34489a04511544f018f5	promoted_copy
00_raw_snapshot/rkx_analysis_20260707.json	04_runtime/promoted_from_raw_snapshot/rkx_analysis_20260707.json	c83a3aac852289dd5a9b098a473a4aad789dcbfe6373771a2c10c9ff02c66a27	promoted_copy
00_raw_snapshot/rkx_price.csv	04_runtime/promoted_from_raw_snapshot/rkx_price.csv	82e198ee5379788c2927ab10d97a28e8b90eb306bbe091c001264fd76e525fd9	promoted_copy
00_raw_snapshot/yansk_analysis_20260707.json	04_runtime/promoted_from_raw_snapshot/yansk_analysis_20260707.json	b8a7141e482ed76f64f3f8ca12df5a770e8ce211edecd8852c3b8f3b20a14657	promoted_copy
00_raw_snapshot/yansk_price.csv	04_runtime/promoted_from_raw_snapshot/yansk_price.csv	e587eafb0b0d7c8fee927f4968be40e308484588ff77f9f8862abd0cb0e6eb5b	promoted_copy
