symbol,timeframe,bar_time,open,high,low,close
AAPL.NAS,H4,2025-01-02T16:00:00Z,246.41,247.8,242.3,242.97
AAPL.NAS,H4,2025-01-02T20:00:00Z,242.98,243.75,241.81,243.45
AAPL.NAS,H4,2025-01-03T16:00:00Z,242.47,244.15,241.89,242.49
AAPL.NAS,H4,2025-01-03T20:00:00Z,242.49,243.43,242.27,242.88
AAPL.NAS,H4,2025-01-06T16:00:00Z,245.87,247.32,244.17,244.96
AAPL.NAS,H4,2025-01-06T20:00:00Z,244.96,245.33,244.41,245.28
AAPL.NAS,H4,2025-01-07T16:00:00Z,243.94,245.52,241.35,242.24
AAPL.NAS,H4,2025-01-07T20:00:00Z,242.28,243.39,241.52,242.02
AAPL.NAS,H4,2025-01-08T16:00:00Z,241.23,243.69,240.07,241.39
AAPL.NAS,H4,2025-01-08T20:00:00Z,241.38,242.97,241.02,242.36
AAPL.NAS,H4,2025-01-10T16:00:00Z,238.37,239.29,233.0,235.7
AAPL.NAS,H4,2025-01-10T20:00:00Z,235.7,237.58,235.63,236.94
AAPL.NAS,H4,2025-01-13T16:00:00Z,231.25,233.22,229.73,233.15
AAPL.NAS,H4,2025-01-13T20:00:00Z,233.13,234.38,232.82,234.38
AAPL.NAS,H4,2025-01-14T16:00:00Z,235.89,236.07,232.64,233.02
AAPL.NAS,H4,2025-01-14T20:00:00Z,233.02,234.91,232.47,233.28
AAPL.NAS,H4,2025-01-15T16:00:00Z,236.78,238.53,236.5,237.18
AAPL.NAS,H4,2025-01-15T20:00:00Z,237.2,238.07,236.97,237.66
AAPL.NAS,H4,2025-01-16T16:00:00Z,236.21,236.96,229.75,230.47
AAPL.NAS,H4,2025-01-16T20:00:00Z,230.46,230.67,228.02,228.22
AAPL.NAS,H4,2025-01-17T16:00:00Z,231.13,231.6,229.49,230.14
AAPL.NAS,H4,2025-01-17T20:00:00Z,230.15,230.34,228.47,229.7
AAPL.NAS,H4,2025-01-21T16:00:00Z,222.26,222.7,219.37,220.24
AAPL.NAS,H4,2025-01-21T20:00:00Z,220.22,222.44,220.0,222.44
AAPL.NAS,H4,2025-01-22T16:00:00Z,222.58,223.35,221.06,222.72
AAPL.NAS,H4,2025-01-22T20:00:00Z,222.71,223.9,221.91,223.81
AAPL.NAS,H4,2025-01-23T16:00:00Z,225.24,227.0,223.18,223.69
AAPL.NAS,H4,2025-01-23T20:00:00Z,223.69,223.77,222.3,222.84
AAPL.NAS,H4,2025-01-24T16:00:00Z,224.51,225.4,221.95,222.39
AAPL.NAS,H4,2025-01-24T20:00:00Z,222.39,222.92,221.42,222.82
AAPL.NAS,H4,2025-01-27T16:00:00Z,226.47,230.47,224.81,230.13
AAPL.NAS,H4,2025-01-27T20:00:00Z,230.15,232.12,228.47,229.61
AAPL.NAS,H4,2025-01-28T16:00:00Z,234.23,240.16,232.74,238.71
AAPL.NAS,H4,2025-01-28T20:00:00Z,238.72,239.47,237.75,238.24
AAPL.NAS,H4,2025-01-29T16:00:00Z,234.93,237.98,234.93,236.03
AAPL.NAS,H4,2025-01-29T20:00:00Z,236.02,239.6,235.45,239.48
AAPL.NAS,H4,2025-01-30T16:00:00Z,239.89,240.34,237.2,238.38
AAPL.NAS,H4,2025-01-30T20:00:00Z,238.38,240.03,237.73,238.42
AAPL.NAS,H4,2025-01-31T16:00:00Z,245.26,245.71,238.3,238.3
AAPL.NAS,H4,2025-01-31T20:00:00Z,238.33,238.53,233.45,235.88
AAPL.NAS,H4,2025-02-03T16:00:00Z,230.08,231.81,225.7,226.81
AAPL.NAS,H4,2025-02-03T20:00:00Z,226.81,229.19,226.21,228.6
AAPL.NAS,H4,2025-02-04T16:00:00Z,226.88,232.78,226.88,232.24
AAPL.NAS,H4,2025-02-04T20:00:00Z,232.25,232.93,231.37,232.83
AAPL.NAS,H4,2025-02-05T16:00:00Z,229.19,231.26,228.41,230.04
AAPL.NAS,H4,2025-02-05T20:00:00Z,230.04,232.12,229.63,231.89
AAPL.NAS,H4,2025-02-06T16:00:00Z,231.12,233.77,230.42,231.75
AAPL.NAS,H4,2025-02-06T20:00:00Z,231.77,233.11,231.74,233.1
AAPL.NAS,H4,2025-02-07T16:00:00Z,233.39,233.97,228.19,228.71
AAPL.NAS,H4,2025-02-07T20:00:00Z,228.7,229.5,227.3,227.82
AAPL.NAS,H4,2025-02-10T16:00:00Z,229.85,230.59,228.24,228.67
AAPL.NAS,H4,2025-02-10T20:00:00Z,228.68,229.04,227.2,227.65
AAPL.NAS,H4,2025-02-11T16:00:00Z,231.17,235.22,229.35,234.22
AAPL.NAS,H4,2025-02-11T20:00:00Z,234.23,234.41,232.61,232.67
AAPL.NAS,H4,2025-02-12T16:00:00Z,231.2,235.69,231.18,235.66
AAPL.NAS,H4,2025-02-12T20:00:00Z,235.64,236.75,235.08,236.72
AAPL.NAS,H4,2025-02-13T16:00:00Z,238.36,241.57,235.59,240.69
AAPL.NAS,H4,2025-02-13T20:00:00Z,240.69,242.35,240.29,241.33
AAPL.NAS,H4,2025-02-14T16:00:00Z,242.68,245.05,242.31,243.91
AAPL.NAS,H4,2025-02-14T20:00:00Z,243.93,245.33,243.82,245.01
AAPL.NAS,H4,2025-02-18T16:00:00Z,243.74,245.16,242.92,243.98
AAPL.NAS,H4,2025-02-18T20:00:00Z,243.94,244.16,241.86,244.03
AAPL.NAS,H4,2025-02-19T16:00:00Z,244.49,245.64,243.18,244.72
AAPL.NAS,H4,2025-02-19T20:00:00Z,244.68,245.17,244.23,244.72
AAPL.NAS,H4,2025-02-20T16:00:00Z,245.72,246.69,244.31,245.37
AAPL.NAS,H4,2025-02-20T20:00:00Z,245.35,245.97,244.87,245.88
AAPL.NAS,H4,2025-02-21T16:00:00Z,246.24,248.68,245.21,248.39
AAPL.NAS,H4,2025-02-21T20:00:00Z,248.41,248.45,245.35,245.8
AAPL.NAS,H4,2025-02-24T16:00:00Z,246.05,248.83,244.84,247.27
AAPL.NAS,H4,2025-02-24T20:00:00Z,247.26,248.78,247.1,247.24
AAPL.NAS,H4,2025-02-25T16:00:00Z,247.94,249.92,244.91,248.19
AAPL.NAS,H4,2025-02-25T20:00:00Z,248.17,248.84,246.05,246.53
AAPL.NAS,H4,2025-02-26T16:00:00Z,243.42,244.59,241.39,241.55
AAPL.NAS,H4,2025-02-26T20:00:00Z,241.52,241.74,239.14,240.45
AAPL.NAS,H4,2025-02-27T16:00:00Z,241.6,242.48,238.39,240.79
AAPL.NAS,H4,2025-02-27T20:00:00Z,240.78,242.19,237.25,237.32
AAPL.NAS,H4,2025-02-28T16:00:00Z,235.57,237.92,235.44,237.36
AAPL.NAS,H4,2025-02-28T20:00:00Z,237.36,241.06,236.24,241.02
AAPL.NAS,H4,2025-03-03T16:00:00Z,243.17,244.01,239.81,242.3
AAPL.NAS,H4,2025-03-03T20:00:00Z,242.29,242.34,236.11,238.02
AAPL.NAS,H4,2025-03-04T16:00:00Z,237.74,240.05,236.26,236.6
AAPL.NAS,H4,2025-03-04T20:00:00Z,236.61,239.24,234.71,235.82
AAPL.NAS,H4,2025-03-05T16:00:00Z,235.13,235.4,229.24,234.94
AAPL.NAS,H4,2025-03-05T20:00:00Z,234.93,236.5,234.04,236.02
AAPL.NAS,H4,2025-03-06T16:00:00Z,234.2,237.84,233.77,235.03
AAPL.NAS,H4,2025-03-06T20:00:00Z,235.01,235.96,233.31,235.63
AAPL.NAS,H4,2025-03-07T16:00:00Z,236.08,240.8,236.05,240.03
AAPL.NAS,H4,2025-03-07T20:00:00Z,240.02,241.34,237.94,239.26
AAPL.NAS,H4,2025-03-10T16:00:00Z,232.25,232.89,224.23,225.53
AAPL.NAS,H4,2025-03-10T20:00:00Z,225.54,228.6,224.34,227.47
AAPL.NAS,H4,2025-03-11T16:00:00Z,224.4,225.83,218.5,218.99
AAPL.NAS,H4,2025-03-11T20:00:00Z,218.97,223.26,217.46,221.83
AAPL.NAS,H4,2025-03-12T16:00:00Z,220.39,221.72,214.92,217.23
AAPL.NAS,H4,2025-03-12T20:00:00Z,217.25,218.23,215.1,216.76
AAPL.NAS,H4,2025-03-13T16:00:00Z,214.84,216.77,211.14,211.49
AAPL.NAS,H4,2025-03-13T20:00:00Z,211.5,212.45,208.43,209.12
AAPL.NAS,H4,2025-03-14T16:00:00Z,213.4,213.93,209.6,212.88
AAPL.NAS,H4,2025-03-14T20:00:00Z,212.87,213.78,210.78,213.57
AAPL.NAS,H4,2025-03-17T16:00:00Z,213.41,214.96,210.01,211.56
AAPL.NAS,H4,2025-03-17T20:00:00Z,211.53,215.21,211.09,214.48
AAPL.NAS,H4,2025-03-18T16:00:00Z,214.06,215.13,211.59,212.19
AAPL.NAS,H4,2025-03-18T20:00:00Z,212.2,213.13,211.54,212.67
AAPL.NAS,H4,2025-03-19T16:00:00Z,215.0,218.75,214.46,214.97
AAPL.NAS,H4,2025-03-19T20:00:00Z,214.96,217.07,213.77,215.02
AAPL.NAS,H4,2025-03-20T16:00:00Z,214.15,217.47,213.02,213.54
AAPL.NAS,H4,2025-03-20T20:00:00Z,213.5,214.12,212.23,213.73
AAPL.NAS,H4,2025-03-21T16:00:00Z,212.62,215.48,212.04,215.43
AAPL.NAS,H4,2025-03-21T20:00:00Z,215.4,217.73,214.28,217.29
AAPL.NAS,H4,2025-03-24T16:00:00Z,218.82,220.71,218.66,219.3
AAPL.NAS,H4,2025-03-24T20:00:00Z,219.29,220.79,218.9,220.72
AAPL.NAS,H4,2025-03-25T16:00:00Z,220.23,223.88,220.08,223.07
AAPL.NAS,H4,2025-03-25T20:00:00Z,223.1,224.09,222.6,223.65
AAPL.NAS,H4,2025-03-26T16:00:00Z,224.03,224.99,222.14,222.8
AAPL.NAS,H4,2025-03-26T20:00:00Z,222.81,222.9,220.47,221.68
AAPL.NAS,H4,2025-03-27T16:00:00Z,221.26,223.97,220.55,222.9
AAPL.NAS,H4,2025-03-27T20:00:00Z,222.89,224.99,222.73,224.05
AAPL.NAS,H4,2025-03-28T16:00:00Z,221.77,223.8,218.34,218.6
AAPL.NAS,H4,2025-03-28T20:00:00Z,218.58,219.31,218.02,218.68
AAPL.NAS,H4,2025-03-31T16:00:00Z,217.17,221.03,216.27,220.1
AAPL.NAS,H4,2025-03-31T20:00:00Z,220.1,224.1,219.26,222.79
AAPL.NAS,H4,2025-04-01T16:00:00Z,219.92,223.43,219.65,222.77
AAPL.NAS,H4,2025-04-01T20:00:00Z,222.77,223.18,221.15,223.18
AAPL.NAS,H4,2025-04-02T16:00:00Z,221.9,224.96,221.78,224.71
AAPL.NAS,H4,2025-04-02T20:00:00Z,224.68,225.17,222.88,223.98
AAPL.NAS,H4,2025-04-03T16:00:00Z,206.9,206.99,202.53,204.81
AAPL.NAS,H4,2025-04-03T20:00:00Z,204.84,205.37,201.26,202.87
AAPL.NAS,H4,2025-04-04T16:00:00Z,196.8,199.84,191.07,192.94
AAPL.NAS,H4,2025-04-04T20:00:00Z,192.92,193.48,187.33,188.98
AAPL.NAS,H4,2025-04-07T16:00:00Z,176.53,194.09,174.9,177.61
AAPL.NAS,H4,2025-04-07T20:00:00Z,177.59,183.84,177.12,180.88
AAPL.NAS,H4,2025-04-08T16:00:00Z,186.24,190.33,178.98,179.12
AAPL.NAS,H4,2025-04-08T20:00:00Z,179.15,179.52,169.21,172.67
AAPL.NAS,H4,2025-04-09T16:00:00Z,174.78,181.36,174.52,181.07
AAPL.NAS,H4,2025-04-09T20:00:00Z,181.08,200.57,179.34,199.4
AAPL.NAS,H4,2025-04-10T16:00:00Z,192.18,194.72,183.0,187.55
AAPL.NAS,H4,2025-04-10T20:00:00Z,187.5,192.6,184.68,191.7
AAPL.NAS,H4,2025-04-11T16:00:00Z,188.18,199.32,188.13,198.48
AAPL.NAS,H4,2025-04-11T20:00:00Z,198.5,199.52,196.06,198.82
AAPL.NAS,H4,2025-04-14T16:00:00Z,208.72,209.4,201.2,202.18
AAPL.NAS,H4,2025-04-14T20:00:00Z,202.15,206.65,202.1,203.41
AAPL.NAS,H4,2025-04-15T16:00:00Z,202.48,203.51,199.86,201.48
AAPL.NAS,H4,2025-04-15T20:00:00Z,201.51,203.3,201.11,202.58
AAPL.NAS,H4,2025-04-16T16:00:00Z,199.25,199.79,196.21,197.22
AAPL.NAS,H4,2025-04-16T20:00:00Z,197.15,197.91,192.37,194.69
AAPL.NAS,H4,2025-04-17T16:00:00Z,195.14,198.53,194.42,198.15
AAPL.NAS,H4,2025-04-17T20:00:00Z,198.15,198.81,195.91,196.94
AAPL.NAS,H4,2025-04-21T16:00:00Z,193.47,193.71,189.83,190.77
AAPL.NAS,H4,2025-04-21T20:00:00Z,190.76,192.68,190.14,192.64
AAPL.NAS,H4,2025-04-22T16:00:00Z,196.83,201.59,196.15,200.59
AAPL.NAS,H4,2025-04-22T20:00:00Z,200.6,200.97,198.02,199.36
AAPL.NAS,H4,2025-04-23T16:00:00Z,205.66,207.94,202.8,204.78
AAPL.NAS,H4,2025-04-23T20:00:00Z,204.78,205.62,203.63,205.45
AAPL.NAS,H4,2025-04-24T16:00:00Z,204.42,206.72,202.95,206.51
AAPL.NAS,H4,2025-04-24T20:00:00Z,206.53,208.81,206.07,208.64
AAPL.NAS,H4,2025-04-25T16:00:00Z,207.55,209.19,206.53,208.66
AAPL.NAS,H4,2025-04-25T20:00:00Z,208.66,209.4,207.45,209.11
AAPL.NAS,H4,2025-04-28T16:00:00Z,209.63,211.47,207.46,208.44
AAPL.NAS,H4,2025-04-28T20:00:00Z,208.43,211.49,207.91,211.18
AAPL.NAS,H4,2025-04-29T16:00:00Z,209.22,212.12,209.06,209.73
AAPL.NAS,H4,2025-04-29T20:00:00Z,209.73,211.97,209.53,211.57
AAPL.NAS,H4,2025-04-30T16:00:00Z,208.98,211.36,206.69,210.91
AAPL.NAS,H4,2025-04-30T20:00:00Z,210.9,212.99,209.83,212.48
AAPL.NAS,H4,2025-05-01T16:00:00Z,210.88,214.06,209.72,212.12
AAPL.NAS,H4,2025-05-01T20:00:00Z,212.1,214.47,212.05,213.54
AAPL.NAS,H4,2025-05-02T16:00:00Z,203.2,206.99,202.24,204.94
AAPL.NAS,H4,2025-05-02T20:00:00Z,204.93,205.81,203.67,205.02
AAPL.NAS,H4,2025-05-05T16:00:00Z,202.89,203.05,198.22,199.9
AAPL.NAS,H4,2025-05-05T20:00:00Z,199.9,201.16,198.53,198.69
AAPL.NAS,H4,2025-05-06T16:00:00Z,199.48,200.62,197.35,199.5
AAPL.NAS,H4,2025-05-06T20:00:00Z,199.53,200.15,198.7,199.12
AAPL.NAS,H4,2025-05-07T16:00:00Z,198.5,199.42,193.26,195.61
AAPL.NAS,H4,2025-05-07T20:00:00Z,195.6,197.46,193.3,195.78
AAPL.NAS,H4,2025-05-08T16:00:00Z,197.04,200.03,194.68,199.71
AAPL.NAS,H4,2025-05-08T20:00:00Z,199.7,199.84,197.35,197.52
AAPL.NAS,H4,2025-05-09T16:00:00Z,200.14,200.35,197.55,197.96
AAPL.NAS,H4,2025-05-09T20:00:00Z,197.95,199.42,197.61,198.72
AAPL.NAS,H4,2025-05-12T16:00:00Z,208.85,210.21,206.78,209.22
AAPL.NAS,H4,2025-05-12T20:00:00Z,209.23,211.14,209.21,210.35
AAPL.NAS,H4,2025-05-13T16:00:00Z,211.22,211.86,209.21,211.48
AAPL.NAS,H4,2025-05-13T20:00:00Z,211.49,213.38,211.38,213.16
AAPL.NAS,H4,2025-05-14T16:00:00Z,212.76,213.93,211.9,212.01
AAPL.NAS,H4,2025-05-14T20:00:00Z,212.02,212.46,210.6,212.19
AAPL.NAS,H4,2025-05-15T16:00:00Z,211.69,212.96,209.55,212.03
AAPL.NAS,H4,2025-05-15T20:00:00Z,212.04,212.27,210.16,210.74
AAPL.NAS,H4,2025-05-16T16:00:00Z,211.82,212.33,209.78,210.92
AAPL.NAS,H4,2025-05-16T20:00:00Z,210.9,211.93,210.73,211.25
AAPL.NAS,H4,2025-05-19T16:00:00Z,205.74,208.7,204.26,208.58
AAPL.NAS,H4,2025-05-19T20:00:00Z,208.56,209.47,207.78,208.57
AAPL.NAS,H4,2025-05-20T16:00:00Z,206.64,208.48,206.47,207.61
AAPL.NAS,H4,2025-05-20T20:00:00Z,207.62,207.7,205.03,206.58
AAPL.NAS,H4,2025-05-21T16:00:00Z,204.32,207.04,204.21,205.16
AAPL.NAS,H4,2025-05-21T20:00:00Z,205.18,205.26,200.73,201.77
AAPL.NAS,H4,2025-05-22T16:00:00Z,199.9,202.41,199.82,201.64
AAPL.NAS,H4,2025-05-22T20:00:00Z,201.62,202.66,201.16,201.69
AAPL.NAS,H4,2025-05-23T16:00:00Z,196.46,197.68,195.34,196.1
AAPL.NAS,H4,2025-05-23T20:00:00Z,196.08,196.68,195.04,195.33
AAPL.NAS,H4,2025-05-27T16:00:00Z,197.98,200.65,197.43,200.04
AAPL.NAS,H4,2025-05-27T20:00:00Z,200.05,200.73,199.68,200.16
AAPL.NAS,H4,2025-05-28T16:00:00Z,202.37,202.51,199.9,201.09
AAPL.NAS,H4,2025-05-28T20:00:00Z,201.07,201.52,200.32,200.46
AAPL.NAS,H4,2025-05-29T16:00:00Z,203.17,203.24,198.54,200.12
AAPL.NAS,H4,2025-05-29T20:00:00Z,200.09,200.42,198.58,199.87
AAPL.NAS,H4,2025-05-30T16:00:00Z,198.97,199.49,196.78,197.34
AAPL.NAS,H4,2025-05-30T20:00:00Z,197.32,200.87,197.18,200.76
AAPL.NAS,H4,2025-06-02T16:00:00Z,201.72,201.98,200.12,200.89
AAPL.NAS,H4,2025-06-02T20:00:00Z,200.91,201.77,200.58,201.43
AAPL.NAS,H4,2025-06-03T16:00:00Z,201.08,203.75,200.98,203.15
AAPL.NAS,H4,2025-06-03T20:00:00Z,203.15,203.76,202.52,203.33
AAPL.NAS,H4,2025-06-04T16:00:00Z,203.06,206.21,202.22,203.22
AAPL.NAS,H4,2025-06-04T20:00:00Z,203.23,203.6,202.77,202.96
AAPL.NAS,H4,2025-06-05T16:00:00Z,203.3,204.73,201.34,201.83
AAPL.NAS,H4,2025-06-05T20:00:00Z,201.83,202.89,200.15,200.34
AAPL.NAS,H4,2025-06-06T16:00:00Z,205.04,205.27,202.07,202.71
AAPL.NAS,H4,2025-06-06T20:00:00Z,202.69,205.46,202.62,204.64
AAPL.NAS,H4,2025-06-09T16:00:00Z,204.81,205.99,203.74,204.7
AAPL.NAS,H4,2025-06-09T20:00:00Z,204.72,205.29,200.04,201.85
AAPL.NAS,H4,2025-06-10T16:00:00Z,202.11,204.32,201.39,202.61
AAPL.NAS,H4,2025-06-10T20:00:00Z,202.6,203.24,201.32,202.5
AAPL.NAS,H4,2025-06-11T16:00:00Z,203.97,204.47,199.65,200.66
AAPL.NAS,H4,2025-06-11T20:00:00Z,200.65,201.24,198.46,198.55
AAPL.NAS,H4,2025-06-12T16:00:00Z,198.05,198.97,197.38,198.56
AAPL.NAS,H4,2025-06-12T20:00:00Z,198.57,199.66,198.37,198.67
AAPL.NAS,H4,2025-06-13T16:00:00Z,198.85,199.17,195.92,197.46
AAPL.NAS,H4,2025-06-13T20:00:00Z,197.43,197.72,195.76,196.0
AAPL.NAS,H4,2025-06-16T16:00:00Z,196.93,198.67,196.57,197.52
AAPL.NAS,H4,2025-06-16T20:00:00Z,197.52,198.49,197.33,198.1
AAPL.NAS,H4,2025-06-17T16:00:00Z,197.04,198.38,196.25,196.76
AAPL.NAS,H4,2025-06-17T20:00:00Z,196.76,196.86,195.22,195.79
AAPL.NAS,H4,2025-06-18T16:00:00Z,195.21,197.58,195.18,196.46
AAPL.NAS,H4,2025-06-18T20:00:00Z,196.47,196.91,195.13,196.5
AAPL.NAS,H4,2025-06-20T16:00:00Z,199.41,200.93,196.85,198.82
AAPL.NAS,H4,2025-06-20T20:00:00Z,198.81,200.57,198.07,200.55
AAPL.NAS,H4,2025-06-23T16:00:00Z,200.26,202.3,198.97,199.73
AAPL.NAS,H4,2025-06-23T20:00:00Z,199.74,202.23,199.58,201.73
AAPL.NAS,H4,2025-06-24T16:00:00Z,202.21,203.44,200.21,202.42
AAPL.NAS,H4,2025-06-24T20:00:00Z,202.43,202.54,200.38,200.72
AAPL.NAS,H4,2025-06-25T16:00:00Z,202.88,203.58,201.24,202.06
AAPL.NAS,H4,2025-06-25T20:00:00Z,202.07,202.09,200.62,201.3
AAPL.NAS,H4,2025-06-26T16:00:00Z,201.61,201.7,199.46,199.99
AAPL.NAS,H4,2025-06-26T20:00:00Z,200.0,201.56,199.64,201.29
AAPL.NAS,H4,2025-06-27T16:00:00Z,202.81,203.12,200.86,202.59
AAPL.NAS,H4,2025-06-27T20:00:00Z,202.59,202.7,200.54,201.14
AAPL.NAS,H4,2025-06-30T16:00:00Z,200.91,201.44,199.61,200.13
AAPL.NAS,H4,2025-06-30T20:00:00Z,200.12,207.38,199.26,206.3
AAPL.NAS,H4,2025-07-01T16:00:00Z,207.03,210.17,206.58,207.16
AAPL.NAS,H4,2025-07-01T20:00:00Z,207.16,208.43,207.1,208.02
AAPL.NAS,H4,2025-07-02T16:00:00Z,209.63,213.32,209.48,211.1
AAPL.NAS,H4,2025-07-02T20:00:00Z,211.1,212.95,210.43,212.56
AAPL.NAS,H4,2025-07-03T16:00:00Z,212.0,214.63,211.93,213.37
AAPL.NAS,H4,2025-07-07T16:00:00Z,214.4,214.6,209.94,210.64
AAPL.NAS,H4,2025-07-07T20:00:00Z,210.63,210.78,208.81,210.05
AAPL.NAS,H4,2025-07-08T16:00:00Z,209.3,211.42,208.48,210.4
AAPL.NAS,H4,2025-07-08T20:00:00Z,210.37,210.56,209.31,210.09
AAPL.NAS,H4,2025-07-09T16:00:00Z,210.61,210.69,207.22,208.2
AAPL.NAS,H4,2025-07-09T20:00:00Z,208.21,210.92,208.0,210.88
AAPL.NAS,H4,2025-07-10T16:00:00Z,210.34,213.46,210.28,212.01
AAPL.NAS,H4,2025-07-10T20:00:00Z,211.99,213.42,211.93,212.52
AAPL.NAS,H4,2025-07-11T16:00:00Z,210.69,212.13,209.87,211.03
AAPL.NAS,H4,2025-07-11T20:00:00Z,211.02,211.65,210.62,211.28
AAPL.NAS,H4,2025-07-14T16:00:00Z,209.73,209.81,207.54,208.9
AAPL.NAS,H4,2025-07-14T20:00:00Z,208.89,209.44,208.52,208.66
AAPL.NAS,H4,2025-07-15T16:00:00Z,210.43,211.88,209.2,210.58
AAPL.NAS,H4,2025-07-15T20:00:00Z,210.53,211.67,209.44,209.71
AAPL.NAS,H4,2025-07-16T16:00:00Z,210.78,212.39,208.66,210.4
AAPL.NAS,H4,2025-07-16T20:00:00Z,210.39,210.95,209.87,210.07
AAPL.NAS,H4,2025-07-17T16:00:00Z,210.54,211.49,209.6,210.97
AAPL.NAS,H4,2025-07-17T20:00:00Z,211.0,211.8,210.44,210.46
AAPL.NAS,H4,2025-07-18T16:00:00Z,210.33,211.79,209.72,211.32
AAPL.NAS,H4,2025-07-18T20:00:00Z,211.31,211.51,210.77,211.05
AAPL.NAS,H4,2025-07-21T16:00:00Z,212.89,215.77,212.78,213.53
AAPL.NAS,H4,2025-07-21T20:00:00Z,213.54,213.72,212.11,212.2
AAPL.NAS,H4,2025-07-22T16:00:00Z,212.49,213.98,212.28,213.41
AAPL.NAS,H4,2025-07-22T20:00:00Z,213.4,214.45,213.36,214.33
AAPL.NAS,H4,2025-07-23T16:00:00Z,214.48,214.59,212.41,213.61
AAPL.NAS,H4,2025-07-23T20:00:00Z,213.6,214.69,213.52,214.1
AAPL.NAS,H4,2025-07-24T16:00:00Z,215.24,215.5,213.53,214.69
AAPL.NAS,H4,2025-07-24T20:00:00Z,214.66,215.2,214.16,214.35
AAPL.NAS,H4,2025-07-25T16:00:00Z,214.55,215.24,213.78,214.41
AAPL.NAS,H4,2025-07-25T20:00:00Z,214.4,214.5,213.41,213.87
AAPL.NAS,H4,2025-07-28T16:00:00Z,214.08,214.84,213.59,214.35
AAPL.NAS,H4,2025-07-28T20:00:00Z,214.34,214.45,213.07,213.98
AAPL.NAS,H4,2025-07-29T16:00:00Z,214.46,214.78,211.52,212.17
AAPL.NAS,H4,2025-07-29T20:00:00Z,212.16,212.44,210.78,211.44
AAPL.NAS,H4,2025-07-30T16:00:00Z,211.83,211.97,209.52,209.58
AAPL.NAS,H4,2025-07-30T20:00:00Z,209.59,210.15,207.72,208.76
AAPL.NAS,H4,2025-07-31T16:00:00Z,208.67,209.67,208.07,209.08
AAPL.NAS,H4,2025-07-31T20:00:00Z,209.06,209.85,207.32,207.49
AAPL.NAS,H4,2025-08-01T16:00:00Z,211.84,212.21,201.97,202.06
AAPL.NAS,H4,2025-08-01T20:00:00Z,202.04,204.33,201.5,202.82
AAPL.NAS,H4,2025-08-04T16:00:00Z,205.45,207.88,203.87,204.15
AAPL.NAS,H4,2025-08-04T20:00:00Z,204.14,204.49,201.7,202.91
AAPL.NAS,H4,2025-08-05T16:00:00Z,202.93,205.33,202.47,203.83
AAPL.NAS,H4,2025-08-05T20:00:00Z,203.8,204.29,202.67,202.87
AAPL.NAS,H4,2025-08-06T16:00:00Z,208.59,214.98,208.07,214.49
AAPL.NAS,H4,2025-08-06T20:00:00Z,214.46,215.37,213.41,213.44
AAPL.NAS,H4,2025-08-07T16:00:00Z,218.12,220.28,217.49,219.21
AAPL.NAS,H4,2025-08-07T20:00:00Z,219.24,220.85,218.71,219.85
AAPL.NAS,H4,2025-08-08T16:00:00Z,219.86,230.46,219.37,229.76
AAPL.NAS,H4,2025-08-08T20:00:00Z,229.75,230.96,228.47,229.56
AAPL.NAS,H4,2025-08-11T16:00:00Z,226.06,229.54,224.76,228.38
AAPL.NAS,H4,2025-08-11T20:00:00Z,228.37,228.58,226.66,226.76
AAPL.NAS,H4,2025-08-12T16:00:00Z,229.82,230.77,227.07,230.41
AAPL.NAS,H4,2025-08-12T20:00:00Z,230.38,230.68,228.93,229.86
AAPL.NAS,H4,2025-08-13T16:00:00Z,231.15,234.54,230.41,232.1
AAPL.NAS,H4,2025-08-13T20:00:00Z,232.1,234.89,230.85,233.53
AAPL.NAS,H4,2025-08-14T16:00:00Z,233.55,234.78,230.86,232.47
AAPL.NAS,H4,2025-08-14T20:00:00Z,232.48,233.49,232.32,233.33
AAPL.NAS,H4,2025-08-15T16:00:00Z,233.72,233.77,230.48,230.93
AAPL.NAS,H4,2025-08-15T20:00:00Z,230.91,231.74,229.41,231.43
AAPL.NAS,H4,2025-08-18T16:00:00Z,231.96,233.1,230.1,230.6
AAPL.NAS,H4,2025-08-18T20:00:00Z,230.59,231.67,230.57,231.48
AAPL.NAS,H4,2025-08-19T16:00:00Z,230.66,232.84,230.51,230.71
AAPL.NAS,H4,2025-08-19T20:00:00Z,230.71,230.89,229.36,230.23
AAPL.NAS,H4,2025-08-20T16:00:00Z,228.76,228.76,225.88,226.25
AAPL.NAS,H4,2025-08-20T20:00:00Z,226.25,226.88,225.77,226.57
AAPL.NAS,H4,2025-08-21T16:00:00Z,225.45,226.32,224.51,224.6
AAPL.NAS,H4,2025-08-21T20:00:00Z,224.61,225.06,223.78,225.06
AAPL.NAS,H4,2025-08-22T16:00:00Z,225.67,228.71,225.41,227.23
AAPL.NAS,H4,2025-08-22T20:00:00Z,227.21,229.08,227.17,227.63
AAPL.NAS,H4,2025-08-25T16:00:00Z,226.84,229.28,226.56,228.49
AAPL.NAS,H4,2025-08-25T20:00:00Z,228.49,228.75,227.43,227.5
AAPL.NAS,H4,2025-08-26T16:00:00Z,226.61,227.96,224.71,227.68
AAPL.NAS,H4,2025-08-26T20:00:00Z,227.69,228.7,227.66,227.93
AAPL.NAS,H4,2025-08-27T16:00:00Z,229.22,230.69,228.75,229.79
AAPL.NAS,H4,2025-08-27T20:00:00Z,229.77,230.89,229.65,230.82
AAPL.NAS,H4,2025-08-28T16:00:00Z,230.68,232.57,229.67,232.46
AAPL.NAS,H4,2025-08-28T20:00:00Z,232.47,233.39,232.37,233.27
AAPL.NAS,H4,2025-08-29T16:00:00Z,231.93,233.23,231.34,232.84
AAPL.NAS,H4,2025-08-29T20:00:00Z,232.85,232.85,231.66,231.71
AAPL.NAS,H4,2025-09-02T16:00:00Z,228.11,230.77,227.16,228.0
AAPL.NAS,H4,2025-09-02T20:00:00Z,228.0,229.84,227.07,229.69
AAPL.NAS,H4,2025-09-03T16:00:00Z,235.6,237.58,234.38,237.06
AAPL.NAS,H4,2025-09-03T20:00:00Z,237.02,237.9,236.63,237.63
AAPL.NAS,H4,2025-09-04T16:00:00Z,237.81,239.87,236.74,237.51
AAPL.NAS,H4,2025-09-04T20:00:00Z,237.51,239.72,237.49,239.72
AAPL.NAS,H4,2025-09-05T16:00:00Z,240.05,241.3,238.48,239.3
AAPL.NAS,H4,2025-09-05T20:00:00Z,239.3,240.11,238.72,239.2
AAPL.NAS,H4,2025-09-08T16:00:00Z,239.72,240.12,236.85,236.97
AAPL.NAS,H4,2025-09-08T20:00:00Z,236.96,237.93,236.32,237.59
AAPL.NAS,H4,2025-09-09T16:00:00Z,237.76,237.82,235.55,236.6
AAPL.NAS,H4,2025-09-09T20:00:00Z,236.62,238.74,233.39,234.45
AAPL.NAS,H4,2025-09-10T16:00:00Z,230.65,230.8,226.24,227.4
AAPL.NAS,H4,2025-09-10T20:00:00Z,227.38,227.73,225.95,226.7
AAPL.NAS,H4,2025-09-11T16:00:00Z,227.43,229.3,227.43,228.73
AAPL.NAS,H4,2025-09-11T20:00:00Z,228.73,230.42,228.66,230.36
AAPL.NAS,H4,2025-09-12T16:00:00Z,230.46,234.48,229.04,233.12
AAPL.NAS,H4,2025-09-12T20:00:00Z,233.12,234.43,233.01,234.1
AAPL.NAS,H4,2025-09-15T16:00:00Z,237.23,238.17,235.03,236.21
AAPL.NAS,H4,2025-09-15T20:00:00Z,236.22,236.37,235.26,235.92
AAPL.NAS,H4,2025-09-16T16:00:00Z,237.02,241.17,236.33,239.14
AAPL.NAS,H4,2025-09-16T20:00:00Z,239.15,239.58,238.11,238.73
AAPL.NAS,H4,2025-09-17T16:00:00Z,239.48,240.01,238.93,239.59
AAPL.NAS,H4,2025-09-17T20:00:00Z,239.55,239.76,237.73,238.62
AAPL.NAS,H4,2025-09-18T16:00:00Z,239.13,239.75,236.65,237.95
AAPL.NAS,H4,2025-09-18T20:00:00Z,237.96,238.19,237.21,237.86
AAPL.NAS,H4,2025-09-19T16:00:00Z,241.63,245.91,240.21,245.12
AAPL.NAS,H4,2025-09-19T20:00:00Z,245.15,246.23,244.75,245.6
AAPL.NAS,H4,2025-09-22T16:00:00Z,249.95,256.61,249.72,254.17
AAPL.NAS,H4,2025-09-22T20:00:00Z,254.17,256.14,253.51,256.14
AAPL.NAS,H4,2025-09-23T16:00:00Z,256.93,257.3,254.68,255.09
AAPL.NAS,H4,2025-09-23T20:00:00Z,255.09,255.2,253.6,253.95
AAPL.NAS,H4,2025-09-24T16:00:00Z,253.53,254.02,251.02,251.52
AAPL.NAS,H4,2025-09-24T20:00:00Z,251.51,252.45,251.24,252.29
AAPL.NAS,H4,2025-09-25T16:00:00Z,252.01,254.11,251.71,253.23
AAPL.NAS,H4,2025-09-25T20:00:00Z,253.21,257.14,252.83,256.01
AAPL.NAS,H4,2025-09-26T16:00:00Z,254.54,256.58,254.02,256.33
AAPL.NAS,H4,2025-09-26T20:00:00Z,256.32,257.2,254.91,255.24
AAPL.NAS,H4,2025-09-29T16:00:00Z,253.6,254.47,253.0,253.32
AAPL.NAS,H4,2025-09-29T20:00:00Z,253.32,254.64,253.13,254.36
AAPL.NAS,H4,2025-09-30T16:00:00Z,255.16,255.88,253.81,254.05
AAPL.NAS,H4,2025-09-30T20:00:00Z,254.04,255.14,253.11,254.95
AAPL.NAS,H4,2025-10-01T16:00:00Z,256.48,258.75,255.09,256.46
AAPL.NAS,H4,2025-10-01T20:00:00Z,256.45,256.93,255.28,255.6
AAPL.NAS,H4,2025-10-02T16:00:00Z,255.9,258.14,254.14,257.46
AAPL.NAS,H4,2025-10-02T20:00:00Z,257.47,258.15,257.02,257.27
AAPL.NAS,H4,2025-10-03T16:00:00Z,256.68,259.21,256.68,258.8
AAPL.NAS,H4,2025-10-03T20:00:00Z,258.78,258.78,256.96,257.62
AAPL.NAS,H4,2025-10-06T16:00:00Z,258.01,258.73,255.04,257.32
AAPL.NAS,H4,2025-10-06T20:00:00Z,257.31,257.39,255.52,257.02
AAPL.NAS,H4,2025-10-07T16:00:00Z,256.96,257.38,255.59,256.08
AAPL.NAS,H4,2025-10-07T20:00:00Z,256.07,256.61,255.44,256.53
AAPL.NAS,H4,2025-10-08T16:00:00Z,256.62,258.49,256.1,257.78
AAPL.NAS,H4,2025-10-08T20:00:00Z,257.78,258.47,257.65,258.37
AAPL.NAS,H4,2025-10-09T16:00:00Z,256.58,257.02,253.52,253.76
AAPL.NAS,H4,2025-10-09T20:00:00Z,253.77,254.26,253.13,254.25
AAPL.NAS,H4,2025-10-10T16:00:00Z,255.31,256.35,247.31,247.48
AAPL.NAS,H4,2025-10-10T20:00:00Z,247.49,248.53,245.18,245.26
AAPL.NAS,H4,2025-10-13T16:00:00Z,246.68,249.58,245.56,249.53
AAPL.NAS,H4,2025-10-13T20:00:00Z,249.54,249.68,248.01,248.01
AAPL.NAS,H4,2025-10-14T16:00:00Z,246.4,248.03,244.75,247.57
AAPL.NAS,H4,2025-10-14T20:00:00Z,247.58,248.83,246.73,247.41
AAPL.NAS,H4,2025-10-15T16:00:00Z,249.13,251.79,248.71,248.97
AAPL.NAS,H4,2025-10-15T20:00:00Z,248.95,250.09,247.46,248.38
AAPL.NAS,H4,2025-10-16T16:00:00Z,247.47,249.01,246.04,247.61
AAPL.NAS,H4,2025-10-16T20:00:00Z,247.64,247.75,245.12,247.68
AAPL.NAS,H4,2025-10-17T16:00:00Z,248.37,251.33,247.24,251.13
AAPL.NAS,H4,2025-10-17T20:00:00Z,251.14,253.37,250.21,252.12
AAPL.NAS,H4,2025-10-20T16:00:00Z,258.31,264.35,257.72,263.62
AAPL.NAS,H4,2025-10-20T20:00:00Z,263.61,264.2,262.67,262.81
AAPL.NAS,H4,2025-10-21T16:00:00Z,263.26,265.24,262.53,263.08
AAPL.NAS,H4,2025-10-21T20:00:00Z,263.08,264.03,262.18,262.58
AAPL.NAS,H4,2025-10-22T16:00:00Z,260.26,261.35,256.4,257.62
AAPL.NAS,H4,2025-10-22T20:00:00Z,257.59,258.68,255.45,258.44
AAPL.NAS,H4,2025-10-23T16:00:00Z,259.13,260.59,258.0,260.25
AAPL.NAS,H4,2025-10-23T20:00:00Z,260.26,260.53,259.07,259.62
AAPL.NAS,H4,2025-10-24T16:00:00Z,260.07,263.99,259.2,263.1
AAPL.NAS,H4,2025-10-24T20:00:00Z,263.09,264.1,262.61,262.61
AAPL.NAS,H4,2025-10-27T16:00:00Z,266.03,267.0,264.69,265.58
AAPL.NAS,H4,2025-10-27T20:00:00Z,265.56,268.85,265.47,268.8
AAPL.NAS,H4,2025-10-28T16:00:00Z,269.2,269.82,268.15,269.58
AAPL.NAS,H4,2025-10-28T20:00:00Z,269.59,269.73,268.67,269.1
AAPL.NAS,H4,2025-10-29T16:00:00Z,269.56,271.38,267.11,268.86
AAPL.NAS,H4,2025-10-29T20:00:00Z,268.86,270.91,267.79,269.77
AAPL.NAS,H4,2025-10-30T16:00:00Z,271.24,272.37,268.51,271.28
AAPL.NAS,H4,2025-10-30T20:00:00Z,271.27,272.28,270.98,271.58
AAPL.NAS,H4,2025-10-31T16:00:00Z,272.9,273.16,269.16,271.61
AAPL.NAS,H4,2025-10-31T20:00:00Z,271.62,272.63,270.11,270.46
AAPL.NAS,H4,2025-11-03T16:00:00Z,269.26,269.26,266.25,267.38
AAPL.NAS,H4,2025-11-03T20:00:00Z,267.42,268.59,266.9,267.7
AAPL.NAS,H4,2025-11-04T16:00:00Z,268.56,271.45,267.71,270.75
AAPL.NAS,H4,2025-11-04T20:00:00Z,270.72,270.82,269.27,269.81
AAPL.NAS,H4,2025-11-05T16:00:00Z,267.09,270.78,266.89,270.53
AAPL.NAS,H4,2025-11-05T20:00:00Z,270.56,271.55,269.0,270.05
AAPL.NAS,H4,2025-11-06T16:00:00Z,268.74,273.38,268.0,272.26
AAPL.NAS,H4,2025-11-06T20:00:00Z,272.3,272.45,269.95,270.06
AAPL.NAS,H4,2025-11-07T16:00:00Z,268.03,272.23,267.81,268.81
AAPL.NAS,H4,2025-11-07T20:00:00Z,268.8,269.03,266.79,267.8
AAPL.NAS,H4,2025-11-10T16:00:00Z,271.5,273.68,268.49,269.53
AAPL.NAS,H4,2025-11-10T20:00:00Z,269.54,270.29,267.79,269.48
AAPL.NAS,H4,2025-11-11T16:00:00Z,270.67,274.7,270.51,273.82
AAPL.NAS,H4,2025-11-11T20:00:00Z,273.82,275.83,273.7,275.25
AAPL.NAS,H4,2025-11-12T16:00:00Z,273.07,274.84,271.86,274.56
AAPL.NAS,H4,2025-11-12T20:00:00Z,274.54,275.71,273.35,273.38
AAPL.NAS,H4,2025-11-13T16:00:00Z,274.28,276.67,272.19,272.55
AAPL.NAS,H4,2025-11-13T20:00:00Z,272.57,273.79,272.09,272.64
AAPL.NAS,H4,2025-11-14T16:00:00Z,269.91,275.93,269.73,275.11
AAPL.NAS,H4,2025-11-14T20:00:00Z,275.11,275.11,272.23,272.42
AAPL.NAS,H4,2025-11-17T16:00:00Z,267.57,270.43,266.63,267.89
AAPL.NAS,H4,2025-11-17T20:00:00Z,267.89,268.33,265.73,266.73
AAPL.NAS,H4,2025-11-18T16:00:00Z,269.1,269.68,265.32,268.53
AAPL.NAS,H4,2025-11-18T20:00:00Z,268.54,269.19,267.56,267.72
AAPL.NAS,H4,2025-11-19T16:00:00Z,266.65,272.16,266.56,270.83
AAPL.NAS,H4,2025-11-19T20:00:00Z,270.84,271.29,268.52,268.59
AAPL.NAS,H4,2025-11-20T16:00:00Z,272.52,275.39,267.01,267.47
AAPL.NAS,H4,2025-11-20T20:00:00Z,267.49,269.21,265.91,266.23
AAPL.NAS,H4,2025-11-21T16:00:00Z,267.95,271.59,266.78,271.24
AAPL.NAS,H4,2025-11-21T20:00:00Z,271.24,273.31,270.19,271.38
AAPL.NAS,H4,2025-11-24T16:00:00Z,275.03,275.83,272.35,275.2
AAPL.NAS,H4,2025-11-24T20:00:00Z,275.2,276.96,274.95,275.53
AAPL.NAS,H4,2025-11-25T16:00:00Z,278.37,280.29,277.51,278.5
AAPL.NAS,H4,2025-11-25T20:00:00Z,278.53,278.77,277.26,277.39
AAPL.NAS,H4,2025-11-26T16:00:00Z,278.59,279.52,276.63,278.87
AAPL.NAS,H4,2025-11-26T20:00:00Z,278.87,279.07,277.17,277.22
AAPL.NAS,H4,2025-11-28T16:00:00Z,277.11,278.94,275.98,278.78
AAPL.NAS,H4,2025-12-01T16:00:00Z,277.59,279.93,276.12,279.49
AAPL.NAS,H4,2025-12-01T20:00:00Z,279.5,282.8,279.48,282.48
AAPL.NAS,H4,2025-12-02T16:00:00Z,283.53,287.37,283.05,285.15
AAPL.NAS,H4,2025-12-02T20:00:00Z,285.16,286.81,284.93,285.88
AAPL.NAS,H4,2025-12-03T16:00:00Z,287.64,288.6,285.5,285.86
AAPL.NAS,H4,2025-12-03T20:00:00Z,285.87,286.09,283.58,283.79
AAPL.NAS,H4,2025-12-04T16:00:00Z,283.17,283.96,279.8,280.31
AAPL.NAS,H4,2025-12-04T20:00:00Z,280.3,280.71,278.59,279.67
AAPL.NAS,H4,2025-12-05T16:00:00Z,279.49,281.12,278.03,279.39
AAPL.NAS,H4,2025-12-05T20:00:00Z,279.38,279.55,278.34,278.37
AAPL.NAS,H4,2025-12-08T16:00:00Z,279.09,279.15,276.7,277.33
AAPL.NAS,H4,2025-12-08T20:00:00Z,277.32,277.83,276.16,277.37
AAPL.NAS,H4,2025-12-09T16:00:00Z,278.88,280.01,277.01,278.28
AAPL.NAS,H4,2025-12-09T20:00:00Z,278.31,278.86,277.13,277.2
AAPL.NAS,H4,2025-12-10T16:00:00Z,277.21,279.25,276.45,278.63
AAPL.NAS,H4,2025-12-10T20:00:00Z,278.63,279.73,277.74,278.94
AAPL.NAS,H4,2025-12-11T16:00:00Z,278.16,278.49,273.82,277.61
AAPL.NAS,H4,2025-12-11T20:00:00Z,277.57,278.21,277.39,277.56
AAPL.NAS,H4,2025-12-12T16:00:00Z,278.91,279.18,277.27,278.75
AAPL.NAS,H4,2025-12-12T20:00:00Z,278.76,279.15,276.92,277.87
AAPL.NAS,H4,2025-12-15T16:00:00Z,278.01,278.01,273.64,274.67
AAPL.NAS,H4,2025-12-15T20:00:00Z,274.67,274.79,272.86,274.04
AAPL.NAS,H4,2025-12-16T16:00:00Z,272.64,274.25,271.8,272.18
AAPL.NAS,H4,2025-12-16T20:00:00Z,272.18,275.4,271.8,275.18
AAPL.NAS,H4,2025-12-17T16:00:00Z,275.69,276.13,272.3,273.39
AAPL.NAS,H4,2025-12-17T20:00:00Z,273.4,274.1,272.43,272.72
AAPL.NAS,H4,2025-12-18T16:00:00Z,269.88,273.16,266.96,272.38
AAPL.NAS,H4,2025-12-18T20:00:00Z,272.34,272.94,270.5,272.45
AAPL.NAS,H4,2025-12-19T16:00:00Z,272.26,272.87,270.27,271.44
AAPL.NAS,H4,2025-12-19T20:00:00Z,271.4,271.79,269.9,271.22
AAPL.NAS,H4,2025-12-22T16:00:00Z,273.39,273.49,271.39,271.46
AAPL.NAS,H4,2025-12-22T20:00:00Z,271.47,271.49,270.5,271.03
AAPL.NAS,H4,2025-12-23T16:00:00Z,270.11,272.3,270.07,271.59
AAPL.NAS,H4,2025-12-23T20:00:00Z,271.55,272.43,271.48,272.34
AAPL.NAS,H4,2025-12-24T16:00:00Z,273.87,275.41,273.56,273.81
AAPL.NAS,H4,2025-12-26T16:00:00Z,274.88,275.36,274.14,274.48
AAPL.NAS,H4,2025-12-26T20:00:00Z,274.47,274.98,272.9,272.98
AAPL.NAS,H4,2025-12-29T16:00:00Z,273.36,274.33,272.81,273.17
AAPL.NAS,H4,2025-12-29T20:00:00Z,273.17,273.99,273.08,273.65
AAPL.NAS,H4,2025-12-30T16:00:00Z,272.8,273.82,272.27,272.88
AAPL.NAS,H4,2025-12-30T20:00:00Z,272.88,273.51,272.72,273.0
AAPL.NAS,H4,2025-12-31T16:00:00Z,272.63,273.1,271.75,272.75
AAPL.NAS,H4,2025-12-31T20:00:00Z,272.76,273.4,271.95,272.34
AAPL.NAS,H4,2026-01-02T16:00:00Z,273.12,277.79,269.11,270.12
AAPL.NAS,H4,2026-01-02T20:00:00Z,270.12,270.83,269.08,270.63
AAPL.NAS,H4,2026-01-05T16:00:00Z,268.26,271.14,266.76,267.55
AAPL.NAS,H4,2026-01-05T20:00:00Z,267.55,267.87,266.16,266.52
AAPL.NAS,H4,2026-01-06T16:00:00Z,264.52,265.67,262.19,262.86
AAPL.NAS,H4,2026-01-06T20:00:00Z,262.86,263.35,262.15,262.45
AAPL.NAS,H4,2026-01-07T16:00:00Z,262.39,262.82,260.9,262.31
AAPL.NAS,H4,2026-01-07T20:00:00Z,262.31,262.51,259.81,259.89
AAPL.NAS,H4,2026-01-08T16:00:00Z,257.25,258.59,255.71,257.38
AAPL.NAS,H4,2026-01-08T20:00:00Z,257.39,259.14,256.31,258.87
AAPL.NAS,H4,2026-01-09T16:00:00Z,258.61,259.13,256.21,258.76
AAPL.NAS,H4,2026-01-09T20:00:00Z,258.76,260.19,258.24,259.2
AAPL.NAS,H4,2026-01-12T16:00:00Z,258.02,261.26,256.82,260.67
AAPL.NAS,H4,2026-01-12T20:00:00Z,260.65,261.28,260.09,260.35
AAPL.NAS,H4,2026-01-13T16:00:00Z,259.71,261.79,259.28,260.5
AAPL.NAS,H4,2026-01-13T20:00:00Z,260.48,260.92,258.76,260.82
AAPL.NAS,H4,2026-01-14T16:00:00Z,261.65,261.66,256.86,257.22
AAPL.NAS,H4,2026-01-14T20:00:00Z,257.22,260.58,256.9,259.12
AAPL.NAS,H4,2026-01-15T16:00:00Z,260.74,261.0,258.03,258.92
AAPL.NAS,H4,2026-01-15T20:00:00Z,258.91,259.73,257.05,257.88
AAPL.NAS,H4,2026-01-16T16:00:00Z,258.33,258.36,255.0,255.15
AAPL.NAS,H4,2026-01-16T20:00:00Z,255.15,257.13,255.09,255.41
AAPL.NAS,H4,2026-01-20T16:00:00Z,254.02,254.14,250.07,250.25
AAPL.NAS,H4,2026-01-20T20:00:00Z,250.26,250.47,243.41,244.89
AAPL.NAS,H4,2026-01-21T16:00:00Z,246.96,248.68,245.16,246.22
AAPL.NAS,H4,2026-01-21T20:00:00Z,246.22,251.51,245.5,247.25
AAPL.NAS,H4,2026-01-22T16:00:00Z,249.99,250.75,248.4,250.13
AAPL.NAS,H4,2026-01-22T20:00:00Z,250.11,250.98,248.27,248.56
AAPL.NAS,H4,2026-01-23T16:00:00Z,246.28,249.39,244.66,247.76
AAPL.NAS,H4,2026-01-23T20:00:00Z,247.76,248.84,246.98,247.98
AAPL.NAS,H4,2026-01-26T16:00:00Z,251.13,255.49,250.62,254.33
AAPL.NAS,H4,2026-01-26T20:00:00Z,254.32,256.53,254.08,255.18
AAPL.NAS,H4,2026-01-27T16:00:00Z,260.15,261.93,259.52,260.7
AAPL.NAS,H4,2026-01-27T20:00:00Z,260.71,261.12,258.66,258.86
AAPL.NAS,H4,2026-01-28T16:00:00Z,257.48,257.59,254.52,254.81
AAPL.NAS,H4,2026-01-28T20:00:00Z,254.82,256.82,254.52,256.82
AAPL.NAS,H4,2026-01-29T16:00:00Z,257.65,257.7,254.41,256.9
AAPL.NAS,H4,2026-01-29T20:00:00Z,256.92,259.32,256.65,258.6
AAPL.NAS,H4,2026-01-30T16:00:00Z,253.96,258.67,252.73,254.85
AAPL.NAS,H4,2026-01-30T20:00:00Z,254.82,261.87,254.58,259.75
AAPL.NAS,H4,2026-02-02T16:00:00Z,262.7,265.33,259.19,264.2
AAPL.NAS,H4,2026-02-02T20:00:00Z,264.19,270.47,264.19,269.97
AAPL.NAS,H4,2026-02-03T16:00:00Z,269.45,271.53,267.6,269.58
AAPL.NAS,H4,2026-02-03T20:00:00Z,269.59,271.87,268.64,269.02
AAPL.NAS,H4,2026-02-04T16:00:00Z,274.6,278.8,273.68,274.08
AAPL.NAS,H4,2026-02-04T20:00:00Z,274.07,278.92,273.14,277.3
AAPL.NAS,H4,2026-02-05T16:00:00Z,276.11,277.36,273.25,274.57
AAPL.NAS,H4,2026-02-05T20:00:00Z,274.59,277.69,273.9,276.13
AAPL.NAS,H4,2026-02-06T16:00:00Z,278.53,280.87,277.71,278.28
AAPL.NAS,H4,2026-02-06T20:00:00Z,278.3,278.9,276.93,278.77
AAPL.NAS,H4,2026-02-09T16:00:00Z,274.72,274.83,271.7,271.95
AAPL.NAS,H4,2026-02-09T20:00:00Z,271.96,274.91,271.79,274.31
AAPL.NAS,H4,2026-02-10T16:00:00Z,274.2,275.36,272.96,274.09
AAPL.NAS,H4,2026-02-10T20:00:00Z,274.08,274.48,273.33,273.42
AAPL.NAS,H4,2026-02-11T16:00:00Z,274.79,280.17,274.42,279.42
AAPL.NAS,H4,2026-02-11T20:00:00Z,279.39,279.67,274.83,276.28
AAPL.NAS,H4,2026-02-12T16:00:00Z,272.56,273.62,261.53,261.78
AAPL.NAS,H4,2026-02-12T20:00:00Z,261.77,262.95,260.17,262.4
AAPL.NAS,H4,2026-02-13T16:00:00Z,259.19,261.44,258.36,259.03
AAPL.NAS,H4,2026-02-13T20:00:00Z,259.06,259.46,255.44,256.42
AAPL.NAS,H4,2026-02-17T16:00:00Z,258.64,262.55,258.09,262.29
AAPL.NAS,H4,2026-02-17T20:00:00Z,262.29,266.21,262.05,263.2
AAPL.NAS,H4,2026-02-18T16:00:00Z,263.39,266.8,262.46,265.25
AAPL.NAS,H4,2026-02-18T20:00:00Z,265.24,265.95,263.21,265.29
AAPL.NAS,H4,2026-02-19T16:00:00Z,263.39,264.46,261.97,262.08
AAPL.NAS,H4,2026-02-19T20:00:00Z,262.09,262.34,260.05,261.1
AAPL.NAS,H4,2026-02-20T16:00:00Z,259.07,264.72,258.49,263.09
AAPL.NAS,H4,2026-02-20T20:00:00Z,263.09,264.71,263.01,264.42
AAPL.NAS,H4,2026-02-23T16:00:00Z,265.35,268.25,264.15,268.16
AAPL.NAS,H4,2026-02-23T20:00:00Z,268.15,269.41,266.1,266.22
AAPL.NAS,H4,2026-02-24T16:00:00Z,271.8,274.84,270.28,272.25
AAPL.NAS,H4,2026-02-24T20:00:00Z,272.26,272.7,271.36,272.33
AAPL.NAS,H4,2026-02-25T16:00:00Z,272.13,274.58,271.04,274.2
AAPL.NAS,H4,2026-02-25T20:00:00Z,274.22,274.92,273.22,274.58
AAPL.NAS,H4,2026-02-26T16:00:00Z,274.72,274.99,270.78,271.17
AAPL.NAS,H4,2026-02-26T20:00:00Z,271.13,273.48,270.85,272.73
AAPL.NAS,H4,2026-02-27T16:00:00Z,269.44,271.35,266.85,267.11
AAPL.NAS,H4,2026-02-27T20:00:00Z,267.07,267.43,263.99,264.4
AAPL.NAS,H4,2026-03-02T16:00:00Z,262.12,266.17,261.45,266.07
AAPL.NAS,H4,2026-03-02T20:00:00Z,266.1,266.5,263.58,264.67
AAPL.NAS,H4,2026-03-03T16:00:00Z,261.31,265.49,260.12,260.72
AAPL.NAS,H4,2026-03-03T20:00:00Z,260.73,264.62,260.51,263.38
AAPL.NAS,H4,2026-03-04T16:00:00Z,264.6,265.49,261.4,264.67
AAPL.NAS,H4,2026-03-04T20:00:00Z,264.62,264.74,262.05,262.86
AAPL.NAS,H4,2026-03-05T16:00:00Z,260.77,261.54,258.07,258.71
AAPL.NAS,H4,2026-03-05T20:00:00Z,258.7,260.31,257.24,260.18
AAPL.NAS,H4,2026-03-06T16:00:00Z,255.32,257.93,254.39,256.35
AAPL.NAS,H4,2026-03-06T20:00:00Z,256.34,257.94,255.91,257.4
AAPL.NAS,H4,2026-03-09T16:00:00Z,254.42,258.27,254.15,257.71
AAPL.NAS,H4,2026-03-09T20:00:00Z,257.74,261.11,255.95,259.64
AAPL.NAS,H4,2026-03-10T16:00:00Z,259.37,261.96,257.54,261.17
AAPL.NAS,H4,2026-03-10T20:00:00Z,261.14,262.46,260.35,260.72
AAPL.NAS,H4,2026-03-11T16:00:00Z,261.67,262.1,259.53,260.69
AAPL.NAS,H4,2026-03-11T20:00:00Z,260.68,261.12,259.63,260.83
AAPL.NAS,H4,2026-03-12T16:00:00Z,258.24,258.32,254.18,255.23
AAPL.NAS,H4,2026-03-12T20:00:00Z,255.24,256.23,254.78,255.52
AAPL.NAS,H4,2026-03-13T16:00:00Z,255.65,256.29,251.38,251.4
AAPL.NAS,H4,2026-03-13T20:00:00Z,251.4,251.9,249.86,250.53
AAPL.NAS,H4,2026-03-16T16:00:00Z,251.52,253.87,251.41,252.56
AAPL.NAS,H4,2026-03-16T20:00:00Z,252.59,253.4,252.13,252.44
AAPL.NAS,H4,2026-03-17T16:00:00Z,253.61,255.12,253.43,254.08
AAPL.NAS,H4,2026-03-17T20:00:00Z,254.07,254.62,253.13,254.51
AAPL.NAS,H4,2026-03-18T16:00:00Z,253.84,254.88,250.69,250.97
AAPL.NAS,H4,2026-03-18T20:00:00Z,250.94,251.64,249.02,250.1
AAPL.NAS,H4,2026-03-19T16:00:00Z,248.7,251.8,247.86,248.04
AAPL.NAS,H4,2026-03-19T20:00:00Z,248.02,249.56,247.66,248.65
AAPL.NAS,H4,2026-03-20T16:00:00Z,247.13,249.02,246.63,248.45
AAPL.NAS,H4,2026-03-20T20:00:00Z,248.46,249.18,246.06,247.15
AAPL.NAS,H4,2026-03-23T16:00:00Z,251.4,254.19,250.65,251.03
AAPL.NAS,H4,2026-03-23T20:00:00Z,251.04,252.51,250.28,251.54
AAPL.NAS,H4,2026-03-24T16:00:00Z,251.32,254.82,250.78,253.63
AAPL.NAS,H4,2026-03-24T20:00:00Z,253.63,253.82,251.21,251.6
AAPL.NAS,H4,2026-03-25T16:00:00Z,252.92,254.63,252.78,254.21
AAPL.NAS,H4,2026-03-25T20:00:00Z,254.2,254.5,252.01,252.57
AAPL.NAS,H4,2026-03-26T16:00:00Z,251.73,256.96,251.21,256.27
AAPL.NAS,H4,2026-03-26T20:00:00Z,256.25,256.43,252.07,252.26
AAPL.NAS,H4,2026-03-27T16:00:00Z,253.08,255.47,251.67,252.41
AAPL.NAS,H4,2026-03-27T20:00:00Z,252.41,252.58,248.08,248.75
AAPL.NAS,H4,2026-03-30T16:00:00Z,247.9,248.28,245.95,247.32
AAPL.NAS,H4,2026-03-30T20:00:00Z,247.32,247.43,245.51,246.55
AAPL.NAS,H4,2026-03-31T16:00:00Z,248.68,253.27,247.1,253.12
AAPL.NAS,H4,2026-03-31T20:00:00Z,253.14,255.44,252.4,254.16
AAPL.NAS,H4,2026-04-01T16:00:00Z,254.77,255.79,253.31,254.6
AAPL.NAS,H4,2026-04-01T20:00:00Z,254.6,256.12,253.96,255.34
AAPL.NAS,H4,2026-04-02T16:00:00Z,252.13,255.7,250.65,254.42
AAPL.NAS,H4,2026-04-02T20:00:00Z,254.41,255.87,254.17,255.56
AAPL.NAS,H4,2026-04-06T16:00:00Z,257.98,262.15,257.04,259.0
AAPL.NAS,H4,2026-04-06T20:00:00Z,258.99,259.37,257.84,258.72
AAPL.NAS,H4,2026-04-07T16:00:00Z,252.89,252.89,245.7,250.01
AAPL.NAS,H4,2026-04-07T20:00:00Z,250.01,253.1,249.8,253.04
AAPL.NAS,H4,2026-04-08T16:00:00Z,257.89,259.72,256.53,258.4
AAPL.NAS,H4,2026-04-08T20:00:00Z,258.4,258.62,256.9,258.36
AAPL.NAS,H4,2026-04-09T16:00:00Z,258.88,259.63,256.08,259.44
AAPL.NAS,H4,2026-04-09T20:00:00Z,259.43,261.01,259.31,260.72
AAPL.NAS,H4,2026-04-10T16:00:00Z,259.88,262.14,259.5,260.26
AAPL.NAS,H4,2026-04-10T20:00:00Z,260.26,260.26,259.02,260.01
AAPL.NAS,H4,2026-04-13T16:00:00Z,258.51,258.51,256.68,257.84
AAPL.NAS,H4,2026-04-13T20:00:00Z,257.85,259.46,257.51,259.07
AAPL.NAS,H4,2026-04-14T16:00:00Z,260.03,261.92,257.18,259.31
AAPL.NAS,H4,2026-04-14T20:00:00Z,259.35,259.75,257.75,258.2
AAPL.NAS,H4,2026-04-15T16:00:00Z,259.65,265.48,257.83,265.45
AAPL.NAS,H4,2026-04-15T20:00:00Z,265.46,266.2,264.29,265.97
AAPL.NAS,H4,2026-04-16T16:00:00Z,264.08,264.39,261.26,263.19
AAPL.NAS,H4,2026-04-16T20:00:00Z,263.2,264.54,263.09,263.65
AAPL.NAS,H4,2026-04-17T16:00:00Z,268.33,272.29,267.35,270.96
AAPL.NAS,H4,2026-04-17T20:00:00Z,270.97,271.48,269.52,270.06
AAPL.NAS,H4,2026-04-20T16:00:00Z,272.39,274.26,271.71,272.35
AAPL.NAS,H4,2026-04-20T20:00:00Z,272.35,273.63,271.83,272.75
AAPL.NAS,H4,2026-04-21T16:00:00Z,271.08,272.03,265.4,266.34
AAPL.NAS,H4,2026-04-21T20:00:00Z,266.34,268.18,265.79,266.84
AAPL.NAS,H4,2026-04-22T16:00:00Z,267.36,273.47,266.86,272.5
AAPL.NAS,H4,2026-04-22T20:00:00Z,272.48,273.72,272.11,272.7
AAPL.NAS,H4,2026-04-23T16:00:00Z,275.01,275.71,272.95,273.01
AAPL.NAS,H4,2026-04-23T20:00:00Z,273.01,274.53,271.64,273.47
AAPL.NAS,H4,2026-04-24T16:00:00Z,270.43,272.53,269.8,270.46
AAPL.NAS,H4,2026-04-24T20:00:00Z,270.47,271.2,269.65,271.2
AAPL.NAS,H4,2026-04-27T16:00:00Z,266.11,268.35,266.1,266.41
AAPL.NAS,H4,2026-04-27T20:00:00Z,266.42,267.94,266.09,267.53
AAPL.NAS,H4,2026-04-28T16:00:00Z,269.11,271.82,268.66,269.93
AAPL.NAS,H4,2026-04-28T20:00:00Z,269.94,270.93,269.5,270.62
AAPL.NAS,H4,2026-04-29T16:00:00Z,268.17,271.03,267.71,270.94
AAPL.NAS,H4,2026-04-29T20:00:00Z,270.96,270.96,269.39,269.95
AAPL.NAS,H4,2026-04-30T16:00:00Z,269.01,273.72,268.14,271.95
AAPL.NAS,H4,2026-04-30T20:00:00Z,271.95,275.9,271.66,272.36
AAPL.NAS,H4,2026-05-01T16:00:00Z,280.61,287.19,278.61,283.1
AAPL.NAS,H4,2026-05-01T20:00:00Z,283.11,283.48,279.69,279.9
AAPL.NAS,H4,2026-05-04T16:00:00Z,277.06,277.96,274.86,276.82
AAPL.NAS,H4,2026-05-04T20:00:00Z,276.86,277.64,276.25,276.85
AAPL.NAS,H4,2026-05-05T16:00:00Z,279.16,283.18,278.56,282.54
AAPL.NAS,H4,2026-05-05T20:00:00Z,282.54,284.52,281.7,283.63
AAPL.NAS,H4,2026-05-06T16:00:00Z,281.18,287.11,281.18,286.21
AAPL.NAS,H4,2026-05-06T20:00:00Z,286.22,287.89,285.76,287.8
AAPL.NAS,H4,2026-05-07T16:00:00Z,289.05,292.11,288.25,288.6
AAPL.NAS,H4,2026-05-07T20:00:00Z,288.61,289.72,285.78,286.73
AAPL.NAS,H4,2026-05-08T16:00:00Z,292.98,294.72,291.89,292.15
AAPL.NAS,H4,2026-05-08T20:00:00Z,292.13,294.23,291.76,294.08
AAPL.NAS,H4,2026-05-11T16:00:00Z,291.23,293.83,290.22,290.8
AAPL.NAS,H4,2026-05-11T20:00:00Z,290.81,292.96,290.67,292.6
AAPL.NAS,H4,2026-05-12T16:00:00Z,293.2,294.87,292.67,293.85
AAPL.NAS,H4,2026-05-12T20:00:00Z,293.87,295.21,293.37,294.72
AAPL.NAS,H4,2026-05-13T16:00:00Z,296.84,299.4,295.1,299.13
AAPL.NAS,H4,2026-05-13T20:00:00Z,299.15,300.9,298.6,299.31
AAPL.NAS,H4,2026-05-14T16:00:00Z,297.71,299.46,295.43,297.58
AAPL.NAS,H4,2026-05-14T20:00:00Z,297.6,299.18,297.35,298.25
AAPL.NAS,H4,2026-05-15T16:00:00Z,297.35,302.75,296.69,302.0
AAPL.NAS,H4,2026-05-15T20:00:00Z,301.93,303.18,299.63,300.21
AAPL.NAS,H4,2026-05-18T16:00:00Z,298.01,299.43,294.9,295.89
AAPL.NAS,H4,2026-05-18T20:00:00Z,295.88,297.84,295.46,297.6
AAPL.NAS,H4,2026-05-19T16:00:00Z,299.29,300.45,296.35,298.59
AAPL.NAS,H4,2026-05-19T20:00:00Z,298.51,298.72,297.47,298.33
AAPL.NAS,H4,2026-05-20T16:00:00Z,300.87,302.33,298.66,300.7
AAPL.NAS,H4,2026-05-20T20:00:00Z,300.72,302.79,300.04,301.89
AAPL.NAS,H4,2026-05-21T16:00:00Z,301.35,304.23,301.29,303.41
AAPL.NAS,H4,2026-05-21T20:00:00Z,303.41,305.52,303.41,304.87
AAPL.NAS,H4,2026-05-22T16:00:00Z,308.22,311.38,307.07,309.0
AAPL.NAS,H4,2026-05-22T20:00:00Z,309.01,310.14,307.96,308.51
AAPL.NAS,H4,2026-05-26T16:00:00Z,310.76,311.81,309.37,310.03
AAPL.NAS,H4,2026-05-26T20:00:00Z,310.06,310.29,307.93,308.05
AAPL.NAS,H4,2026-05-27T16:00:00Z,310.55,313.23,310.07,310.58
AAPL.NAS,H4,2026-05-27T20:00:00Z,310.61,310.99,309.52,310.21
AAPL.NAS,H4,2026-05-28T16:00:00Z,309.78,312.68,309.57,310.57
AAPL.NAS,H4,2026-05-28T20:00:00Z,310.61,312.22,310.1,312.22
AAPL.NAS,H4,2026-05-29T16:00:00Z,314.35,314.95,310.42,311.08
AAPL.NAS,H4,2026-05-29T20:00:00Z,311.08,313.01,309.52,312.76
AAPL.NAS,H4,2026-06-01T16:00:00Z,310.04,310.89,305.51,306.19
AAPL.NAS,H4,2026-06-01T20:00:00Z,306.19,308.36,305.06,306.39
AAPL.NAS,H4,2026-06-02T16:00:00Z,309.61,314.46,308.22,314.28
AAPL.NAS,H4,2026-06-02T20:00:00Z,314.28,315.43,313.76,314.81
AAPL.NAS,H4,2026-06-03T16:00:00Z,316.1,316.88,309.32,310.29
AAPL.NAS,H4,2026-06-03T20:00:00Z,310.27,311.08,308.85,309.58
AAPL.NAS,H4,2026-06-04T16:00:00Z,310.84,312.42,309.65,311.42
AAPL.NAS,H4,2026-06-04T20:00:00Z,311.4,312.06,310.96,311.75
AAPL.NAS,H4,2026-06-05T16:00:00Z,313.26,315.12,310.67,310.88
AAPL.NAS,H4,2026-06-05T20:00:00Z,310.86,312.76,307.14,308.8
AAPL.NAS,H4,2026-06-08T16:00:00Z,313.57,315.33,309.89,313.49
AAPL.NAS,H4,2026-06-08T20:00:00Z,313.51,317.33,301.23,301.29
AAPL.NAS,H4,2026-06-09T16:00:00Z,298.01,300.27,287.77,289.23
AAPL.NAS,H4,2026-06-09T20:00:00Z,289.17,291.89,288.8,291.56
AAPL.NAS,H4,2026-06-10T16:00:00Z,288.7,292.95,287.38,292.3
AAPL.NAS,H4,2026-06-10T20:00:00Z,292.29,294.74,291.45,292.35
AAPL.NAS,H4,2026-06-11T16:00:00Z,291.28,294.48,289.62,293.73
AAPL.NAS,H4,2026-06-11T20:00:00Z,293.75,296.94,293.05,295.75
