symbol,timeframe,session_id,session_timezone,session_local_date,ib_window_minutes,ib_start_utc,ib_end_utc,ib_high,ib_low,ib_range,ib_mid,bars_in_ib_window,ib_defined
XAUUSD,M5,london,Europe/London,2025-06-12,60,2025-06-12T07:00:00Z,2025-06-12T08:00:00Z,3373.76000,3369.54000,4.22000,3371.65000,12,1
XAUUSD,M5,london,Europe/London,2025-06-13,60,2025-06-13T07:00:00Z,2025-06-13T08:00:00Z,3430.32000,3422.91000,7.41000,3426.61500,12,1
XAUUSD,M5,london,Europe/London,2025-06-16,60,2025-06-16T07:00:00Z,2025-06-16T08:00:00Z,3433.30000,3426.95000,6.35000,3430.12500,12,1
XAUUSD,M5,london,Europe/London,2025-06-17,60,2025-06-17T07:00:00Z,2025-06-17T08:00:00Z,3396.26000,3387.12000,9.14000,3391.69000,12,1
XAUUSD,M5,london,Europe/London,2025-06-18,60,2025-06-18T07:00:00Z,2025-06-18T08:00:00Z,3400.03000,3389.49000,10.54000,3394.76000,12,1
XAUUSD,M5,london,Europe/London,2025-06-19,60,2025-06-19T07:00:00Z,2025-06-19T08:00:00Z,3375.21000,3372.11000,3.10000,3373.66000,12,1
XAUUSD,M5,london,Europe/London,2025-06-20,60,2025-06-20T07:00:00Z,2025-06-20T08:00:00Z,3357.88000,3352.56000,5.32000,3355.22000,12,1
XAUUSD,M5,london,Europe/London,2025-06-23,60,2025-06-23T07:00:00Z,2025-06-23T08:00:00Z,3365.01000,3356.86000,8.15000,3360.93500,12,1
XAUUSD,M5,london,Europe/London,2025-06-24,60,2025-06-24T07:00:00Z,2025-06-24T08:00:00Z,3353.36000,3347.08000,6.28000,3350.22000,12,1
XAUUSD,M5,london,Europe/London,2025-06-25,60,2025-06-25T07:00:00Z,2025-06-25T08:00:00Z,3329.28000,3325.80000,3.48000,3327.54000,12,1
XAUUSD,M5,london,Europe/London,2025-06-26,60,2025-06-26T07:00:00Z,2025-06-26T08:00:00Z,3338.15000,3333.42000,4.73000,3335.78500,12,1
XAUUSD,M5,london,Europe/London,2025-06-27,60,2025-06-27T07:00:00Z,2025-06-27T08:00:00Z,3297.57000,3291.18000,6.39000,3294.37500,12,1
XAUUSD,M5,london,Europe/London,2025-06-30,60,2025-06-30T07:00:00Z,2025-06-30T08:00:00Z,3286.37000,3277.03000,9.34000,3281.70000,12,1
XAUUSD,M5,london,Europe/London,2025-07-01,60,2025-07-01T07:00:00Z,2025-07-01T08:00:00Z,3323.09000,3318.96000,4.13000,3321.02500,12,1
XAUUSD,M5,london,Europe/London,2025-07-02,60,2025-07-02T07:00:00Z,2025-07-02T08:00:00Z,3341.98000,3339.58000,2.40000,3340.78000,12,1
XAUUSD,M5,london,Europe/London,2025-07-03,60,2025-07-03T07:00:00Z,2025-07-03T08:00:00Z,3351.74000,3347.45000,4.29000,3349.59500,12,1
XAUUSD,M5,london,Europe/London,2025-07-04,60,2025-07-04T07:00:00Z,2025-07-04T08:00:00Z,3342.24000,3338.00000,4.24000,3340.12000,12,1
XAUUSD,M5,london,Europe/London,2025-07-07,60,2025-07-07T07:00:00Z,2025-07-07T08:00:00Z,3312.33000,3305.34000,6.99000,3308.83500,12,1
XAUUSD,M5,london,Europe/London,2025-07-08,60,2025-07-08T07:00:00Z,2025-07-08T08:00:00Z,3332.78000,3327.45000,5.33000,3330.11500,12,1
XAUUSD,M5,london,Europe/London,2025-07-09,60,2025-07-09T07:00:00Z,2025-07-09T08:00:00Z,3296.41000,3291.22000,5.19000,3293.81500,12,1
XAUUSD,M5,london,Europe/London,2025-07-10,60,2025-07-10T07:00:00Z,2025-07-10T08:00:00Z,3322.54000,3314.85000,7.69000,3318.69500,12,1
XAUUSD,M5,london,Europe/London,2025-07-11,60,2025-07-11T07:00:00Z,2025-07-11T08:00:00Z,3335.39000,3329.77000,5.62000,3332.58000,12,1
XAUUSD,M5,london,Europe/London,2025-07-14,60,2025-07-14T07:00:00Z,2025-07-14T08:00:00Z,3361.68000,3353.80000,7.88000,3357.74000,12,1
XAUUSD,M5,london,Europe/London,2025-07-15,60,2025-07-15T07:00:00Z,2025-07-15T08:00:00Z,3361.38000,3357.64000,3.74000,3359.51000,12,1
XAUUSD,M5,london,Europe/London,2025-07-16,60,2025-07-16T07:00:00Z,2025-07-16T08:00:00Z,3338.71000,3332.85000,5.86000,3335.78000,12,1
XAUUSD,M5,london,Europe/London,2025-07-17,60,2025-07-17T07:00:00Z,2025-07-17T08:00:00Z,3344.78000,3338.39000,6.39000,3341.58500,12,1
XAUUSD,M5,london,Europe/London,2025-07-18,60,2025-07-18T07:00:00Z,2025-07-18T08:00:00Z,3337.16000,3333.87000,3.29000,3335.51500,12,1
XAUUSD,M5,london,Europe/London,2025-07-21,60,2025-07-21T07:00:00Z,2025-07-21T08:00:00Z,3358.71000,3350.69000,8.02000,3354.70000,12,1
XAUUSD,M5,london,Europe/London,2025-07-22,60,2025-07-22T07:00:00Z,2025-07-22T08:00:00Z,3392.68000,3388.10000,4.58000,3390.39000,12,1
XAUUSD,M5,london,Europe/London,2025-07-23,60,2025-07-23T07:00:00Z,2025-07-23T08:00:00Z,3425.30000,3422.03000,3.27000,3423.66500,12,1
XAUUSD,M5,london,Europe/London,2025-07-24,60,2025-07-24T07:00:00Z,2025-07-24T08:00:00Z,3385.37000,3381.07000,4.30000,3383.22000,12,1
XAUUSD,M5,london,Europe/London,2025-07-25,60,2025-07-25T07:00:00Z,2025-07-25T08:00:00Z,3363.54000,3357.93000,5.61000,3360.73500,12,1
XAUUSD,M5,london,Europe/London,2025-07-28,60,2025-07-28T07:00:00Z,2025-07-28T08:00:00Z,3344.01000,3339.47000,4.54000,3341.74000,12,1
XAUUSD,M5,london,Europe/London,2025-07-29,60,2025-07-29T07:00:00Z,2025-07-29T08:00:00Z,3317.48000,3308.99000,8.49000,3313.23500,12,1
XAUUSD,M5,london,Europe/London,2025-07-30,60,2025-07-30T07:00:00Z,2025-07-30T08:00:00Z,3329.83000,3325.86000,3.97000,3327.84500,12,1
XAUUSD,M5,london,Europe/London,2025-07-31,60,2025-07-31T07:00:00Z,2025-07-31T08:00:00Z,3298.45000,3293.68000,4.77000,3296.06500,12,1
XAUUSD,M5,london,Europe/London,2025-08-01,60,2025-08-01T07:00:00Z,2025-08-01T08:00:00Z,3295.55000,3290.09000,5.46000,3292.82000,12,1
XAUUSD,M5,london,Europe/London,2025-08-04,60,2025-08-04T07:00:00Z,2025-08-04T08:00:00Z,3362.14000,3358.77000,3.37000,3360.45500,12,1
XAUUSD,M5,london,Europe/London,2025-08-05,60,2025-08-05T07:00:00Z,2025-08-05T08:00:00Z,3373.24000,3371.00000,2.24000,3372.12000,12,1
XAUUSD,M5,london,Europe/London,2025-08-06,60,2025-08-06T07:00:00Z,2025-08-06T08:00:00Z,3376.48000,3372.29000,4.19000,3374.38500,12,1
XAUUSD,M5,london,Europe/London,2025-08-07,60,2025-08-07T07:00:00Z,2025-08-07T08:00:00Z,3380.76000,3376.91000,3.85000,3378.83500,12,1
XAUUSD,M5,london,Europe/London,2025-08-08,60,2025-08-08T07:00:00Z,2025-08-08T08:00:00Z,3399.39000,3393.28000,6.11000,3396.33500,12,1
XAUUSD,M5,london,Europe/London,2025-08-11,60,2025-08-11T07:00:00Z,2025-08-11T08:00:00Z,3379.92000,3375.60000,4.32000,3377.76000,12,1
XAUUSD,M5,london,Europe/London,2025-08-12,60,2025-08-12T07:00:00Z,2025-08-12T08:00:00Z,3355.75000,3348.61000,7.14000,3352.18000,12,1
XAUUSD,M5,london,Europe/London,2025-08-13,60,2025-08-13T07:00:00Z,2025-08-13T08:00:00Z,3352.40000,3348.22000,4.18000,3350.31000,12,1
XAUUSD,M5,london,Europe/London,2025-08-14,60,2025-08-14T07:00:00Z,2025-08-14T08:00:00Z,3361.81000,3358.61000,3.20000,3360.21000,12,1
XAUUSD,M5,london,Europe/London,2025-08-15,60,2025-08-15T07:00:00Z,2025-08-15T08:00:00Z,3346.77000,3343.34000,3.43000,3345.05500,12,1
XAUUSD,M5,london,Europe/London,2025-08-18,60,2025-08-18T07:00:00Z,2025-08-18T08:00:00Z,3358.16000,3346.82000,11.34000,3352.49000,12,1
XAUUSD,M5,london,Europe/London,2025-08-19,60,2025-08-19T07:00:00Z,2025-08-19T08:00:00Z,3338.14000,3334.48000,3.66000,3336.31000,12,1
XAUUSD,M5,london,Europe/London,2025-08-20,60,2025-08-20T07:00:00Z,2025-08-20T08:00:00Z,3321.07000,3317.21000,3.86000,3319.14000,12,1
XAUUSD,M5,london,Europe/London,2025-08-21,60,2025-08-21T07:00:00Z,2025-08-21T08:00:00Z,3341.08000,3338.00000,3.08000,3339.54000,12,1
XAUUSD,M5,london,Europe/London,2025-08-22,60,2025-08-22T07:00:00Z,2025-08-22T08:00:00Z,3332.73000,3328.05000,4.68000,3330.39000,12,1
XAUUSD,M5,london,Europe/London,2025-08-25,60,2025-08-25T07:00:00Z,2025-08-25T08:00:00Z,3367.66000,3363.85000,3.81000,3365.75500,12,1
XAUUSD,M5,london,Europe/London,2025-08-26,60,2025-08-26T07:00:00Z,2025-08-26T08:00:00Z,3378.94000,3372.14000,6.80000,3375.54000,12,1
XAUUSD,M5,london,Europe/London,2025-08-27,60,2025-08-27T07:00:00Z,2025-08-27T08:00:00Z,3381.28000,3373.92000,7.36000,3377.60000,12,1
XAUUSD,M5,london,Europe/London,2025-08-28,60,2025-08-28T07:00:00Z,2025-08-28T08:00:00Z,3392.30000,3388.72000,3.58000,3390.51000,12,1
XAUUSD,M5,london,Europe/London,2025-08-29,60,2025-08-29T07:00:00Z,2025-08-29T08:00:00Z,3411.37000,3407.54000,3.83000,3409.45500,12,1
XAUUSD,M5,london,Europe/London,2025-09-01,60,2025-09-01T07:00:00Z,2025-09-01T08:00:00Z,3479.52000,3472.21000,7.31000,3475.86500,12,1
XAUUSD,M5,london,Europe/London,2025-09-02,60,2025-09-02T07:00:00Z,2025-09-02T08:00:00Z,3498.31000,3493.38000,4.93000,3495.84500,12,1
XAUUSD,M5,london,Europe/London,2025-09-03,60,2025-09-03T07:00:00Z,2025-09-03T08:00:00Z,3538.34000,3530.79000,7.55000,3534.56500,12,1
XAUUSD,M5,london,Europe/London,2025-09-04,60,2025-09-04T07:00:00Z,2025-09-04T08:00:00Z,3534.31000,3528.74000,5.57000,3531.52500,12,1
XAUUSD,M5,london,Europe/London,2025-09-05,60,2025-09-05T07:00:00Z,2025-09-05T08:00:00Z,3559.10000,3556.28000,2.82000,3557.69000,12,1
XAUUSD,M5,london,Europe/London,2025-09-08,60,2025-09-08T07:00:00Z,2025-09-08T08:00:00Z,3584.82000,3579.56000,5.26000,3582.19000,12,1
XAUUSD,M5,london,Europe/London,2025-09-09,60,2025-09-09T07:00:00Z,2025-09-09T08:00:00Z,3657.13000,3645.82000,11.31000,3651.47500,12,1
XAUUSD,M5,london,Europe/London,2025-09-10,60,2025-09-10T07:00:00Z,2025-09-10T08:00:00Z,3643.25000,3636.56000,6.69000,3639.90500,12,1
XAUUSD,M5,london,Europe/London,2025-09-11,60,2025-09-11T07:00:00Z,2025-09-11T08:00:00Z,3634.36000,3630.18000,4.18000,3632.27000,12,1
XAUUSD,M5,london,Europe/London,2025-09-12,60,2025-09-12T07:00:00Z,2025-09-12T08:00:00Z,3656.14000,3651.52000,4.62000,3653.83000,12,1
XAUUSD,M5,london,Europe/London,2025-09-15,60,2025-09-15T07:00:00Z,2025-09-15T08:00:00Z,3647.00000,3643.63000,3.37000,3645.31500,12,1
XAUUSD,M5,london,Europe/London,2025-09-16,60,2025-09-16T07:00:00Z,2025-09-16T08:00:00Z,3685.36000,3680.19000,5.17000,3682.77500,12,1
XAUUSD,M5,london,Europe/London,2025-09-17,60,2025-09-17T07:00:00Z,2025-09-17T08:00:00Z,3682.55000,3680.41000,2.14000,3681.48000,12,1
XAUUSD,M5,london,Europe/London,2025-09-18,60,2025-09-18T07:00:00Z,2025-09-18T08:00:00Z,3659.29000,3653.48000,5.81000,3656.38500,12,1
XAUUSD,M5,london,Europe/London,2025-09-19,60,2025-09-19T07:00:00Z,2025-09-19T08:00:00Z,3660.00000,3653.68000,6.32000,3656.84000,12,1
XAUUSD,M5,london,Europe/London,2025-09-22,60,2025-09-22T07:00:00Z,2025-09-22T08:00:00Z,3695.90000,3690.10000,5.80000,3693.00000,12,1
XAUUSD,M5,london,Europe/London,2025-09-23,60,2025-09-23T07:00:00Z,2025-09-23T08:00:00Z,3747.57000,3743.32000,4.25000,3745.44500,12,1
XAUUSD,M5,london,Europe/London,2025-09-24,60,2025-09-24T07:00:00Z,2025-09-24T08:00:00Z,3768.32000,3763.24000,5.08000,3765.78000,12,1
XAUUSD,M5,london,Europe/London,2025-09-25,60,2025-09-25T07:00:00Z,2025-09-25T08:00:00Z,3740.76000,3731.79000,8.97000,3736.27500,12,1
XAUUSD,M5,london,Europe/London,2025-09-26,60,2025-09-26T07:00:00Z,2025-09-26T08:00:00Z,3747.78000,3744.58000,3.20000,3746.18000,12,1
XAUUSD,M5,london,Europe/London,2025-09-29,60,2025-09-29T07:00:00Z,2025-09-29T08:00:00Z,3809.04000,3792.57000,16.47000,3800.80500,12,1
XAUUSD,M5,london,Europe/London,2025-09-30,60,2025-09-30T07:00:00Z,2025-09-30T08:00:00Z,3867.15000,3862.04000,5.11000,3864.59500,12,1
XAUUSD,M5,london,Europe/London,2025-10-01,60,2025-10-01T07:00:00Z,2025-10-01T08:00:00Z,3865.05000,3857.56000,7.49000,3861.30500,12,1
XAUUSD,M5,london,Europe/London,2025-10-02,60,2025-10-02T07:00:00Z,2025-10-02T08:00:00Z,3867.64000,3861.94000,5.70000,3864.79000,12,1
XAUUSD,M5,london,Europe/London,2025-10-03,60,2025-10-03T07:00:00Z,2025-10-03T08:00:00Z,3848.26000,3841.76000,6.50000,3845.01000,12,1
XAUUSD,M5,london,Europe/London,2025-10-06,60,2025-10-06T07:00:00Z,2025-10-06T08:00:00Z,3940.22000,3928.73000,11.49000,3934.47500,12,1
XAUUSD,M5,london,Europe/London,2025-10-07,60,2025-10-07T07:00:00Z,2025-10-07T08:00:00Z,3977.03000,3971.50000,5.53000,3974.26500,12,1
XAUUSD,M5,london,Europe/London,2025-10-08,60,2025-10-08T07:00:00Z,2025-10-08T08:00:00Z,4027.19000,4014.73000,12.46000,4020.96000,12,1
XAUUSD,M5,london,Europe/London,2025-10-09,60,2025-10-09T07:00:00Z,2025-10-09T08:00:00Z,4041.14000,4026.99000,14.15000,4034.06500,12,1
XAUUSD,M5,london,Europe/London,2025-10-10,60,2025-10-10T07:00:00Z,2025-10-10T08:00:00Z,3966.76000,3947.16000,19.60000,3956.96000,12,1
XAUUSD,M5,london,Europe/London,2025-10-13,60,2025-10-13T07:00:00Z,2025-10-13T08:00:00Z,4059.41000,4051.24000,8.17000,4055.32500,12,1
XAUUSD,M5,london,Europe/London,2025-10-14,60,2025-10-14T07:00:00Z,2025-10-14T08:00:00Z,4169.98000,4156.08000,13.90000,4163.03000,12,1
XAUUSD,M5,london,Europe/London,2025-10-15,60,2025-10-15T07:00:00Z,2025-10-15T08:00:00Z,4187.62000,4173.29000,14.33000,4180.45500,12,1
XAUUSD,M5,london,Europe/London,2025-10-16,60,2025-10-16T07:00:00Z,2025-10-16T08:00:00Z,4239.30000,4228.18000,11.12000,4233.74000,12,1
XAUUSD,M5,london,Europe/London,2025-10-17,60,2025-10-17T07:00:00Z,2025-10-17T08:00:00Z,4377.10000,4355.30000,21.80000,4366.20000,12,1
XAUUSD,M5,london,Europe/London,2025-10-20,60,2025-10-20T07:00:00Z,2025-10-20T08:00:00Z,4268.27000,4260.44000,7.83000,4264.35500,12,1
XAUUSD,M5,london,Europe/London,2025-10-21,60,2025-10-21T07:00:00Z,2025-10-21T08:00:00Z,4347.14000,4337.06000,10.08000,4342.10000,12,1
XAUUSD,M5,london,Europe/London,2025-10-22,60,2025-10-22T07:00:00Z,2025-10-22T08:00:00Z,4133.46000,4107.38000,26.08000,4120.42000,12,1
XAUUSD,M5,london,Europe/London,2025-10-23,60,2025-10-23T07:00:00Z,2025-10-23T08:00:00Z,4092.84000,4079.80000,13.04000,4086.32000,12,1
XAUUSD,M5,london,Europe/London,2025-10-24,60,2025-10-24T07:00:00Z,2025-10-24T08:00:00Z,4123.36000,4102.96000,20.40000,4113.16000,12,1
XAUUSD,M5,london,Europe/London,2025-10-27,60,2025-10-27T08:00:00Z,2025-10-27T09:00:00Z,4084.44000,4068.61000,15.83000,4076.52500,12,1
XAUUSD,M5,london,Europe/London,2025-10-28,60,2025-10-28T08:00:00Z,2025-10-28T09:00:00Z,3980.16000,3959.16000,21.00000,3969.66000,12,1
XAUUSD,M5,london,Europe/London,2025-10-29,60,2025-10-29T08:00:00Z,2025-10-29T09:00:00Z,3966.18000,3951.00000,15.18000,3958.59000,12,1
XAUUSD,M5,london,Europe/London,2025-10-30,60,2025-10-30T08:00:00Z,2025-10-30T09:00:00Z,3978.43000,3947.16000,31.27000,3962.79500,12,1
XAUUSD,M5,london,Europe/London,2025-10-31,60,2025-10-31T08:00:00Z,2025-10-31T09:00:00Z,4011.16000,3994.18000,16.98000,4002.67000,12,1
XAUUSD,M5,london,Europe/London,2025-11-03,60,2025-11-03T08:00:00Z,2025-11-03T09:00:00Z,4018.78000,4010.27000,8.51000,4014.52500,12,1
XAUUSD,M5,london,Europe/London,2025-11-04,60,2025-11-04T08:00:00Z,2025-11-04T09:00:00Z,3988.23000,3966.79000,21.44000,3977.51000,12,1
XAUUSD,M5,london,Europe/London,2025-11-05,60,2025-11-05T08:00:00Z,2025-11-05T09:00:00Z,3973.70000,3961.88000,11.82000,3967.79000,12,1
XAUUSD,M5,london,Europe/London,2025-11-06,60,2025-11-06T08:00:00Z,2025-11-06T09:00:00Z,3992.92000,3982.33000,10.59000,3987.62500,12,1
XAUUSD,M5,london,Europe/London,2025-11-07,60,2025-11-07T08:00:00Z,2025-11-07T09:00:00Z,4008.42000,3992.34000,16.08000,4000.38000,12,1
XAUUSD,M5,london,Europe/London,2025-11-10,60,2025-11-10T08:00:00Z,2025-11-10T09:00:00Z,4078.41000,4066.93000,11.48000,4072.67000,12,1
XAUUSD,M5,london,Europe/London,2025-11-11,60,2025-11-11T08:00:00Z,2025-11-11T09:00:00Z,4137.85000,4126.87000,10.98000,4132.36000,12,1
XAUUSD,M5,london,Europe/London,2025-11-12,60,2025-11-12T08:00:00Z,2025-11-12T09:00:00Z,4119.04000,4103.19000,15.85000,4111.11500,12,1
XAUUSD,M5,london,Europe/London,2025-11-13,60,2025-11-13T08:00:00Z,2025-11-13T09:00:00Z,4212.08000,4203.39000,8.69000,4207.73500,12,1
XAUUSD,M5,london,Europe/London,2025-11-14,60,2025-11-14T08:00:00Z,2025-11-14T09:00:00Z,4193.45000,4169.75000,23.70000,4181.60000,12,1
XAUUSD,M5,london,Europe/London,2025-11-17,60,2025-11-17T08:00:00Z,2025-11-17T09:00:00Z,4071.92000,4054.88000,17.04000,4063.40000,12,1
XAUUSD,M5,london,Europe/London,2025-11-18,60,2025-11-18T08:00:00Z,2025-11-18T09:00:00Z,4020.49000,4007.60000,12.89000,4014.04500,12,1
XAUUSD,M5,london,Europe/London,2025-11-19,60,2025-11-19T08:00:00Z,2025-11-19T09:00:00Z,4098.65000,4089.31000,9.34000,4093.98000,12,1
XAUUSD,M5,london,Europe/London,2025-11-20,60,2025-11-20T08:00:00Z,2025-11-20T09:00:00Z,4077.59000,4058.77000,18.82000,4068.18000,12,1
XAUUSD,M5,london,Europe/London,2025-11-21,60,2025-11-21T08:00:00Z,2025-11-21T09:00:00Z,4065.18000,4029.34000,35.84000,4047.26000,12,1
XAUUSD,M5,london,Europe/London,2025-11-24,60,2025-11-24T08:00:00Z,2025-11-24T09:00:00Z,4058.16000,4045.49000,12.67000,4051.82500,12,1
XAUUSD,M5,london,Europe/London,2025-11-25,60,2025-11-25T08:00:00Z,2025-11-25T09:00:00Z,4152.07000,4138.80000,13.27000,4145.43500,12,1
XAUUSD,M5,london,Europe/London,2025-11-26,60,2025-11-26T08:00:00Z,2025-11-26T09:00:00Z,4162.92000,4146.83000,16.09000,4154.87500,12,1
XAUUSD,M5,london,Europe/London,2025-11-27,60,2025-11-27T08:00:00Z,2025-11-27T09:00:00Z,4159.30000,4147.08000,12.22000,4153.19000,12,1
XAUUSD,M5,london,Europe/London,2025-11-28,60,2025-11-28T08:00:00Z,2025-11-28T09:00:00Z,4189.03000,4181.90000,7.13000,4185.46500,12,1
XAUUSD,M5,london,Europe/London,2025-12-01,60,2025-12-01T08:00:00Z,2025-12-01T09:00:00Z,4240.59000,4226.39000,14.20000,4233.49000,12,1
XAUUSD,M5,london,Europe/London,2025-12-02,60,2025-12-02T08:00:00Z,2025-12-02T09:00:00Z,4226.32000,4203.40000,22.92000,4214.86000,12,1
XAUUSD,M5,london,Europe/London,2025-12-03,60,2025-12-03T08:00:00Z,2025-12-03T09:00:00Z,4211.81000,4204.94000,6.87000,4208.37500,12,1
XAUUSD,M5,london,Europe/London,2025-12-04,60,2025-12-04T08:00:00Z,2025-12-04T09:00:00Z,4190.26000,4178.72000,11.54000,4184.49000,12,1
XAUUSD,M5,london,Europe/London,2025-12-05,60,2025-12-05T08:00:00Z,2025-12-05T09:00:00Z,4229.15000,4218.63000,10.52000,4223.89000,12,1
XAUUSD,M5,london,Europe/London,2025-12-08,60,2025-12-08T08:00:00Z,2025-12-08T09:00:00Z,4218.94000,4212.29000,6.65000,4215.61500,12,1
XAUUSD,M5,london,Europe/London,2025-12-09,60,2025-12-09T08:00:00Z,2025-12-09T09:00:00Z,4184.06000,4170.08000,13.98000,4177.07000,12,1
XAUUSD,M5,london,Europe/London,2025-12-10,60,2025-12-10T08:00:00Z,2025-12-10T09:00:00Z,4211.75000,4203.14000,8.61000,4207.44500,12,1
XAUUSD,M5,london,Europe/London,2025-12-11,60,2025-12-11T08:00:00Z,2025-12-11T09:00:00Z,4215.44000,4204.39000,11.05000,4209.91500,12,1
XAUUSD,M5,london,Europe/London,2025-12-12,60,2025-12-12T08:00:00Z,2025-12-12T09:00:00Z,4283.28000,4276.67000,6.61000,4279.97500,12,1
XAUUSD,M5,london,Europe/London,2025-12-15,60,2025-12-15T08:00:00Z,2025-12-15T09:00:00Z,4347.41000,4339.72000,7.69000,4343.56500,12,1
XAUUSD,M5,london,Europe/London,2025-12-16,60,2025-12-16T08:00:00Z,2025-12-16T09:00:00Z,4292.14000,4282.68000,9.46000,4287.41000,12,1
XAUUSD,M5,london,Europe/London,2025-12-17,60,2025-12-17T08:00:00Z,2025-12-17T09:00:00Z,4337.76000,4324.56000,13.20000,4331.16000,12,1
XAUUSD,M5,london,Europe/London,2025-12-18,60,2025-12-18T08:00:00Z,2025-12-18T09:00:00Z,4336.17000,4330.74000,5.43000,4333.45500,12,1
XAUUSD,M5,london,Europe/London,2025-12-19,60,2025-12-19T08:00:00Z,2025-12-19T09:00:00Z,4329.53000,4321.76000,7.77000,4325.64500,12,1
XAUUSD,M5,london,Europe/London,2025-12-22,60,2025-12-22T08:00:00Z,2025-12-22T09:00:00Z,4419.83000,4398.91000,20.92000,4409.37000,12,1
XAUUSD,M5,london,Europe/London,2025-12-23,60,2025-12-23T08:00:00Z,2025-12-23T09:00:00Z,4481.52000,4469.58000,11.94000,4475.55000,12,1
XAUUSD,M5,london,Europe/London,2025-12-24,60,2025-12-24T08:00:00Z,2025-12-24T09:00:00Z,4497.85000,4485.52000,12.33000,4491.68500,12,1
XAUUSD,M5,london,Europe/London,2025-12-26,60,2025-12-26T08:00:00Z,2025-12-26T09:00:00Z,4519.50000,4508.19000,11.31000,4513.84500,12,1
XAUUSD,M5,london,Europe/London,2025-12-29,60,2025-12-29T08:00:00Z,2025-12-29T09:00:00Z,4510.63000,4471.13000,39.50000,4490.88000,12,1
XAUUSD,M5,london,Europe/London,2025-12-30,60,2025-12-30T08:00:00Z,2025-12-30T09:00:00Z,4378.58000,4359.90000,18.68000,4369.24000,12,1
XAUUSD,M5,london,Europe/London,2025-12-31,60,2025-12-31T08:00:00Z,2025-12-31T09:00:00Z,4328.84000,4274.74000,54.10000,4301.79000,12,1
XAUUSD,M5,london,Europe/London,2026-01-02,60,2026-01-02T08:00:00Z,2026-01-02T09:00:00Z,4381.02000,4373.38000,7.64000,4377.20000,12,1
XAUUSD,M5,london,Europe/London,2026-01-05,60,2026-01-05T08:00:00Z,2026-01-05T09:00:00Z,4426.40000,4411.37000,15.03000,4418.88500,12,1
XAUUSD,M5,london,Europe/London,2026-01-06,60,2026-01-06T08:00:00Z,2026-01-06T09:00:00Z,4467.00000,4451.59000,15.41000,4459.29500,12,1
XAUUSD,M5,london,Europe/London,2026-01-07,60,2026-01-07T08:00:00Z,2026-01-07T09:00:00Z,4460.38000,4441.60000,18.78000,4450.99000,12,1
XAUUSD,M5,london,Europe/London,2026-01-08,60,2026-01-08T08:00:00Z,2026-01-08T09:00:00Z,4437.84000,4416.04000,21.80000,4426.94000,12,1
XAUUSD,M5,london,Europe/London,2026-01-09,60,2026-01-09T08:00:00Z,2026-01-09T09:00:00Z,4477.36000,4466.14000,11.22000,4471.75000,12,1
XAUUSD,M5,london,Europe/London,2026-01-12,60,2026-01-12T08:00:00Z,2026-01-12T09:00:00Z,4580.94000,4569.86000,11.08000,4575.40000,12,1
XAUUSD,M5,london,Europe/London,2026-01-13,60,2026-01-13T08:00:00Z,2026-01-13T09:00:00Z,4592.38000,4573.74000,18.64000,4583.06000,12,1
XAUUSD,M5,london,Europe/London,2026-01-14,60,2026-01-14T08:00:00Z,2026-01-14T09:00:00Z,4637.21000,4618.51000,18.70000,4627.86000,12,1
XAUUSD,M5,london,Europe/London,2026-01-15,60,2026-01-15T08:00:00Z,2026-01-15T09:00:00Z,4612.07000,4593.68000,18.39000,4602.87500,12,1
XAUUSD,M5,london,Europe/London,2026-01-16,60,2026-01-16T08:00:00Z,2026-01-16T09:00:00Z,4612.36000,4594.10000,18.26000,4603.23000,12,1
XAUUSD,M5,london,Europe/London,2026-01-19,60,2026-01-19T08:00:00Z,2026-01-19T09:00:00Z,4679.07000,4666.78000,12.29000,4672.92500,12,1
XAUUSD,M5,london,Europe/London,2026-01-20,60,2026-01-20T08:00:00Z,2026-01-20T09:00:00Z,4717.06000,4705.74000,11.32000,4711.40000,12,1
XAUUSD,M5,london,Europe/London,2026-01-21,60,2026-01-21T08:00:00Z,2026-01-21T09:00:00Z,4888.35000,4845.33000,43.02000,4866.84000,12,1
XAUUSD,M5,london,Europe/London,2026-01-22,60,2026-01-22T08:00:00Z,2026-01-22T09:00:00Z,4829.24000,4816.47000,12.77000,4822.85500,12,1
XAUUSD,M5,london,Europe/London,2026-01-23,60,2026-01-23T08:00:00Z,2026-01-23T09:00:00Z,4963.13000,4945.56000,17.57000,4954.34500,12,1
XAUUSD,M5,london,Europe/London,2026-01-26,60,2026-01-26T08:00:00Z,2026-01-26T09:00:00Z,5111.04000,5065.37000,45.67000,5088.20500,12,1
XAUUSD,M5,london,Europe/London,2026-01-27,60,2026-01-27T08:00:00Z,2026-01-27T09:00:00Z,5093.72000,5076.72000,17.00000,5085.22000,12,1
XAUUSD,M5,london,Europe/London,2026-01-28,60,2026-01-28T08:00:00Z,2026-01-28T09:00:00Z,5271.38000,5252.06000,19.32000,5261.72000,12,1
XAUUSD,M5,london,Europe/London,2026-01-29,60,2026-01-29T08:00:00Z,2026-01-29T09:00:00Z,5595.40000,5554.66000,40.74000,5575.03000,12,1
XAUUSD,M5,london,Europe/London,2026-01-30,60,2026-01-30T08:00:00Z,2026-01-30T09:00:00Z,5205.29000,5144.94000,60.35000,5175.11500,12,1
XAUUSD,M5,london,Europe/London,2026-02-02,60,2026-02-02T08:00:00Z,2026-02-02T09:00:00Z,4573.85000,4403.12000,170.73000,4488.48500,12,1
XAUUSD,M5,london,Europe/London,2026-02-03,60,2026-02-03T08:00:00Z,2026-02-03T09:00:00Z,4894.06000,4816.72000,77.34000,4855.39000,12,1
XAUUSD,M5,london,Europe/London,2026-02-04,60,2026-02-04T08:00:00Z,2026-02-04T09:00:00Z,5082.78000,5051.30000,31.48000,5067.04000,12,1
XAUUSD,M5,london,Europe/London,2026-02-05,60,2026-02-05T08:00:00Z,2026-02-05T09:00:00Z,4934.09000,4878.48000,55.61000,4906.28500,12,1
XAUUSD,M5,london,Europe/London,2026-02-06,60,2026-02-06T08:00:00Z,2026-02-06T09:00:00Z,4903.10000,4824.83000,78.27000,4863.96500,12,1
XAUUSD,M5,london,Europe/London,2026-02-09,60,2026-02-09T08:00:00Z,2026-02-09T09:00:00Z,5045.58000,5014.14000,31.44000,5029.86000,12,1
XAUUSD,M5,london,Europe/London,2026-02-10,60,2026-02-10T08:00:00Z,2026-02-10T09:00:00Z,5045.52000,5019.08000,26.44000,5032.30000,12,1
XAUUSD,M5,london,Europe/London,2026-02-11,60,2026-02-11T08:00:00Z,2026-02-11T09:00:00Z,5064.53000,5049.45000,15.08000,5056.99000,12,1
XAUUSD,M5,london,Europe/London,2026-02-12,60,2026-02-12T08:00:00Z,2026-02-12T09:00:00Z,5076.40000,5047.35000,29.05000,5061.87500,12,1
XAUUSD,M5,london,Europe/London,2026-02-13,60,2026-02-13T08:00:00Z,2026-02-13T09:00:00Z,4968.79000,4946.16000,22.63000,4957.47500,12,1
XAUUSD,M5,london,Europe/London,2026-02-16,60,2026-02-16T08:00:00Z,2026-02-16T09:00:00Z,5003.06000,4984.91000,18.15000,4993.98500,12,1
XAUUSD,M5,london,Europe/London,2026-02-17,60,2026-02-17T08:00:00Z,2026-02-17T09:00:00Z,4914.40000,4886.62000,27.78000,4900.51000,12,1
XAUUSD,M5,london,Europe/London,2026-02-18,60,2026-02-18T08:00:00Z,2026-02-18T09:00:00Z,4936.09000,4925.33000,10.76000,4930.71000,12,1
XAUUSD,M5,london,Europe/London,2026-02-19,60,2026-02-19T08:00:00Z,2026-02-19T09:00:00Z,5019.84000,4996.64000,23.20000,5008.24000,12,1
XAUUSD,M5,london,Europe/London,2026-02-20,60,2026-02-20T08:00:00Z,2026-02-20T09:00:00Z,5030.01000,5011.98000,18.03000,5020.99500,12,1
XAUUSD,M5,london,Europe/London,2026-02-23,60,2026-02-23T08:00:00Z,2026-02-23T09:00:00Z,5161.55000,5145.19000,16.36000,5153.37000,12,1
XAUUSD,M5,london,Europe/London,2026-02-24,60,2026-02-24T08:00:00Z,2026-02-24T09:00:00Z,5184.88000,5156.64000,28.24000,5170.76000,12,1
XAUUSD,M5,london,Europe/London,2026-02-25,60,2026-02-25T08:00:00Z,2026-02-25T09:00:00Z,5201.85000,5182.50000,19.35000,5192.17500,12,1
XAUUSD,M5,london,Europe/London,2026-02-26,60,2026-02-26T08:00:00Z,2026-02-26T09:00:00Z,5199.66000,5190.53000,9.13000,5195.09500,12,1
XAUUSD,M5,london,Europe/London,2026-02-27,60,2026-02-27T08:00:00Z,2026-02-27T09:00:00Z,5199.16000,5185.18000,13.98000,5192.17000,12,1
XAUUSD,M5,london,Europe/London,2026-03-02,60,2026-03-02T08:00:00Z,2026-03-02T09:00:00Z,5389.83000,5363.70000,26.13000,5376.76500,12,1
XAUUSD,M5,london,Europe/London,2026-03-03,60,2026-03-03T08:00:00Z,2026-03-03T09:00:00Z,5323.03000,5279.10000,43.93000,5301.06500,12,1
XAUUSD,M5,london,Europe/London,2026-03-04,60,2026-03-04T08:00:00Z,2026-03-04T09:00:00Z,5160.64000,5121.26000,39.38000,5140.95000,12,1
XAUUSD,M5,london,Europe/London,2026-03-05,60,2026-03-05T08:00:00Z,2026-03-05T09:00:00Z,5168.78000,5120.96000,47.82000,5144.87000,12,1
XAUUSD,M5,london,Europe/London,2026-03-06,60,2026-03-06T08:00:00Z,2026-03-06T09:00:00Z,5122.99000,5109.30000,13.69000,5116.14500,12,1
XAUUSD,M5,london,Europe/London,2026-03-09,60,2026-03-09T08:00:00Z,2026-03-09T09:00:00Z,5140.44000,5080.97000,59.47000,5110.70500,12,1
XAUUSD,M5,london,Europe/London,2026-03-10,60,2026-03-10T08:00:00Z,2026-03-10T09:00:00Z,5179.32000,5163.82000,15.50000,5171.57000,12,1
XAUUSD,M5,london,Europe/London,2026-03-11,60,2026-03-11T08:00:00Z,2026-03-11T09:00:00Z,5208.30000,5191.22000,17.08000,5199.76000,12,1
XAUUSD,M5,london,Europe/London,2026-03-12,60,2026-03-12T08:00:00Z,2026-03-12T09:00:00Z,5157.58000,5137.24000,20.34000,5147.41000,12,1
XAUUSD,M5,london,Europe/London,2026-03-13,60,2026-03-13T08:00:00Z,2026-03-13T09:00:00Z,5111.06000,5098.24000,12.82000,5104.65000,12,1
XAUUSD,M5,london,Europe/London,2026-03-16,60,2026-03-16T08:00:00Z,2026-03-16T09:00:00Z,5020.06000,5003.26000,16.80000,5011.66000,12,1
XAUUSD,M5,london,Europe/London,2026-03-17,60,2026-03-17T08:00:00Z,2026-03-17T09:00:00Z,5044.50000,5020.22000,24.28000,5032.36000,12,1
XAUUSD,M5,london,Europe/London,2026-03-18,60,2026-03-18T08:00:00Z,2026-03-18T09:00:00Z,5002.65000,4984.79000,17.86000,4993.72000,12,1
XAUUSD,M5,london,Europe/London,2026-03-19,60,2026-03-19T08:00:00Z,2026-03-19T09:00:00Z,4853.99000,4827.06000,26.93000,4840.52500,12,1
XAUUSD,M5,london,Europe/London,2026-03-20,60,2026-03-20T08:00:00Z,2026-03-20T09:00:00Z,4723.58000,4685.82000,37.76000,4704.70000,12,1
XAUUSD,M5,london,Europe/London,2026-03-23,60,2026-03-23T08:00:00Z,2026-03-23T09:00:00Z,4380.14000,4302.50000,77.64000,4341.32000,12,1
XAUUSD,M5,london,Europe/London,2026-03-24,60,2026-03-24T08:00:00Z,2026-03-24T09:00:00Z,4374.28000,4319.88000,54.40000,4347.08000,12,1
XAUUSD,M5,london,Europe/London,2026-03-25,60,2026-03-25T08:00:00Z,2026-03-25T09:00:00Z,4573.42000,4548.82000,24.60000,4561.12000,12,1
XAUUSD,M5,london,Europe/London,2026-03-26,60,2026-03-26T08:00:00Z,2026-03-26T09:00:00Z,4522.32000,4439.10000,83.22000,4480.71000,12,1
XAUUSD,M5,london,Europe/London,2026-03-27,60,2026-03-27T08:00:00Z,2026-03-27T09:00:00Z,4475.08000,4440.48000,34.60000,4457.78000,12,1
XAUUSD,M5,london,Europe/London,2026-03-30,60,2026-03-30T07:00:00Z,2026-03-30T08:00:00Z,4498.76000,4486.46000,12.30000,4492.61000,12,1
XAUUSD,M5,london,Europe/London,2026-03-31,60,2026-03-31T07:00:00Z,2026-03-31T08:00:00Z,4569.44000,4557.18000,12.26000,4563.31000,12,1
XAUUSD,M5,london,Europe/London,2026-04-01,60,2026-04-01T07:00:00Z,2026-04-01T08:00:00Z,4682.06000,4667.12000,14.94000,4674.59000,12,1
XAUUSD,M5,london,Europe/London,2026-04-02,60,2026-04-02T07:00:00Z,2026-04-02T08:00:00Z,4681.54000,4657.24000,24.30000,4669.39000,12,1
XAUUSD,M5,london,Europe/London,2026-04-06,60,2026-04-06T07:00:00Z,2026-04-06T08:00:00Z,4660.03000,4640.07000,19.96000,4650.05000,12,1
XAUUSD,M5,london,Europe/London,2026-04-07,60,2026-04-07T07:00:00Z,2026-04-07T08:00:00Z,4663.84000,4645.68000,18.16000,4654.76000,12,1
XAUUSD,M5,london,Europe/London,2026-04-08,60,2026-04-08T07:00:00Z,2026-04-08T08:00:00Z,4806.57000,4790.28000,16.29000,4798.42500,12,1
XAUUSD,M5,london,Europe/London,2026-04-09,60,2026-04-09T07:00:00Z,2026-04-09T08:00:00Z,4725.36000,4709.84000,15.52000,4717.60000,12,1
XAUUSD,M5,london,Europe/London,2026-04-10,60,2026-04-10T07:00:00Z,2026-04-10T08:00:00Z,4770.86000,4757.93000,12.93000,4764.39500,12,1
XAUUSD,M5,london,Europe/London,2026-04-13,60,2026-04-13T07:00:00Z,2026-04-13T08:00:00Z,4724.76000,4708.80000,15.96000,4716.78000,12,1
XAUUSD,M5,london,Europe/London,2026-04-14,60,2026-04-14T07:00:00Z,2026-04-14T08:00:00Z,4776.78000,4766.98000,9.80000,4771.88000,12,1
XAUUSD,M5,london,Europe/London,2026-04-15,60,2026-04-15T07:00:00Z,2026-04-15T08:00:00Z,4827.84000,4820.46000,7.38000,4824.15000,12,1
XAUUSD,M5,london,Europe/London,2026-04-16,60,2026-04-16T07:00:00Z,2026-04-16T08:00:00Z,4833.50000,4822.84000,10.66000,4828.17000,12,1
XAUUSD,M5,london,Europe/London,2026-04-17,60,2026-04-17T07:00:00Z,2026-04-17T08:00:00Z,4804.52000,4792.72000,11.80000,4798.62000,12,1
XAUUSD,M5,london,Europe/London,2026-04-20,60,2026-04-20T07:00:00Z,2026-04-20T08:00:00Z,4795.80000,4787.24000,8.56000,4791.52000,12,1
XAUUSD,M5,london,Europe/London,2026-04-21,60,2026-04-21T07:00:00Z,2026-04-21T08:00:00Z,4797.91000,4788.76000,9.15000,4793.33500,12,1
XAUUSD,M5,london,Europe/London,2026-04-22,60,2026-04-22T07:00:00Z,2026-04-22T08:00:00Z,4759.71000,4752.22000,7.49000,4755.96500,12,1
XAUUSD,M5,london,Europe/London,2026-04-23,60,2026-04-23T07:00:00Z,2026-04-23T08:00:00Z,4707.06000,4698.87000,8.19000,4702.96500,12,1
XAUUSD,M5,london,Europe/London,2026-04-24,60,2026-04-24T07:00:00Z,2026-04-24T08:00:00Z,4676.85000,4657.72000,19.13000,4667.28500,12,1
XAUUSD,M5,london,Europe/London,2026-04-27,60,2026-04-27T07:00:00Z,2026-04-27T08:00:00Z,4730.10000,4722.76000,7.34000,4726.43000,12,1
XAUUSD,M5,london,Europe/London,2026-04-28,60,2026-04-28T07:00:00Z,2026-04-28T08:00:00Z,4671.34000,4666.70000,4.64000,4669.02000,12,1
XAUUSD,M5,london,Europe/London,2026-04-29,60,2026-04-29T07:00:00Z,2026-04-29T08:00:00Z,4605.62000,4595.35000,10.27000,4600.48500,12,1
XAUUSD,M5,london,Europe/London,2026-04-30,60,2026-04-30T07:00:00Z,2026-04-30T08:00:00Z,4557.12000,4540.94000,16.18000,4549.03000,12,1
XAUUSD,M5,london,Europe/London,2026-05-01,60,2026-05-01T07:00:00Z,2026-05-01T08:00:00Z,4628.86000,4609.28000,19.58000,4619.07000,12,1
XAUUSD,M5,london,Europe/London,2026-05-04,60,2026-05-04T07:00:00Z,2026-05-04T08:00:00Z,4615.43000,4605.09000,10.34000,4610.26000,12,1
XAUUSD,M5,london,Europe/London,2026-05-05,60,2026-05-05T07:00:00Z,2026-05-05T08:00:00Z,4536.70000,4527.81000,8.89000,4532.25500,12,1
XAUUSD,M5,london,Europe/London,2026-05-06,60,2026-05-06T07:00:00Z,2026-05-06T08:00:00Z,4653.70000,4643.48000,10.22000,4648.59000,12,1
XAUUSD,M5,london,Europe/London,2026-05-07,60,2026-05-07T07:00:00Z,2026-05-07T08:00:00Z,4700.93000,4692.32000,8.61000,4696.62500,12,1
XAUUSD,M5,london,Europe/London,2026-05-08,60,2026-05-08T07:00:00Z,2026-05-08T08:00:00Z,4723.36000,4708.99000,14.37000,4716.17500,12,1
XAUUSD,M5,london,Europe/London,2026-05-11,60,2026-05-11T07:00:00Z,2026-05-11T08:00:00Z,4679.97000,4668.53000,11.44000,4674.25000,12,1
XAUUSD,M5,london,Europe/London,2026-05-12,60,2026-05-12T07:00:00Z,2026-05-12T08:00:00Z,4730.40000,4711.28000,19.12000,4720.84000,12,1
XAUUSD,M5,london,Europe/London,2026-05-13,60,2026-05-13T07:00:00Z,2026-05-13T08:00:00Z,4703.47000,4695.54000,7.93000,4699.50500,12,1
XAUUSD,M5,london,Europe/London,2026-05-14,60,2026-05-14T07:00:00Z,2026-05-14T08:00:00Z,4712.71000,4668.94000,43.77000,4690.82500,12,1
XAUUSD,M5,london,Europe/London,2026-05-15,60,2026-05-15T07:00:00Z,2026-05-15T08:00:00Z,4621.65000,4604.36000,17.29000,4613.00500,12,1
XAUUSD,M5,london,Europe/London,2026-05-18,60,2026-05-18T07:00:00Z,2026-05-18T08:00:00Z,4549.76000,4530.10000,19.66000,4539.93000,12,1
XAUUSD,M5,london,Europe/London,2026-05-19,60,2026-05-19T07:00:00Z,2026-05-19T08:00:00Z,4545.76000,4537.97000,7.79000,4541.86500,12,1
XAUUSD,M5,london,Europe/London,2026-05-20,60,2026-05-20T07:00:00Z,2026-05-20T08:00:00Z,4470.68000,4456.82000,13.86000,4463.75000,12,1
XAUUSD,M5,london,Europe/London,2026-05-21,60,2026-05-21T07:00:00Z,2026-05-21T08:00:00Z,4540.58000,4527.43000,13.15000,4534.00500,12,1
XAUUSD,M5,london,Europe/London,2026-05-22,60,2026-05-22T07:00:00Z,2026-05-22T08:00:00Z,4533.00000,4525.44000,7.56000,4529.22000,12,1
XAUUSD,M5,london,Europe/London,2026-05-25,60,2026-05-25T07:00:00Z,2026-05-25T08:00:00Z,4565.89000,4559.52000,6.37000,4562.70500,12,1
XAUUSD,M5,london,Europe/London,2026-05-26,60,2026-05-26T07:00:00Z,2026-05-26T08:00:00Z,4543.28000,4523.60000,19.68000,4533.44000,12,1
XAUUSD,M5,london,Europe/London,2026-05-27,60,2026-05-27T07:00:00Z,2026-05-27T08:00:00Z,4517.29000,4495.94000,21.35000,4506.61500,12,1
XAUUSD,M5,london,Europe/London,2026-05-28,60,2026-05-28T07:00:00Z,2026-05-28T08:00:00Z,4382.06000,4366.55000,15.51000,4374.30500,12,1
XAUUSD,M5,london,Europe/London,2026-05-29,60,2026-05-29T07:00:00Z,2026-05-29T08:00:00Z,4514.96000,4501.11000,13.85000,4508.03500,12,1
XAUUSD,M5,london,Europe/London,2026-06-01,60,2026-06-01T07:00:00Z,2026-06-01T08:00:00Z,4519.68000,4508.71000,10.97000,4514.19500,12,1
XAUUSD,M5,london,Europe/London,2026-06-02,60,2026-06-02T07:00:00Z,2026-06-02T08:00:00Z,4518.21000,4497.81000,20.40000,4508.01000,12,1
XAUUSD,M5,london,Europe/London,2026-06-03,60,2026-06-03T07:00:00Z,2026-06-03T08:00:00Z,4488.19000,4468.40000,19.79000,4478.29500,12,1
XAUUSD,M5,london,Europe/London,2026-06-04,60,2026-06-04T07:00:00Z,2026-06-04T08:00:00Z,4484.03000,4462.33000,21.70000,4473.18000,12,1
XAUUSD,M5,london,Europe/London,2026-06-05,60,2026-06-05T07:00:00Z,2026-06-05T08:00:00Z,4446.72000,4437.70000,9.02000,4442.21000,12,1
XAUUSD,M5,london,Europe/London,2026-06-08,60,2026-06-08T07:00:00Z,2026-06-08T08:00:00Z,4321.84000,4307.73000,14.11000,4314.78500,12,1
XAUUSD,M5,london,Europe/London,2026-06-09,60,2026-06-09T07:00:00Z,2026-06-09T08:00:00Z,4339.40000,4324.31000,15.09000,4331.85500,12,1
XAUUSD,M5,london,Europe/London,2026-06-10,60,2026-06-10T07:00:00Z,2026-06-10T08:00:00Z,4187.32000,4172.38000,14.94000,4179.85000,12,1
XAUUSD,M5,london,Europe/London,2026-06-11,60,2026-06-11T07:00:00Z,2026-06-11T08:00:00Z,4085.95000,4070.13000,15.82000,4078.04000,12,1
XAUUSD,M5,new_york,America/New_York,2025-06-12,60,2025-06-12T13:30:00Z,2025-06-12T14:30:00Z,3388.56000,3379.20000,9.36000,3383.88000,12,1
XAUUSD,M5,new_york,America/New_York,2025-06-13,60,2025-06-13T13:30:00Z,2025-06-13T14:30:00Z,3424.18000,3411.58000,12.60000,3417.88000,12,1
XAUUSD,M5,new_york,America/New_York,2025-06-16,60,2025-06-16T13:30:00Z,2025-06-16T14:30:00Z,3422.65000,3413.79000,8.86000,3418.22000,12,1
XAUUSD,M5,new_york,America/New_York,2025-06-17,60,2025-06-17T13:30:00Z,2025-06-17T14:30:00Z,3400.14000,3392.73000,7.41000,3396.43500,12,1
XAUUSD,M5,new_york,America/New_York,2025-06-18,60,2025-06-18T13:30:00Z,2025-06-18T14:30:00Z,3385.89000,3375.77000,10.12000,3380.83000,12,1
XAUUSD,M5,new_york,America/New_York,2025-06-19,60,2025-06-19T13:30:00Z,2025-06-19T14:30:00Z,3379.09000,3371.87000,7.22000,3375.48000,12,1
XAUUSD,M5,new_york,America/New_York,2025-06-20,60,2025-06-20T13:30:00Z,2025-06-20T14:30:00Z,3357.48000,3351.17000,6.31000,3354.32500,12,1
XAUUSD,M5,new_york,America/New_York,2025-06-23,60,2025-06-23T13:30:00Z,2025-06-23T14:30:00Z,3382.02000,3364.80000,17.22000,3373.41000,12,1
XAUUSD,M5,new_york,America/New_York,2025-06-24,60,2025-06-24T13:30:00Z,2025-06-24T14:30:00Z,3328.96000,3322.68000,6.28000,3325.82000,12,1
XAUUSD,M5,new_york,America/New_York,2025-06-25,60,2025-06-25T13:30:00Z,2025-06-25T14:30:00Z,3329.53000,3324.10000,5.43000,3326.81500,12,1
XAUUSD,M5,new_york,America/New_York,2025-06-26,60,2025-06-26T13:30:00Z,2025-06-26T14:30:00Z,3344.15000,3338.46000,5.69000,3341.30500,12,1
XAUUSD,M5,new_york,America/New_York,2025-06-27,60,2025-06-27T13:30:00Z,2025-06-27T14:30:00Z,3287.98000,3279.74000,8.24000,3283.86000,12,1
XAUUSD,M5,new_york,America/New_York,2025-06-30,60,2025-06-30T13:30:00Z,2025-06-30T14:30:00Z,3286.87000,3274.79000,12.08000,3280.83000,12,1
XAUUSD,M5,new_york,America/New_York,2025-07-01,60,2025-07-01T13:30:00Z,2025-07-01T14:30:00Z,3352.35000,3345.30000,7.05000,3348.82500,12,1
XAUUSD,M5,new_york,America/New_York,2025-07-02,60,2025-07-02T13:30:00Z,2025-07-02T14:30:00Z,3347.78000,3341.54000,6.24000,3344.66000,12,1
XAUUSD,M5,new_york,America/New_York,2025-07-03,60,2025-07-03T13:30:00Z,2025-07-03T14:30:00Z,3355.50000,3347.07000,8.43000,3351.28500,12,1
XAUUSD,M5,new_york,America/New_York,2025-07-04,60,2025-07-04T13:30:00Z,2025-07-04T14:30:00Z,3338.14000,3331.57000,6.57000,3334.85500,12,1
XAUUSD,M5,new_york,America/New_York,2025-07-07,60,2025-07-07T13:30:00Z,2025-07-07T14:30:00Z,3308.82000,3296.50000,12.32000,3302.66000,12,1
XAUUSD,M5,new_york,America/New_York,2025-07-08,60,2025-07-08T13:30:00Z,2025-07-08T14:30:00Z,3327.52000,3322.63000,4.89000,3325.07500,12,1
XAUUSD,M5,new_york,America/New_York,2025-07-09,60,2025-07-09T13:30:00Z,2025-07-09T14:30:00Z,3296.02000,3287.80000,8.22000,3291.91000,12,1
XAUUSD,M5,new_york,America/New_York,2025-07-10,60,2025-07-10T13:30:00Z,2025-07-10T14:30:00Z,3330.26000,3323.89000,6.37000,3327.07500,12,1
XAUUSD,M5,new_york,America/New_York,2025-07-11,60,2025-07-11T13:30:00Z,2025-07-11T14:30:00Z,3348.48000,3342.13000,6.35000,3345.30500,12,1
XAUUSD,M5,new_york,America/New_York,2025-07-14,60,2025-07-14T13:30:00Z,2025-07-14T14:30:00Z,3373.09000,3369.43000,3.66000,3371.26000,12,1
XAUUSD,M5,new_york,America/New_York,2025-07-15,60,2025-07-15T13:30:00Z,2025-07-15T14:30:00Z,3364.43000,3357.98000,6.45000,3361.20500,12,1
XAUUSD,M5,new_york,America/New_York,2025-07-16,60,2025-07-16T13:30:00Z,2025-07-16T14:30:00Z,3339.41000,3333.85000,5.56000,3336.63000,12,1
XAUUSD,M5,new_york,America/New_York,2025-07-17,60,2025-07-17T13:30:00Z,2025-07-17T14:30:00Z,3331.18000,3323.05000,8.13000,3327.11500,12,1
XAUUSD,M5,new_york,America/New_York,2025-07-18,60,2025-07-18T13:30:00Z,2025-07-18T14:30:00Z,3353.85000,3349.99000,3.86000,3351.92000,12,1
XAUUSD,M5,new_york,America/New_York,2025-07-21,60,2025-07-21T13:30:00Z,2025-07-21T14:30:00Z,3373.79000,3362.89000,10.90000,3368.34000,12,1
XAUUSD,M5,new_york,America/New_York,2025-07-22,60,2025-07-22T13:30:00Z,2025-07-22T14:30:00Z,3388.86000,3386.77000,2.09000,3387.81500,12,1
XAUUSD,M5,new_york,America/New_York,2025-07-23,60,2025-07-23T13:30:00Z,2025-07-23T14:30:00Z,3425.31000,3420.46000,4.85000,3422.88500,12,1
XAUUSD,M5,new_york,America/New_York,2025-07-24,60,2025-07-24T13:30:00Z,2025-07-24T14:30:00Z,3367.25000,3362.68000,4.57000,3364.96500,12,1
XAUUSD,M5,new_york,America/New_York,2025-07-25,60,2025-07-25T13:30:00Z,2025-07-25T14:30:00Z,3345.71000,3339.50000,6.21000,3342.60500,12,1
XAUUSD,M5,new_york,America/New_York,2025-07-28,60,2025-07-28T13:30:00Z,2025-07-28T14:30:00Z,3338.35000,3334.24000,4.11000,3336.29500,12,1
XAUUSD,M5,new_york,America/New_York,2025-07-29,60,2025-07-29T13:30:00Z,2025-07-29T14:30:00Z,3326.40000,3318.17000,8.23000,3322.28500,12,1
XAUUSD,M5,new_york,America/New_York,2025-07-30,60,2025-07-30T13:30:00Z,2025-07-30T14:30:00Z,3330.42000,3325.24000,5.18000,3327.83000,12,1
XAUUSD,M5,new_york,America/New_York,2025-07-31,60,2025-07-31T13:30:00Z,2025-07-31T14:30:00Z,3305.17000,3293.88000,11.29000,3299.52500,12,1
XAUUSD,M5,new_york,America/New_York,2025-08-01,60,2025-08-01T13:30:00Z,2025-08-01T14:30:00Z,3303.14000,3293.41000,9.73000,3298.27500,12,1
XAUUSD,M5,new_york,America/New_York,2025-08-04,60,2025-08-04T13:30:00Z,2025-08-04T14:30:00Z,3368.14000,3356.21000,11.93000,3362.17500,12,1
XAUUSD,M5,new_york,America/New_York,2025-08-05,60,2025-08-05T13:30:00Z,2025-08-05T14:30:00Z,3357.99000,3351.41000,6.58000,3354.70000,12,1
XAUUSD,M5,new_york,America/New_York,2025-08-06,60,2025-08-06T13:30:00Z,2025-08-06T14:30:00Z,3366.66000,3360.10000,6.56000,3363.38000,12,1
XAUUSD,M5,new_york,America/New_York,2025-08-07,60,2025-08-07T13:30:00Z,2025-08-07T14:30:00Z,3383.13000,3371.60000,11.53000,3377.36500,12,1
XAUUSD,M5,new_york,America/New_York,2025-08-08,60,2025-08-08T13:30:00Z,2025-08-08T14:30:00Z,3391.74000,3380.58000,11.16000,3386.16000,12,1
XAUUSD,M5,new_york,America/New_York,2025-08-11,60,2025-08-11T13:30:00Z,2025-08-11T14:30:00Z,3363.44000,3350.11000,13.33000,3356.77500,12,1
XAUUSD,M5,new_york,America/New_York,2025-08-12,60,2025-08-12T13:30:00Z,2025-08-12T14:30:00Z,3350.20000,3339.43000,10.77000,3344.81500,12,1
XAUUSD,M5,new_york,America/New_York,2025-08-13,60,2025-08-13T13:30:00Z,2025-08-13T14:30:00Z,3367.16000,3359.47000,7.69000,3363.31500,12,1
XAUUSD,M5,new_york,America/New_York,2025-08-14,60,2025-08-14T13:30:00Z,2025-08-14T14:30:00Z,3359.03000,3352.13000,6.90000,3355.58000,12,1
XAUUSD,M5,new_york,America/New_York,2025-08-15,60,2025-08-15T13:30:00Z,2025-08-15T14:30:00Z,3340.68000,3336.41000,4.27000,3338.54500,12,1
XAUUSD,M5,new_york,America/New_York,2025-08-18,60,2025-08-18T13:30:00Z,2025-08-18T14:30:00Z,3350.10000,3346.55000,3.55000,3348.32500,12,1
XAUUSD,M5,new_york,America/New_York,2025-08-19,60,2025-08-19T13:30:00Z,2025-08-19T14:30:00Z,3344.80000,3341.10000,3.70000,3342.95000,12,1
XAUUSD,M5,new_york,America/New_York,2025-08-20,60,2025-08-20T13:30:00Z,2025-08-20T14:30:00Z,3331.23000,3325.58000,5.65000,3328.40500,12,1
XAUUSD,M5,new_york,America/New_York,2025-08-21,60,2025-08-21T13:30:00Z,2025-08-21T14:30:00Z,3339.50000,3325.30000,14.20000,3332.40000,12,1
XAUUSD,M5,new_york,America/New_York,2025-08-22,60,2025-08-22T13:30:00Z,2025-08-22T14:30:00Z,3331.74000,3327.86000,3.88000,3329.80000,12,1
XAUUSD,M5,new_york,America/New_York,2025-08-25,60,2025-08-25T13:30:00Z,2025-08-25T14:30:00Z,3368.41000,3365.14000,3.27000,3366.77500,12,1
XAUUSD,M5,new_york,America/New_York,2025-08-26,60,2025-08-26T13:30:00Z,2025-08-26T14:30:00Z,3378.47000,3367.26000,11.21000,3372.86500,12,1
XAUUSD,M5,new_york,America/New_York,2025-08-27,60,2025-08-27T13:30:00Z,2025-08-27T14:30:00Z,3377.99000,3374.16000,3.83000,3376.07500,12,1
XAUUSD,M5,new_york,America/New_York,2025-08-28,60,2025-08-28T13:30:00Z,2025-08-28T14:30:00Z,3404.32000,3395.18000,9.14000,3399.75000,12,1
XAUUSD,M5,new_york,America/New_York,2025-08-29,60,2025-08-29T13:30:00Z,2025-08-29T14:30:00Z,3407.77000,3404.29000,3.48000,3406.03000,12,1
XAUUSD,M5,new_york,America/New_York,2025-09-01,60,2025-09-01T13:30:00Z,2025-09-01T14:30:00Z,3472.96000,3468.88000,4.08000,3470.92000,12,1
XAUUSD,M5,new_york,America/New_York,2025-09-02,60,2025-09-02T13:30:00Z,2025-09-02T14:30:00Z,3486.67000,3479.33000,7.34000,3483.00000,12,1
XAUUSD,M5,new_york,America/New_York,2025-09-03,60,2025-09-03T13:30:00Z,2025-09-03T14:30:00Z,3547.91000,3535.11000,12.80000,3541.51000,12,1
XAUUSD,M5,new_york,America/New_York,2025-09-04,60,2025-09-04T13:30:00Z,2025-09-04T14:30:00Z,3542.22000,3536.66000,5.56000,3539.44000,12,1
XAUUSD,M5,new_york,America/New_York,2025-09-05,60,2025-09-05T13:30:00Z,2025-09-05T14:30:00Z,3555.16000,3548.71000,6.45000,3551.93500,12,1
XAUUSD,M5,new_york,America/New_York,2025-09-08,60,2025-09-08T13:30:00Z,2025-09-08T14:30:00Z,3619.21000,3613.54000,5.67000,3616.37500,12,1
XAUUSD,M5,new_york,America/New_York,2025-09-09,60,2025-09-09T13:30:00Z,2025-09-09T14:30:00Z,3654.27000,3648.83000,5.44000,3651.55000,12,1
XAUUSD,M5,new_york,America/New_York,2025-09-10,60,2025-09-10T13:30:00Z,2025-09-10T14:30:00Z,3657.63000,3650.24000,7.39000,3653.93500,12,1
XAUUSD,M5,new_york,America/New_York,2025-09-11,60,2025-09-11T13:30:00Z,2025-09-11T14:30:00Z,3624.89000,3619.71000,5.18000,3622.30000,12,1
XAUUSD,M5,new_york,America/New_York,2025-09-12,60,2025-09-12T13:30:00Z,2025-09-12T14:30:00Z,3652.15000,3647.90000,4.25000,3650.02500,12,1
XAUUSD,M5,new_york,America/New_York,2025-09-15,60,2025-09-15T13:30:00Z,2025-09-15T14:30:00Z,3646.40000,3639.08000,7.32000,3642.74000,12,1
XAUUSD,M5,new_york,America/New_York,2025-09-16,60,2025-09-16T13:30:00Z,2025-09-16T14:30:00Z,3697.66000,3690.57000,7.09000,3694.11500,12,1
XAUUSD,M5,new_york,America/New_York,2025-09-17,60,2025-09-17T13:30:00Z,2025-09-17T14:30:00Z,3668.20000,3660.05000,8.15000,3664.12500,12,1
XAUUSD,M5,new_york,America/New_York,2025-09-18,60,2025-09-18T13:30:00Z,2025-09-18T14:30:00Z,3670.95000,3665.70000,5.25000,3668.32500,12,1
XAUUSD,M5,new_york,America/New_York,2025-09-19,60,2025-09-19T13:30:00Z,2025-09-19T14:30:00Z,3658.00000,3650.59000,7.41000,3654.29500,12,1
XAUUSD,M5,new_york,America/New_York,2025-09-22,60,2025-09-22T13:30:00Z,2025-09-22T14:30:00Z,3728.36000,3723.26000,5.10000,3725.81000,12,1
XAUUSD,M5,new_york,America/New_York,2025-09-23,60,2025-09-23T13:30:00Z,2025-09-23T14:30:00Z,3788.80000,3779.71000,9.09000,3784.25500,12,1
XAUUSD,M5,new_york,America/New_York,2025-09-24,60,2025-09-24T13:30:00Z,2025-09-24T14:30:00Z,3765.89000,3759.74000,6.15000,3762.81500,12,1
XAUUSD,M5,new_york,America/New_York,2025-09-25,60,2025-09-25T13:30:00Z,2025-09-25T14:30:00Z,3760.80000,3741.17000,19.63000,3750.98500,12,1
XAUUSD,M5,new_york,America/New_York,2025-09-26,60,2025-09-26T13:30:00Z,2025-09-26T14:30:00Z,3751.53000,3743.00000,8.53000,3747.26500,12,1
XAUUSD,M5,new_york,America/New_York,2025-09-29,60,2025-09-29T13:30:00Z,2025-09-29T14:30:00Z,3824.60000,3814.78000,9.82000,3819.69000,12,1
XAUUSD,M5,new_york,America/New_York,2025-09-30,60,2025-09-30T13:30:00Z,2025-09-30T14:30:00Z,3814.66000,3803.34000,11.32000,3809.00000,12,1
XAUUSD,M5,new_york,America/New_York,2025-10-01,60,2025-10-01T13:30:00Z,2025-10-01T14:30:00Z,3889.64000,3881.12000,8.52000,3885.38000,12,1
XAUUSD,M5,new_york,America/New_York,2025-10-02,60,2025-10-02T13:30:00Z,2025-10-02T14:30:00Z,3885.36000,3879.02000,6.34000,3882.19000,12,1
XAUUSD,M5,new_york,America/New_York,2025-10-03,60,2025-10-03T13:30:00Z,2025-10-03T14:30:00Z,3867.66000,3857.62000,10.04000,3862.64000,12,1
XAUUSD,M5,new_york,America/New_York,2025-10-06,60,2025-10-06T13:30:00Z,2025-10-06T14:30:00Z,3946.55000,3933.56000,12.99000,3940.05500,12,1
XAUUSD,M5,new_york,America/New_York,2025-10-07,60,2025-10-07T13:30:00Z,2025-10-07T14:30:00Z,3962.74000,3956.28000,6.46000,3959.51000,12,1
XAUUSD,M5,new_york,America/New_York,2025-10-08,60,2025-10-08T13:30:00Z,2025-10-08T14:30:00Z,4041.44000,4032.98000,8.46000,4037.21000,12,1
XAUUSD,M5,new_york,America/New_York,2025-10-09,60,2025-10-09T13:30:00Z,2025-10-09T14:30:00Z,4046.63000,4033.59000,13.04000,4040.11000,12,1
XAUUSD,M5,new_york,America/New_York,2025-10-10,60,2025-10-10T13:30:00Z,2025-10-10T14:30:00Z,4000.22000,3993.09000,7.13000,3996.65500,12,1
XAUUSD,M5,new_york,America/New_York,2025-10-13,60,2025-10-13T13:30:00Z,2025-10-13T14:30:00Z,4085.02000,4073.53000,11.49000,4079.27500,12,1
XAUUSD,M5,new_york,America/New_York,2025-10-14,60,2025-10-14T13:30:00Z,2025-10-14T14:30:00Z,4144.26000,4128.65000,15.61000,4136.45500,12,1
XAUUSD,M5,new_york,America/New_York,2025-10-15,60,2025-10-15T13:30:00Z,2025-10-15T14:30:00Z,4203.54000,4190.38000,13.16000,4196.96000,12,1
XAUUSD,M5,new_york,America/New_York,2025-10-16,60,2025-10-16T13:30:00Z,2025-10-16T14:30:00Z,4246.70000,4234.38000,12.32000,4240.54000,12,1
XAUUSD,M5,new_york,America/New_York,2025-10-17,60,2025-10-17T13:30:00Z,2025-10-17T14:30:00Z,4341.55000,4316.69000,24.86000,4329.12000,12,1
XAUUSD,M5,new_york,America/New_York,2025-10-20,60,2025-10-20T13:30:00Z,2025-10-20T14:30:00Z,4263.75000,4250.97000,12.78000,4257.36000,12,1
XAUUSD,M5,new_york,America/New_York,2025-10-21,60,2025-10-21T13:30:00Z,2025-10-21T14:30:00Z,4272.49000,4252.23000,20.26000,4262.36000,12,1
XAUUSD,M5,new_york,America/New_York,2025-10-22,60,2025-10-22T13:30:00Z,2025-10-22T14:30:00Z,4090.89000,4015.22000,75.67000,4053.05500,12,1
XAUUSD,M5,new_york,America/New_York,2025-10-23,60,2025-10-23T13:30:00Z,2025-10-23T14:30:00Z,4121.02000,4101.74000,19.28000,4111.38000,12,1
XAUUSD,M5,new_york,America/New_York,2025-10-24,60,2025-10-24T13:30:00Z,2025-10-24T14:30:00Z,4062.89000,4044.33000,18.56000,4053.61000,12,1
XAUUSD,M5,new_york,America/New_York,2025-10-27,60,2025-10-27T13:30:00Z,2025-10-27T14:30:00Z,4045.68000,4021.59000,24.09000,4033.63500,12,1
XAUUSD,M5,new_york,America/New_York,2025-10-28,60,2025-10-28T13:30:00Z,2025-10-28T14:30:00Z,3930.94000,3904.60000,26.34000,3917.77000,12,1
XAUUSD,M5,new_york,America/New_York,2025-10-29,60,2025-10-29T13:30:00Z,2025-10-29T14:30:00Z,4029.59000,4018.21000,11.38000,4023.90000,12,1
XAUUSD,M5,new_york,America/New_York,2025-10-30,60,2025-10-30T13:30:00Z,2025-10-30T14:30:00Z,3988.39000,3964.30000,24.09000,3976.34500,12,1
XAUUSD,M5,new_york,America/New_York,2025-10-31,60,2025-10-31T13:30:00Z,2025-10-31T14:30:00Z,4014.12000,4001.78000,12.34000,4007.95000,12,1
XAUUSD,M5,new_york,America/New_York,2025-11-03,60,2025-11-03T14:30:00Z,2025-11-03T15:30:00Z,4019.64000,4003.73000,15.91000,4011.68500,12,1
XAUUSD,M5,new_york,America/New_York,2025-11-04,60,2025-11-04T14:30:00Z,2025-11-04T15:30:00Z,3996.03000,3982.98000,13.05000,3989.50500,12,1
XAUUSD,M5,new_york,America/New_York,2025-11-05,60,2025-11-05T14:30:00Z,2025-11-05T15:30:00Z,3977.57000,3963.24000,14.33000,3970.40500,12,1
XAUUSD,M5,new_york,America/New_York,2025-11-06,60,2025-11-06T14:30:00Z,2025-11-06T15:30:00Z,4016.12000,4003.11000,13.01000,4009.61500,12,1
XAUUSD,M5,new_york,America/New_York,2025-11-07,60,2025-11-07T14:30:00Z,2025-11-07T15:30:00Z,4001.97000,3991.52000,10.45000,3996.74500,12,1
XAUUSD,M5,new_york,America/New_York,2025-11-10,60,2025-11-10T14:30:00Z,2025-11-10T15:30:00Z,4105.99000,4093.62000,12.37000,4099.80500,12,1
XAUUSD,M5,new_york,America/New_York,2025-11-11,60,2025-11-11T14:30:00Z,2025-11-11T15:30:00Z,4143.79000,4133.18000,10.61000,4138.48500,12,1
XAUUSD,M5,new_york,America/New_York,2025-11-12,60,2025-11-12T14:30:00Z,2025-11-12T15:30:00Z,4139.50000,4122.86000,16.64000,4131.18000,12,1
XAUUSD,M5,new_york,America/New_York,2025-11-13,60,2025-11-13T14:30:00Z,2025-11-13T15:30:00Z,4245.04000,4226.06000,18.98000,4235.55000,12,1
XAUUSD,M5,new_york,America/New_York,2025-11-14,60,2025-11-14T14:30:00Z,2025-11-14T15:30:00Z,4119.68000,4053.40000,66.28000,4086.54000,12,1
XAUUSD,M5,new_york,America/New_York,2025-11-17,60,2025-11-17T14:30:00Z,2025-11-17T15:30:00Z,4092.26000,4075.04000,17.22000,4083.65000,12,1
XAUUSD,M5,new_york,America/New_York,2025-11-18,60,2025-11-18T14:30:00Z,2025-11-18T15:30:00Z,4053.02000,4029.30000,23.72000,4041.16000,12,1
XAUUSD,M5,new_york,America/New_York,2025-11-19,60,2025-11-19T14:30:00Z,2025-11-19T15:30:00Z,4119.84000,4100.87000,18.97000,4110.35500,12,1
XAUUSD,M5,new_york,America/New_York,2025-11-20,60,2025-11-20T14:30:00Z,2025-11-20T15:30:00Z,4094.35000,4073.06000,21.29000,4083.70500,12,1
XAUUSD,M5,new_york,America/New_York,2025-11-21,60,2025-11-21T14:30:00Z,2025-11-21T15:30:00Z,4071.79000,4043.90000,27.89000,4057.84500,12,1
XAUUSD,M5,new_york,America/New_York,2025-11-24,60,2025-11-24T14:30:00Z,2025-11-24T15:30:00Z,4085.01000,4070.59000,14.42000,4077.80000,12,1
XAUUSD,M5,new_york,America/New_York,2025-11-25,60,2025-11-25T14:30:00Z,2025-11-25T15:30:00Z,4146.84000,4116.10000,30.74000,4131.47000,12,1
XAUUSD,M5,new_york,America/New_York,2025-11-26,60,2025-11-26T14:30:00Z,2025-11-26T15:30:00Z,4166.69000,4148.65000,18.04000,4157.67000,12,1
XAUUSD,M5,new_york,America/New_York,2025-11-27,60,2025-11-27T14:30:00Z,2025-11-27T15:30:00Z,4158.61000,4149.24000,9.37000,4153.92500,12,1
XAUUSD,M5,new_york,America/New_York,2025-11-28,60,2025-11-28T14:30:00Z,2025-11-28T15:30:00Z,4178.34000,4168.89000,9.45000,4173.61500,12,1
XAUUSD,M5,new_york,America/New_York,2025-12-01,60,2025-12-01T14:30:00Z,2025-12-01T15:30:00Z,4257.54000,4244.22000,13.32000,4250.88000,12,1
XAUUSD,M5,new_york,America/New_York,2025-12-02,60,2025-12-02T14:30:00Z,2025-12-02T15:30:00Z,4215.35000,4202.15000,13.20000,4208.75000,12,1
XAUUSD,M5,new_york,America/New_York,2025-12-03,60,2025-12-03T14:30:00Z,2025-12-03T15:30:00Z,4222.93000,4207.85000,15.08000,4215.39000,12,1
XAUUSD,M5,new_york,America/New_York,2025-12-04,60,2025-12-04T14:30:00Z,2025-12-04T15:30:00Z,4196.96000,4185.65000,11.31000,4191.30500,12,1
XAUUSD,M5,new_york,America/New_York,2025-12-05,60,2025-12-05T14:30:00Z,2025-12-05T15:30:00Z,4234.98000,4221.57000,13.41000,4228.27500,12,1
XAUUSD,M5,new_york,America/New_York,2025-12-08,60,2025-12-08T14:30:00Z,2025-12-08T15:30:00Z,4215.43000,4202.58000,12.85000,4209.00500,12,1
XAUUSD,M5,new_york,America/New_York,2025-12-09,60,2025-12-09T14:30:00Z,2025-12-09T15:30:00Z,4208.37000,4198.27000,10.10000,4203.32000,12,1
XAUUSD,M5,new_york,America/New_York,2025-12-10,60,2025-12-10T14:30:00Z,2025-12-10T15:30:00Z,4200.30000,4192.94000,7.36000,4196.62000,12,1
XAUUSD,M5,new_york,America/New_York,2025-12-11,60,2025-12-11T14:30:00Z,2025-12-11T15:30:00Z,4222.46000,4205.24000,17.22000,4213.85000,12,1
XAUUSD,M5,new_york,America/New_York,2025-12-12,60,2025-12-12T14:30:00Z,2025-12-12T15:30:00Z,4339.45000,4321.40000,18.05000,4330.42500,12,1
XAUUSD,M5,new_york,America/New_York,2025-12-15,60,2025-12-15T14:30:00Z,2025-12-15T15:30:00Z,4348.36000,4333.61000,14.75000,4340.98500,12,1
XAUUSD,M5,new_york,America/New_York,2025-12-16,60,2025-12-16T14:30:00Z,2025-12-16T15:30:00Z,4302.09000,4287.71000,14.38000,4294.90000,12,1
XAUUSD,M5,new_york,America/New_York,2025-12-17,60,2025-12-17T14:30:00Z,2025-12-17T15:30:00Z,4331.59000,4315.11000,16.48000,4323.35000,12,1
XAUUSD,M5,new_york,America/New_York,2025-12-18,60,2025-12-18T14:30:00Z,2025-12-18T15:30:00Z,4324.19000,4314.47000,9.72000,4319.33000,12,1
XAUUSD,M5,new_york,America/New_York,2025-12-19,60,2025-12-19T14:30:00Z,2025-12-19T15:30:00Z,4335.20000,4323.37000,11.83000,4329.28500,12,1
XAUUSD,M5,new_york,America/New_York,2025-12-22,60,2025-12-22T14:30:00Z,2025-12-22T15:30:00Z,4427.32000,4407.66000,19.66000,4417.49000,12,1
XAUUSD,M5,new_york,America/New_York,2025-12-23,60,2025-12-23T14:30:00Z,2025-12-23T15:30:00Z,4497.38000,4484.62000,12.76000,4491.00000,12,1
XAUUSD,M5,new_york,America/New_York,2025-12-24,60,2025-12-24T14:30:00Z,2025-12-24T15:30:00Z,4493.56000,4474.48000,19.08000,4484.02000,12,1
XAUUSD,M5,new_york,America/New_York,2025-12-26,60,2025-12-26T14:30:00Z,2025-12-26T15:30:00Z,4519.70000,4503.72000,15.98000,4511.71000,12,1
XAUUSD,M5,new_york,America/New_York,2025-12-29,60,2025-12-29T14:30:00Z,2025-12-29T15:30:00Z,4467.57000,4445.48000,22.09000,4456.52500,12,1
XAUUSD,M5,new_york,America/New_York,2025-12-30,60,2025-12-30T14:30:00Z,2025-12-30T15:30:00Z,4404.22000,4390.30000,13.92000,4397.26000,12,1
XAUUSD,M5,new_york,America/New_York,2025-12-31,60,2025-12-31T14:30:00Z,2025-12-31T15:30:00Z,4329.32000,4306.69000,22.63000,4318.00500,12,1
XAUUSD,M5,new_york,America/New_York,2026-01-02,60,2026-01-02T14:30:00Z,2026-01-02T15:30:00Z,4402.38000,4373.20000,29.18000,4387.79000,12,1
XAUUSD,M5,new_york,America/New_York,2026-01-05,60,2026-01-05T14:30:00Z,2026-01-05T15:30:00Z,4419.06000,4397.20000,21.86000,4408.13000,12,1
XAUUSD,M5,new_york,America/New_York,2026-01-06,60,2026-01-06T14:30:00Z,2026-01-06T15:30:00Z,4470.45000,4457.55000,12.90000,4464.00000,12,1
XAUUSD,M5,new_york,America/New_York,2026-01-07,60,2026-01-07T14:30:00Z,2026-01-07T15:30:00Z,4455.10000,4427.38000,27.72000,4441.24000,12,1
XAUUSD,M5,new_york,America/New_York,2026-01-08,60,2026-01-08T14:30:00Z,2026-01-08T15:30:00Z,4436.63000,4417.40000,19.23000,4427.01500,12,1
XAUUSD,M5,new_york,America/New_York,2026-01-09,60,2026-01-09T14:30:00Z,2026-01-09T15:30:00Z,4474.65000,4461.18000,13.47000,4467.91500,12,1
XAUUSD,M5,new_york,America/New_York,2026-01-12,60,2026-01-12T14:30:00Z,2026-01-12T15:30:00Z,4611.12000,4582.39000,28.73000,4596.75500,12,1
XAUUSD,M5,new_york,America/New_York,2026-01-13,60,2026-01-13T14:30:00Z,2026-01-13T15:30:00Z,4606.45000,4579.45000,27.00000,4592.95000,12,1
XAUUSD,M5,new_york,America/New_York,2026-01-14,60,2026-01-14T14:30:00Z,2026-01-14T15:30:00Z,4641.88000,4627.42000,14.46000,4634.65000,12,1
XAUUSD,M5,new_york,America/New_York,2026-01-15,60,2026-01-15T14:30:00Z,2026-01-15T15:30:00Z,4618.61000,4602.66000,15.95000,4610.63500,12,1
XAUUSD,M5,new_york,America/New_York,2026-01-16,60,2026-01-16T14:30:00Z,2026-01-16T15:30:00Z,4606.81000,4582.57000,24.24000,4594.69000,12,1
XAUUSD,M5,new_york,America/New_York,2026-01-19,60,2026-01-19T14:30:00Z,2026-01-19T15:30:00Z,4673.74000,4668.22000,5.52000,4670.98000,12,1
XAUUSD,M5,new_york,America/New_York,2026-01-20,60,2026-01-20T14:30:00Z,2026-01-20T15:30:00Z,4729.33000,4715.93000,13.40000,4722.63000,12,1
XAUUSD,M5,new_york,America/New_York,2026-01-21,60,2026-01-21T14:30:00Z,2026-01-21T15:30:00Z,4871.43000,4856.78000,14.65000,4864.10500,12,1
XAUUSD,M5,new_york,America/New_York,2026-01-22,60,2026-01-22T14:30:00Z,2026-01-22T15:30:00Z,4835.29000,4816.06000,19.23000,4825.67500,12,1
XAUUSD,M5,new_york,America/New_York,2026-01-23,60,2026-01-23T14:30:00Z,2026-01-23T15:30:00Z,4947.90000,4923.80000,24.10000,4935.85000,12,1
XAUUSD,M5,new_york,America/New_York,2026-01-26,60,2026-01-26T14:30:00Z,2026-01-26T15:30:00Z,5090.05000,5066.23000,23.82000,5078.14000,12,1
XAUUSD,M5,new_york,America/New_York,2026-01-27,60,2026-01-27T14:30:00Z,2026-01-27T15:30:00Z,5092.80000,5076.30000,16.50000,5084.55000,12,1
XAUUSD,M5,new_york,America/New_York,2026-01-28,60,2026-01-28T14:30:00Z,2026-01-28T15:30:00Z,5289.42000,5261.23000,28.19000,5275.32500,12,1
XAUUSD,M5,new_york,America/New_York,2026-01-29,60,2026-01-29T14:30:00Z,2026-01-29T15:30:00Z,5542.42000,5508.51000,33.91000,5525.46500,12,1
XAUUSD,M5,new_york,America/New_York,2026-01-30,60,2026-01-30T14:30:00Z,2026-01-30T15:30:00Z,5136.31000,5014.09000,122.22000,5075.20000,12,1
XAUUSD,M5,new_york,America/New_York,2026-02-02,60,2026-02-02T14:30:00Z,2026-02-02T15:30:00Z,4812.62000,4720.70000,91.92000,4766.66000,12,1
XAUUSD,M5,new_york,America/New_York,2026-02-03,60,2026-02-03T14:30:00Z,2026-02-03T15:30:00Z,4939.13000,4900.14000,38.99000,4919.63500,12,1
XAUUSD,M5,new_york,America/New_York,2026-02-04,60,2026-02-04T14:30:00Z,2026-02-04T15:30:00Z,5063.22000,5023.36000,39.86000,5043.29000,12,1
XAUUSD,M5,new_york,America/New_York,2026-02-05,60,2026-02-05T14:30:00Z,2026-02-05T15:30:00Z,4869.56000,4801.98000,67.58000,4835.77000,12,1
XAUUSD,M5,new_york,America/New_York,2026-02-06,60,2026-02-06T14:30:00Z,2026-02-06T15:30:00Z,4928.56000,4877.34000,51.22000,4902.95000,12,1
XAUUSD,M5,new_york,America/New_York,2026-02-09,60,2026-02-09T14:30:00Z,2026-02-09T15:30:00Z,5024.68000,5003.56000,21.12000,5014.12000,12,1
XAUUSD,M5,new_york,America/New_York,2026-02-10,60,2026-02-10T14:30:00Z,2026-02-10T15:30:00Z,5047.81000,5019.70000,28.11000,5033.75500,12,1
XAUUSD,M5,new_york,America/New_York,2026-02-11,60,2026-02-11T14:30:00Z,2026-02-11T15:30:00Z,5098.72000,5051.09000,47.63000,5074.90500,12,1
XAUUSD,M5,new_york,America/New_York,2026-02-12,60,2026-02-12T14:30:00Z,2026-02-12T15:30:00Z,5074.32000,5048.88000,25.44000,5061.60000,12,1
XAUUSD,M5,new_york,America/New_York,2026-02-13,60,2026-02-13T14:30:00Z,2026-02-13T15:30:00Z,4976.29000,4957.73000,18.56000,4967.01000,12,1
XAUUSD,M5,new_york,America/New_York,2026-02-16,60,2026-02-16T14:30:00Z,2026-02-16T15:30:00Z,5008.10000,4993.08000,15.02000,5000.59000,12,1
XAUUSD,M5,new_york,America/New_York,2026-02-17,60,2026-02-17T14:30:00Z,2026-02-17T15:30:00Z,4943.94000,4911.02000,32.92000,4927.48000,12,1
XAUUSD,M5,new_york,America/New_York,2026-02-18,60,2026-02-18T14:30:00Z,2026-02-18T15:30:00Z,4959.30000,4917.88000,41.42000,4938.59000,12,1
XAUUSD,M5,new_york,America/New_York,2026-02-19,60,2026-02-19T14:30:00Z,2026-02-19T15:30:00Z,4992.85000,4974.64000,18.21000,4983.74500,12,1
XAUUSD,M5,new_york,America/New_York,2026-02-20,60,2026-02-20T14:30:00Z,2026-02-20T15:30:00Z,5031.96000,5007.18000,24.78000,5019.57000,12,1
XAUUSD,M5,new_york,America/New_York,2026-02-23,60,2026-02-23T14:30:00Z,2026-02-23T15:30:00Z,5165.48000,5143.70000,21.78000,5154.59000,12,1
XAUUSD,M5,new_york,America/New_York,2026-02-24,60,2026-02-24T14:30:00Z,2026-02-24T15:30:00Z,5164.62000,5145.36000,19.26000,5154.99000,12,1
XAUUSD,M5,new_york,America/New_York,2026-02-25,60,2026-02-25T14:30:00Z,2026-02-25T15:30:00Z,5191.55000,5177.48000,14.07000,5184.51500,12,1
XAUUSD,M5,new_york,America/New_York,2026-02-26,60,2026-02-26T14:30:00Z,2026-02-26T15:30:00Z,5187.81000,5168.35000,19.46000,5178.08000,12,1
XAUUSD,M5,new_york,America/New_York,2026-02-27,60,2026-02-27T14:30:00Z,2026-02-27T15:30:00Z,5240.62000,5183.06000,57.56000,5211.84000,12,1
XAUUSD,M5,new_york,America/New_York,2026-03-02,60,2026-03-02T14:30:00Z,2026-03-02T15:30:00Z,5410.20000,5382.20000,28.00000,5396.20000,12,1
XAUUSD,M5,new_york,America/New_York,2026-03-03,60,2026-03-03T14:30:00Z,2026-03-03T15:30:00Z,5226.74000,5146.50000,80.24000,5186.62000,12,1
XAUUSD,M5,new_york,America/New_York,2026-03-04,60,2026-03-04T14:30:00Z,2026-03-04T15:30:00Z,5196.37000,5156.40000,39.97000,5176.38500,12,1
XAUUSD,M5,new_york,America/New_York,2026-03-05,60,2026-03-05T14:30:00Z,2026-03-05T15:30:00Z,5167.73000,5081.91000,85.82000,5124.82000,12,1
XAUUSD,M5,new_york,America/New_York,2026-03-06,60,2026-03-06T14:30:00Z,2026-03-06T15:30:00Z,5096.64000,5065.54000,31.10000,5081.09000,12,1
XAUUSD,M5,new_york,America/New_York,2026-03-09,60,2026-03-09T13:30:00Z,2026-03-09T14:30:00Z,5100.24000,5080.13000,20.11000,5090.18500,12,1
XAUUSD,M5,new_york,America/New_York,2026-03-10,60,2026-03-10T13:30:00Z,2026-03-10T14:30:00Z,5191.93000,5156.62000,35.31000,5174.27500,12,1
XAUUSD,M5,new_york,America/New_York,2026-03-11,60,2026-03-11T13:30:00Z,2026-03-11T14:30:00Z,5193.70000,5176.88000,16.82000,5185.29000,12,1
XAUUSD,M5,new_york,America/New_York,2026-03-12,60,2026-03-12T13:30:00Z,2026-03-12T14:30:00Z,5184.10000,5172.84000,11.26000,5178.47000,12,1
XAUUSD,M5,new_york,America/New_York,2026-03-13,60,2026-03-13T13:30:00Z,2026-03-13T14:30:00Z,5098.38000,5080.18000,18.20000,5089.28000,12,1
XAUUSD,M5,new_york,America/New_York,2026-03-16,60,2026-03-16T13:30:00Z,2026-03-16T14:30:00Z,5022.68000,4980.56000,42.12000,5001.62000,12,1
XAUUSD,M5,new_york,America/New_York,2026-03-17,60,2026-03-17T13:30:00Z,2026-03-17T14:30:00Z,5009.96000,4992.22000,17.74000,5001.09000,12,1
XAUUSD,M5,new_york,America/New_York,2026-03-18,60,2026-03-18T13:30:00Z,2026-03-18T14:30:00Z,4987.52000,4946.56000,40.96000,4967.04000,12,1
XAUUSD,M5,new_york,America/New_York,2026-03-19,60,2026-03-19T13:30:00Z,2026-03-19T14:30:00Z,4700.61000,4666.66000,33.95000,4683.63500,12,1
XAUUSD,M5,new_york,America/New_York,2026-03-20,60,2026-03-20T13:30:00Z,2026-03-20T14:30:00Z,4669.83000,4637.10000,32.73000,4653.46500,12,1
XAUUSD,M5,new_york,America/New_York,2026-03-23,60,2026-03-23T13:30:00Z,2026-03-23T14:30:00Z,4463.27000,4241.05000,222.22000,4352.16000,12,1
XAUUSD,M5,new_york,America/New_York,2026-03-24,60,2026-03-24T13:30:00Z,2026-03-24T14:30:00Z,4442.02000,4375.86000,66.16000,4408.94000,12,1
XAUUSD,M5,new_york,America/New_York,2026-03-25,60,2026-03-25T13:30:00Z,2026-03-25T14:30:00Z,4582.88000,4551.18000,31.70000,4567.03000,12,1
XAUUSD,M5,new_york,America/New_York,2026-03-26,60,2026-03-26T13:30:00Z,2026-03-26T14:30:00Z,4456.52000,4423.52000,33.00000,4440.02000,12,1
XAUUSD,M5,new_york,America/New_York,2026-03-27,60,2026-03-27T13:30:00Z,2026-03-27T14:30:00Z,4430.38000,4404.37000,26.01000,4417.37500,12,1
XAUUSD,M5,new_york,America/New_York,2026-03-30,60,2026-03-30T13:30:00Z,2026-03-30T14:30:00Z,4548.41000,4525.64000,22.77000,4537.02500,12,1
XAUUSD,M5,new_york,America/New_York,2026-03-31,60,2026-03-31T13:30:00Z,2026-03-31T14:30:00Z,4583.35000,4529.64000,53.71000,4556.49500,12,1
XAUUSD,M5,new_york,America/New_York,2026-04-01,60,2026-04-01T13:30:00Z,2026-04-01T14:30:00Z,4746.30000,4726.19000,20.11000,4736.24500,12,1
XAUUSD,M5,new_york,America/New_York,2026-04-02,60,2026-04-02T13:30:00Z,2026-04-02T14:30:00Z,4631.68000,4613.58000,18.10000,4622.63000,12,1
XAUUSD,M5,new_york,America/New_York,2026-04-06,60,2026-04-06T13:30:00Z,2026-04-06T14:30:00Z,4696.88000,4684.71000,12.17000,4690.79500,12,1
XAUUSD,M5,new_york,America/New_York,2026-04-07,60,2026-04-07T13:30:00Z,2026-04-07T14:30:00Z,4672.02000,4628.96000,43.06000,4650.49000,12,1
XAUUSD,M5,new_york,America/New_York,2026-04-08,60,2026-04-08T13:30:00Z,2026-04-08T14:30:00Z,4796.94000,4779.88000,17.06000,4788.41000,12,1
XAUUSD,M5,new_york,America/New_York,2026-04-09,60,2026-04-09T13:30:00Z,2026-04-09T14:30:00Z,4747.44000,4736.56000,10.88000,4742.00000,12,1
XAUUSD,M5,new_york,America/New_York,2026-04-10,60,2026-04-10T13:30:00Z,2026-04-10T14:30:00Z,4762.52000,4753.40000,9.12000,4757.96000,12,1
XAUUSD,M5,new_york,America/New_York,2026-04-13,60,2026-04-13T13:30:00Z,2026-04-13T14:30:00Z,4729.16000,4711.77000,17.39000,4720.46500,12,1
XAUUSD,M5,new_york,America/New_York,2026-04-14,60,2026-04-14T13:30:00Z,2026-04-14T14:30:00Z,4784.59000,4751.94000,32.65000,4768.26500,12,1
XAUUSD,M5,new_york,America/New_York,2026-04-15,60,2026-04-15T13:30:00Z,2026-04-15T14:30:00Z,4807.09000,4793.08000,14.01000,4800.08500,12,1
XAUUSD,M5,new_york,America/New_York,2026-04-16,60,2026-04-16T13:30:00Z,2026-04-16T14:30:00Z,4820.70000,4805.21000,15.49000,4812.95500,12,1
XAUUSD,M5,new_york,America/New_York,2026-04-17,60,2026-04-17T13:30:00Z,2026-04-17T14:30:00Z,4793.41000,4782.32000,11.09000,4787.86500,12,1
XAUUSD,M5,new_york,America/New_York,2026-04-20,60,2026-04-20T13:30:00Z,2026-04-20T14:30:00Z,4800.08000,4786.65000,13.43000,4793.36500,12,1
XAUUSD,M5,new_york,America/New_York,2026-04-21,60,2026-04-21T13:30:00Z,2026-04-21T14:30:00Z,4790.46000,4775.38000,15.08000,4782.92000,12,1
XAUUSD,M5,new_york,America/New_York,2026-04-22,60,2026-04-22T13:30:00Z,2026-04-22T14:30:00Z,4760.83000,4753.80000,7.03000,4757.31500,12,1
XAUUSD,M5,new_york,America/New_York,2026-04-23,60,2026-04-23T13:30:00Z,2026-04-23T14:30:00Z,4703.43000,4684.33000,19.10000,4693.88000,12,1
XAUUSD,M5,new_york,America/New_York,2026-04-24,60,2026-04-24T13:30:00Z,2026-04-24T14:30:00Z,4717.17000,4674.72000,42.45000,4695.94500,12,1
XAUUSD,M5,new_york,America/New_York,2026-04-27,60,2026-04-27T13:30:00Z,2026-04-27T14:30:00Z,4710.99000,4700.34000,10.65000,4705.66500,12,1
XAUUSD,M5,new_york,America/New_York,2026-04-28,60,2026-04-28T13:30:00Z,2026-04-28T14:30:00Z,4615.87000,4594.09000,21.78000,4604.98000,12,1
XAUUSD,M5,new_york,America/New_York,2026-04-29,60,2026-04-29T13:30:00Z,2026-04-29T14:30:00Z,4576.64000,4563.99000,12.65000,4570.31500,12,1
XAUUSD,M5,new_york,America/New_York,2026-04-30,60,2026-04-30T13:30:00Z,2026-04-30T14:30:00Z,4646.86000,4630.40000,16.46000,4638.63000,12,1
XAUUSD,M5,new_york,America/New_York,2026-05-01,60,2026-05-01T13:30:00Z,2026-05-01T14:30:00Z,4576.32000,4562.50000,13.82000,4569.41000,12,1
XAUUSD,M5,new_york,America/New_York,2026-05-04,60,2026-05-04T13:30:00Z,2026-05-04T14:30:00Z,4570.77000,4543.07000,27.70000,4556.92000,12,1
XAUUSD,M5,new_york,America/New_York,2026-05-05,60,2026-05-05T13:30:00Z,2026-05-05T14:30:00Z,4557.66000,4539.92000,17.74000,4548.79000,12,1
XAUUSD,M5,new_york,America/New_York,2026-05-06,60,2026-05-06T13:30:00Z,2026-05-06T14:30:00Z,4723.06000,4704.48000,18.58000,4713.77000,12,1
XAUUSD,M5,new_york,America/New_York,2026-05-07,60,2026-05-07T13:30:00Z,2026-05-07T14:30:00Z,4739.97000,4727.36000,12.61000,4733.66500,12,1
XAUUSD,M5,new_york,America/New_York,2026-05-08,60,2026-05-08T13:30:00Z,2026-05-08T14:30:00Z,4727.84000,4715.30000,12.54000,4721.57000,12,1
XAUUSD,M5,new_york,America/New_York,2026-05-11,60,2026-05-11T13:30:00Z,2026-05-11T14:30:00Z,4672.50000,4660.36000,12.14000,4666.43000,12,1
XAUUSD,M5,new_york,America/New_York,2026-05-12,60,2026-05-12T13:30:00Z,2026-05-12T14:30:00Z,4700.31000,4685.22000,15.09000,4692.76500,12,1
XAUUSD,M5,new_york,America/New_York,2026-05-13,60,2026-05-13T13:30:00Z,2026-05-13T14:30:00Z,4700.60000,4691.59000,9.01000,4696.09500,12,1
XAUUSD,M5,new_york,America/New_York,2026-05-14,60,2026-05-14T13:30:00Z,2026-05-14T14:30:00Z,4698.88000,4689.40000,9.48000,4694.14000,12,1
XAUUSD,M5,new_york,America/New_York,2026-05-15,60,2026-05-15T13:30:00Z,2026-05-15T14:30:00Z,4572.60000,4549.56000,23.04000,4561.08000,12,1
XAUUSD,M5,new_york,America/New_York,2026-05-18,60,2026-05-18T13:30:00Z,2026-05-18T14:30:00Z,4547.69000,4529.94000,17.75000,4538.81500,12,1
XAUUSD,M5,new_york,America/New_York,2026-05-19,60,2026-05-19T13:30:00Z,2026-05-19T14:30:00Z,4547.94000,4525.43000,22.51000,4536.68500,12,1
XAUUSD,M5,new_york,America/New_York,2026-05-20,60,2026-05-20T13:30:00Z,2026-05-20T14:30:00Z,4501.14000,4488.64000,12.50000,4494.89000,12,1
XAUUSD,M5,new_york,America/New_York,2026-05-21,60,2026-05-21T13:30:00Z,2026-05-21T14:30:00Z,4521.32000,4504.96000,16.36000,4513.14000,12,1
XAUUSD,M5,new_york,America/New_York,2026-05-22,60,2026-05-22T13:30:00Z,2026-05-22T14:30:00Z,4525.56000,4510.18000,15.38000,4517.87000,12,1
XAUUSD,M5,new_york,America/New_York,2026-05-25,60,2026-05-25T13:30:00Z,2026-05-25T14:30:00Z,4575.30000,4567.61000,7.69000,4571.45500,12,1
XAUUSD,M5,new_york,America/New_York,2026-05-26,60,2026-05-26T13:30:00Z,2026-05-26T14:30:00Z,4540.64000,4522.85000,17.79000,4531.74500,12,1
XAUUSD,M5,new_york,America/New_York,2026-05-27,60,2026-05-27T13:30:00Z,2026-05-27T14:30:00Z,4477.36000,4439.87000,37.49000,4458.61500,12,1
XAUUSD,M5,new_york,America/New_York,2026-05-28,60,2026-05-28T13:30:00Z,2026-05-28T14:30:00Z,4402.53000,4375.25000,27.28000,4388.89000,12,1
XAUUSD,M5,new_york,America/New_York,2026-05-29,60,2026-05-29T13:30:00Z,2026-05-29T14:30:00Z,4543.32000,4526.94000,16.38000,4535.13000,12,1
XAUUSD,M5,new_york,America/New_York,2026-06-01,60,2026-06-01T13:30:00Z,2026-06-01T14:30:00Z,4512.95000,4499.80000,13.15000,4506.37500,12,1
XAUUSD,M5,new_york,America/New_York,2026-06-02,60,2026-06-02T13:30:00Z,2026-06-02T14:30:00Z,4534.65000,4525.48000,9.17000,4530.06500,12,1
XAUUSD,M5,new_york,America/New_York,2026-06-03,60,2026-06-03T13:30:00Z,2026-06-03T14:30:00Z,4468.18000,4453.31000,14.87000,4460.74500,12,1
XAUUSD,M5,new_york,America/New_York,2026-06-04,60,2026-06-04T13:30:00Z,2026-06-04T14:30:00Z,4491.49000,4466.48000,25.01000,4478.98500,12,1
XAUUSD,M5,new_york,America/New_York,2026-06-05,60,2026-06-05T13:30:00Z,2026-06-05T14:30:00Z,4467.99000,4458.86000,9.13000,4463.42500,12,1
XAUUSD,M5,new_york,America/New_York,2026-06-08,60,2026-06-08T13:30:00Z,2026-06-08T14:30:00Z,4331.06000,4292.29000,38.77000,4311.67500,12,1
XAUUSD,M5,new_york,America/New_York,2026-06-09,60,2026-06-09T13:30:00Z,2026-06-09T14:30:00Z,4340.86000,4329.75000,11.11000,4335.30500,12,1
XAUUSD,M5,new_york,America/New_York,2026-06-10,60,2026-06-10T13:30:00Z,2026-06-10T14:30:00Z,4178.60000,4153.53000,25.07000,4166.06500,12,1
XAUUSD,M5,new_york,America/New_York,2026-06-11,60,2026-06-11T13:30:00Z,2026-06-11T14:30:00Z,4093.25000,4083.39000,9.86000,4088.32000,12,1
