observation_id,observation_family,observation_level,observation_status,source_candidate_id,symbol,timeframe,session_id,session_timezone,prior_session_local_date,next_session_local_date,first_break_direction,first_break_mode,prior_or_break_edge_value,next_session_open_utc,next_session_first_bar_open,next_session_first_bar_close,next_session_first_30m_bar_count,next_session_first_bar_expected_side,next_session_first_30m_all_closes_expected_side,next_session_first_30m_any_close_opposite_or_at_boundary,observation_scope
IBORONLYNXT|IBORONLYSC|IBORONLY|IBORB|IBORFB|IBOR|GBPUSD|M15|new_york|2021-06-16|60|IB60|OR30,IB_OR_BREAK_ONLY_BEYOND_OR_NEXT_SESSION_CONTINUATION_OBSERVATION,RELATION_P0,next_session_first_30m_all_closes_beyond_prior_or,IBORONLYSC|IBORONLY|IBORB|IBORFB|IBOR|GBPUSD|M15|new_york|2021-06-16|60|IB60|OR30,GBPUSD,M15,new_york,America/New_York,2021-06-16,2021-06-17,down,wick,1.41094,2021-06-17T13:30:00Z,1.39433,1.39433,2,1,1,0,next_same_session_first_30m_relative_to_prior_or
IBORONLYNXT|IBORONLYSC|IBORONLY|IBORB|IBORFB|IBOR|GBPUSD|M15|london|2021-06-18|60|IB60|OR30,IB_OR_BREAK_ONLY_BEYOND_OR_NEXT_SESSION_CONTINUATION_OBSERVATION,RELATION_P0,missing_next_session_first_30m_data,IBORONLYSC|IBORONLY|IBORB|IBORFB|IBOR|GBPUSD|M15|london|2021-06-18|60|IB60|OR30,GBPUSD,M15,london,Europe/London,2021-06-18,2021-06-19,down,close,1.39211,2021-06-19T07:00:00Z,,,0,,,,next_same_session_first_30m_relative_to_prior_or
IBORONLYNXT|IBORONLYSC|IBORONLY|IBORB|IBORFB|IBOR|GBPUSD|M15|new_york|2021-06-18|60|IB60|OR30,IB_OR_BREAK_ONLY_BEYOND_OR_NEXT_SESSION_CONTINUATION_OBSERVATION,RELATION_P0,missing_next_session_first_30m_data,IBORONLYSC|IBORONLY|IBORB|IBORFB|IBOR|GBPUSD|M15|new_york|2021-06-18|60|IB60|OR30,GBPUSD,M15,new_york,America/New_York,2021-06-18,2021-06-19,down,wick,1.38987,2021-06-19T13:30:00Z,,,0,,,,next_same_session_first_30m_relative_to_prior_or
IBORONLYNXT|IBORONLYSC|IBORONLY|IBORB|IBORFB|IBOR|GBPUSD|M15|new_york|2021-06-22|60|IB60|OR30,IB_OR_BREAK_ONLY_BEYOND_OR_NEXT_SESSION_CONTINUATION_OBSERVATION,RELATION_P0,next_session_first_30m_all_closes_beyond_prior_or,IBORONLYSC|IBORONLY|IBORB|IBORFB|IBOR|GBPUSD|M15|new_york|2021-06-22|60|IB60|OR30,GBPUSD,M15,new_york,America/New_York,2021-06-22,2021-06-23,up,close,1.38876,2021-06-23T13:30:00Z,1.396,1.39611,2,1,1,0,next_same_session_first_30m_relative_to_prior_or
IBORONLYNXT|IBORONLYSC|IBORONLY|IBORB|IBORFB|IBOR|GBPUSD|M15|london|2021-06-23|60|IB60|OR30,IB_OR_BREAK_ONLY_BEYOND_OR_NEXT_SESSION_CONTINUATION_OBSERVATION,RELATION_P0,next_session_first_30m_all_closes_beyond_prior_or,IBORONLYSC|IBORONLY|IBORB|IBORFB|IBOR|GBPUSD|M15|london|2021-06-23|60|IB60|OR30,GBPUSD,M15,london,Europe/London,2021-06-23,2021-06-24,up,wick,1.39307,2021-06-24T07:00:00Z,1.39545,1.39587,2,1,1,0,next_same_session_first_30m_relative_to_prior_or
IBORONLYNXT|IBORONLYSC|IBORONLY|IBORB|IBORFB|IBOR|GBPUSD|M15|new_york|2021-06-24|60|IB60|OR30,IB_OR_BREAK_ONLY_BEYOND_OR_NEXT_SESSION_CONTINUATION_OBSERVATION,RELATION_P0,next_session_first_30m_all_closes_beyond_prior_or,IBORONLYSC|IBORONLY|IBORB|IBORFB|IBOR|GBPUSD|M15|new_york|2021-06-24|60|IB60|OR30,GBPUSD,M15,new_york,America/New_York,2021-06-24,2021-06-25,down,close,1.39675,2021-06-25T13:30:00Z,1.38998,1.39056,2,1,1,0,next_same_session_first_30m_relative_to_prior_or
IBORONLYNXT|IBORONLYSC|IBORONLY|IBORB|IBORFB|IBOR|GBPUSD|M15|london|2021-06-25|60|IB60|OR30,IB_OR_BREAK_ONLY_BEYOND_OR_NEXT_SESSION_CONTINUATION_OBSERVATION,RELATION_P0,missing_next_session_first_30m_data,IBORONLYSC|IBORONLY|IBORB|IBORFB|IBOR|GBPUSD|M15|london|2021-06-25|60|IB60|OR30,GBPUSD,M15,london,Europe/London,2021-06-25,2021-06-26,down,close,1.39243,2021-06-26T07:00:00Z,,,0,,,,next_same_session_first_30m_relative_to_prior_or
IBORONLYNXT|IBORONLYSC|IBORONLY|IBORB|IBORFB|IBOR|GBPUSD|M15|new_york|2021-06-28|60|IB60|OR30,IB_OR_BREAK_ONLY_BEYOND_OR_NEXT_SESSION_CONTINUATION_OBSERVATION,RELATION_P0,next_session_first_30m_all_closes_beyond_prior_or,IBORONLYSC|IBORONLY|IBORB|IBORFB|IBOR|GBPUSD|M15|new_york|2021-06-28|60|IB60|OR30,GBPUSD,M15,new_york,America/New_York,2021-06-28,2021-06-29,down,close,1.38999,2021-06-29T13:30:00Z,1.3844,1.38429,2,1,1,0,next_same_session_first_30m_relative_to_prior_or
IBORONLYNXT|IBORONLYSC|IBORONLY|IBORB|IBORFB|IBOR|GBPUSD|M15|london|2021-07-01|60|IB60|OR30,IB_OR_BREAK_ONLY_BEYOND_OR_NEXT_SESSION_CONTINUATION_OBSERVATION,RELATION_P0,next_session_first_30m_all_closes_beyond_prior_or,IBORONLYSC|IBORONLY|IBORB|IBORFB|IBOR|GBPUSD|M15|london|2021-07-01|60|IB60|OR30,GBPUSD,M15,london,Europe/London,2021-07-01,2021-07-02,down,wick,1.38176,2021-07-02T07:00:00Z,1.37671,1.37739,2,1,1,0,next_same_session_first_30m_relative_to_prior_or
IBORONLYNXT|IBORONLYSC|IBORONLY|IBORB|IBORFB|IBOR|GBPUSD|M15|new_york|2021-07-02|60|IB60|OR30,IB_OR_BREAK_ONLY_BEYOND_OR_NEXT_SESSION_CONTINUATION_OBSERVATION,RELATION_P0,missing_next_session_first_30m_data,IBORONLYSC|IBORONLY|IBORB|IBORFB|IBOR|GBPUSD|M15|new_york|2021-07-02|60|IB60|OR30,GBPUSD,M15,new_york,America/New_York,2021-07-02,2021-07-03,up,close,1.37500,2021-07-03T13:30:00Z,,,0,,,,next_same_session_first_30m_relative_to_prior_or
IBORONLYNXT|IBORONLYSC|IBORONLY|IBORB|IBORFB|IBOR|GBPUSD|M15|london|2021-07-05|60|IB60|OR30,IB_OR_BREAK_ONLY_BEYOND_OR_NEXT_SESSION_CONTINUATION_OBSERVATION,RELATION_P0,next_session_first_30m_all_closes_beyond_prior_or,IBORONLYSC|IBORONLY|IBORB|IBORFB|IBOR|GBPUSD|M15|london|2021-07-05|60|IB60|OR30,GBPUSD,M15,london,Europe/London,2021-07-05,2021-07-06,up,close,1.38222,2021-07-06T07:00:00Z,1.38833,1.38832,2,1,1,0,next_same_session_first_30m_relative_to_prior_or
IBORONLYNXT|IBORONLYSC|IBORONLY|IBORB|IBORFB|IBOR|GBPUSD|M15|new_york|2021-07-08|60|IB60|OR30,IB_OR_BREAK_ONLY_BEYOND_OR_NEXT_SESSION_CONTINUATION_OBSERVATION,RELATION_P0,next_session_first_30m_all_closes_beyond_prior_or,IBORONLYSC|IBORONLY|IBORB|IBORFB|IBOR|GBPUSD|M15|new_york|2021-07-08|60|IB60|OR30,GBPUSD,M15,new_york,America/New_York,2021-07-08,2021-07-09,up,wick,1.37742,2021-07-09T13:30:00Z,1.38003,1.38084,2,1,1,0,next_same_session_first_30m_relative_to_prior_or
IBORONLYNXT|IBORONLYSC|IBORONLY|IBORB|IBORFB|IBOR|GBPUSD|M15|new_york|2021-07-09|60|IB60|OR30,IB_OR_BREAK_ONLY_BEYOND_OR_NEXT_SESSION_CONTINUATION_OBSERVATION,RELATION_P0,missing_next_session_first_30m_data,IBORONLYSC|IBORONLY|IBORB|IBORFB|IBOR|GBPUSD|M15|new_york|2021-07-09|60|IB60|OR30,GBPUSD,M15,new_york,America/New_York,2021-07-09,2021-07-10,up,close,1.38127,2021-07-10T13:30:00Z,,,0,,,,next_same_session_first_30m_relative_to_prior_or
IBORONLYNXT|IBORONLYSC|IBORONLY|IBORB|IBORFB|IBOR|GBPUSD|M15|new_york|2021-07-12|60|IB60|OR30,IB_OR_BREAK_ONLY_BEYOND_OR_NEXT_SESSION_CONTINUATION_OBSERVATION,RELATION_P0,next_session_first_30m_all_closes_beyond_prior_or,IBORONLYSC|IBORONLY|IBORB|IBORFB|IBOR|GBPUSD|M15|new_york|2021-07-12|60|IB60|OR30,GBPUSD,M15,new_york,America/New_York,2021-07-12,2021-07-13,up,close,1.38530,2021-07-13T13:30:00Z,1.38521,1.38569,2,1,1,0,next_same_session_first_30m_relative_to_prior_or
IBORONLYNXT|IBORONLYSC|IBORONLY|IBORB|IBORFB|IBOR|GBPUSD|M15|london|2021-07-13|60|IB60|OR30,IB_OR_BREAK_ONLY_BEYOND_OR_NEXT_SESSION_CONTINUATION_OBSERVATION,RELATION_P0,next_session_first_30m_all_closes_beyond_prior_or,IBORONLYSC|IBORONLY|IBORB|IBORFB|IBOR|GBPUSD|M15|london|2021-07-13|60|IB60|OR30,GBPUSD,M15,london,Europe/London,2021-07-13,2021-07-14,down,close,1.38935,2021-07-14T07:00:00Z,1.38186,1.38188,2,1,1,0,next_same_session_first_30m_relative_to_prior_or
IBORONLYNXT|IBORONLYSC|IBORONLY|IBORB|IBORFB|IBOR|GBPUSD|M15|new_york|2021-07-13|60|IB60|OR30,IB_OR_BREAK_ONLY_BEYOND_OR_NEXT_SESSION_CONTINUATION_OBSERVATION,RELATION_P0,next_session_first_30m_not_all_closes_beyond_prior_or,IBORONLYSC|IBORONLY|IBORB|IBORFB|IBOR|GBPUSD|M15|new_york|2021-07-13|60|IB60|OR30,GBPUSD,M15,new_york,America/New_York,2021-07-13,2021-07-14,down,close,1.38520,2021-07-14T13:30:00Z,1.38554,1.38675,2,0,0,1,next_same_session_first_30m_relative_to_prior_or
IBORONLYNXT|IBORONLYSC|IBORONLY|IBORB|IBORFB|IBOR|GBPUSD|M15|new_york|2021-07-15|60|IB60|OR30,IB_OR_BREAK_ONLY_BEYOND_OR_NEXT_SESSION_CONTINUATION_OBSERVATION,RELATION_P0,next_session_first_30m_all_closes_beyond_prior_or,IBORONLYSC|IBORONLY|IBORB|IBORFB|IBOR|GBPUSD|M15|new_york|2021-07-15|60|IB60|OR30,GBPUSD,M15,new_york,America/New_York,2021-07-15,2021-07-16,down,close,1.38688,2021-07-16T13:30:00Z,1.38147,1.38134,2,1,1,0,next_same_session_first_30m_relative_to_prior_or
IBORONLYNXT|IBORONLYSC|IBORONLY|IBORB|IBORFB|IBOR|GBPUSD|M15|london|2021-07-16|60|IB60|OR30,IB_OR_BREAK_ONLY_BEYOND_OR_NEXT_SESSION_CONTINUATION_OBSERVATION,RELATION_P0,missing_next_session_first_30m_data,IBORONLYSC|IBORONLY|IBORB|IBORFB|IBOR|GBPUSD|M15|london|2021-07-16|60|IB60|OR30,GBPUSD,M15,london,Europe/London,2021-07-16,2021-07-17,down,close,1.38358,2021-07-17T07:00:00Z,,,0,,,,next_same_session_first_30m_relative_to_prior_or
IBORONLYNXT|IBORONLYSC|IBORONLY|IBORB|IBORFB|IBOR|GBPUSD|M15|new_york|2021-07-16|60|IB60|OR30,IB_OR_BREAK_ONLY_BEYOND_OR_NEXT_SESSION_CONTINUATION_OBSERVATION,RELATION_P0,missing_next_session_first_30m_data,IBORONLYSC|IBORONLY|IBORB|IBORFB|IBOR|GBPUSD|M15|new_york|2021-07-16|60|IB60|OR30,GBPUSD,M15,new_york,America/New_York,2021-07-16,2021-07-17,down,wick,1.38024,2021-07-17T13:30:00Z,,,0,,,,next_same_session_first_30m_relative_to_prior_or
IBORONLYNXT|IBORONLYSC|IBORONLY|IBORB|IBORFB|IBOR|GBPUSD|M15|london|2021-07-19|60|IB60|OR30,IB_OR_BREAK_ONLY_BEYOND_OR_NEXT_SESSION_CONTINUATION_OBSERVATION,RELATION_P0,next_session_first_30m_all_closes_beyond_prior_or,IBORONLYSC|IBORONLY|IBORB|IBORFB|IBOR|GBPUSD|M15|london|2021-07-19|60|IB60|OR30,GBPUSD,M15,london,Europe/London,2021-07-19,2021-07-20,down,close,1.37554,2021-07-20T07:00:00Z,1.36702,1.36654,2,1,1,0,next_same_session_first_30m_relative_to_prior_or
IBORONLYNXT|IBORONLYSC|IBORONLY|IBORB|IBORFB|IBOR|GBPUSD|M15|new_york|2021-07-19|60|IB60|OR30,IB_OR_BREAK_ONLY_BEYOND_OR_NEXT_SESSION_CONTINUATION_OBSERVATION,RELATION_P0,next_session_first_30m_all_closes_beyond_prior_or,IBORONLYSC|IBORONLY|IBORB|IBORFB|IBOR|GBPUSD|M15|new_york|2021-07-19|60|IB60|OR30,GBPUSD,M15,new_york,America/New_York,2021-07-19,2021-07-20,down,close,1.37025,2021-07-20T13:30:00Z,1.36464,1.3636,2,1,1,0,next_same_session_first_30m_relative_to_prior_or
IBORONLYNXT|IBORONLYSC|IBORONLY|IBORB|IBORFB|IBOR|GBPUSD|M15|london|2021-07-22|60|IB60|OR30,IB_OR_BREAK_ONLY_BEYOND_OR_NEXT_SESSION_CONTINUATION_OBSERVATION,RELATION_P0,next_session_first_30m_all_closes_beyond_prior_or,IBORONLYSC|IBORONLY|IBORB|IBORFB|IBOR|GBPUSD|M15|london|2021-07-22|60|IB60|OR30,GBPUSD,M15,london,Europe/London,2021-07-22,2021-07-23,up,close,1.37153,2021-07-23T07:00:00Z,1.37604,1.3758,2,1,1,0,next_same_session_first_30m_relative_to_prior_or
IBORONLYNXT|IBORONLYSC|IBORONLY|IBORB|IBORFB|IBOR|GBPUSD|M15|london|2021-07-26|60|IB60|OR30,IB_OR_BREAK_ONLY_BEYOND_OR_NEXT_SESSION_CONTINUATION_OBSERVATION,RELATION_P0,next_session_first_30m_all_closes_beyond_prior_or,IBORONLYSC|IBORONLY|IBORB|IBORFB|IBOR|GBPUSD|M15|london|2021-07-26|60|IB60|OR30,GBPUSD,M15,london,Europe/London,2021-07-26,2021-07-27,up,close,1.37486,2021-07-27T07:00:00Z,1.38274,1.3824,2,1,1,0,next_same_session_first_30m_relative_to_prior_or
IBORONLYNXT|IBORONLYSC|IBORONLY|IBORB|IBORFB|IBOR|GBPUSD|M15|new_york|2021-07-28|60|IB60|OR30,IB_OR_BREAK_ONLY_BEYOND_OR_NEXT_SESSION_CONTINUATION_OBSERVATION,RELATION_P0,next_session_first_30m_all_closes_beyond_prior_or,IBORONLYSC|IBORONLY|IBORB|IBORFB|IBOR|GBPUSD|M15|new_york|2021-07-28|60|IB60|OR30,GBPUSD,M15,new_york,America/New_York,2021-07-28,2021-07-29,up,wick,1.38808,2021-07-29T13:30:00Z,1.39572,1.39594,2,1,1,0,next_same_session_first_30m_relative_to_prior_or
IBORONLYNXT|IBORONLYSC|IBORONLY|IBORB|IBORFB|IBOR|GBPUSD|M15|london|2021-07-29|60|IB60|OR30,IB_OR_BREAK_ONLY_BEYOND_OR_NEXT_SESSION_CONTINUATION_OBSERVATION,RELATION_P0,next_session_first_30m_all_closes_beyond_prior_or,IBORONLYSC|IBORONLY|IBORB|IBORFB|IBOR|GBPUSD|M15|london|2021-07-29|60|IB60|OR30,GBPUSD,M15,london,Europe/London,2021-07-29,2021-07-30,up,wick,1.39285,2021-07-30T07:00:00Z,1.39418,1.39458,2,1,1,0,next_same_session_first_30m_relative_to_prior_or
IBORONLYNXT|IBORONLYSC|IBORONLY|IBORB|IBORFB|IBOR|GBPUSD|M15|new_york|2021-07-30|60|IB60|OR30,IB_OR_BREAK_ONLY_BEYOND_OR_NEXT_SESSION_CONTINUATION_OBSERVATION,RELATION_P0,missing_next_session_first_30m_data,IBORONLYSC|IBORONLY|IBORB|IBORFB|IBOR|GBPUSD|M15|new_york|2021-07-30|60|IB60|OR30,GBPUSD,M15,new_york,America/New_York,2021-07-30,2021-07-31,down,close,1.39653,2021-07-31T13:30:00Z,,,0,,,,next_same_session_first_30m_relative_to_prior_or
IBORONLYNXT|IBORONLYSC|IBORONLY|IBORB|IBORFB|IBOR|GBPUSD|M15|london|2021-08-02|60|IB60|OR30,IB_OR_BREAK_ONLY_BEYOND_OR_NEXT_SESSION_CONTINUATION_OBSERVATION,RELATION_P0,next_session_first_30m_all_closes_beyond_prior_or,IBORONLYSC|IBORONLY|IBORB|IBORFB|IBOR|GBPUSD|M15|london|2021-08-02|60|IB60|OR30,GBPUSD,M15,london,Europe/London,2021-08-02,2021-08-03,down,wick,1.38979,2021-08-03T07:00:00Z,1.38923,1.38938,2,1,1,0,next_same_session_first_30m_relative_to_prior_or
IBORONLYNXT|IBORONLYSC|IBORONLY|IBORB|IBORFB|IBOR|GBPUSD|M15|london|2021-08-03|60|IB60|OR30,IB_OR_BREAK_ONLY_BEYOND_OR_NEXT_SESSION_CONTINUATION_OBSERVATION,RELATION_P0,next_session_first_30m_all_closes_beyond_prior_or,IBORONLYSC|IBORONLY|IBORB|IBORFB|IBOR|GBPUSD|M15|london|2021-08-03|60|IB60|OR30,GBPUSD,M15,london,Europe/London,2021-08-03,2021-08-04,up,wick,1.38980,2021-08-04T07:00:00Z,1.39244,1.39257,2,1,1,0,next_same_session_first_30m_relative_to_prior_or
IBORONLYNXT|IBORONLYSC|IBORONLY|IBORB|IBORFB|IBOR|GBPUSD|M15|new_york|2021-08-04|60|IB60|OR30,IB_OR_BREAK_ONLY_BEYOND_OR_NEXT_SESSION_CONTINUATION_OBSERVATION,RELATION_P0,next_session_first_30m_not_all_closes_beyond_prior_or,IBORONLYSC|IBORONLY|IBORB|IBORFB|IBOR|GBPUSD|M15|new_york|2021-08-04|60|IB60|OR30,GBPUSD,M15,new_york,America/New_York,2021-08-04,2021-08-05,down,wick,1.39222,2021-08-05T13:30:00Z,1.39254,1.39249,2,0,0,1,next_same_session_first_30m_relative_to_prior_or
IBORONLYNXT|IBORONLYSC|IBORONLY|IBORB|IBORFB|IBOR|GBPUSD|M15|london|2021-08-06|60|IB60|OR30,IB_OR_BREAK_ONLY_BEYOND_OR_NEXT_SESSION_CONTINUATION_OBSERVATION,RELATION_P0,missing_next_session_first_30m_data,IBORONLYSC|IBORONLY|IBORB|IBORFB|IBOR|GBPUSD|M15|london|2021-08-06|60|IB60|OR30,GBPUSD,M15,london,Europe/London,2021-08-06,2021-08-07,down,wick,1.39173,2021-08-07T07:00:00Z,,,0,,,,next_same_session_first_30m_relative_to_prior_or
IBORONLYNXT|IBORONLYSC|IBORONLY|IBORB|IBORFB|IBOR|GBPUSD|M15|new_york|2021-08-06|60|IB60|OR30,IB_OR_BREAK_ONLY_BEYOND_OR_NEXT_SESSION_CONTINUATION_OBSERVATION,RELATION_P0,missing_next_session_first_30m_data,IBORONLYSC|IBORONLY|IBORB|IBORFB|IBOR|GBPUSD|M15|new_york|2021-08-06|60|IB60|OR30,GBPUSD,M15,new_york,America/New_York,2021-08-06,2021-08-07,down,wick,1.39071,2021-08-07T13:30:00Z,,,0,,,,next_same_session_first_30m_relative_to_prior_or
IBORONLYNXT|IBORONLYSC|IBORONLY|IBORB|IBORFB|IBOR|GBPUSD|M15|new_york|2021-08-09|60|IB60|OR30,IB_OR_BREAK_ONLY_BEYOND_OR_NEXT_SESSION_CONTINUATION_OBSERVATION,RELATION_P0,next_session_first_30m_all_closes_beyond_prior_or,IBORONLYSC|IBORONLY|IBORB|IBORFB|IBOR|GBPUSD|M15|new_york|2021-08-09|60|IB60|OR30,GBPUSD,M15,new_york,America/New_York,2021-08-09,2021-08-10,down,wick,1.38784,2021-08-10T13:30:00Z,1.38547,1.38568,2,1,1,0,next_same_session_first_30m_relative_to_prior_or
IBORONLYNXT|IBORONLYSC|IBORONLY|IBORB|IBORFB|IBOR|GBPUSD|M15|london|2021-08-10|60|IB60|OR30,IB_OR_BREAK_ONLY_BEYOND_OR_NEXT_SESSION_CONTINUATION_OBSERVATION,RELATION_P0,next_session_first_30m_all_closes_beyond_prior_or,IBORONLYSC|IBORONLY|IBORB|IBORFB|IBOR|GBPUSD|M15|london|2021-08-10|60|IB60|OR30,GBPUSD,M15,london,Europe/London,2021-08-10,2021-08-11,down,close,1.38459,2021-08-11T07:00:00Z,1.38278,1.38289,2,1,1,0,next_same_session_first_30m_relative_to_prior_or
IBORONLYNXT|IBORONLYSC|IBORONLY|IBORB|IBORFB|IBOR|GBPUSD|M15|london|2021-08-12|60|IB60|OR30,IB_OR_BREAK_ONLY_BEYOND_OR_NEXT_SESSION_CONTINUATION_OBSERVATION,RELATION_P0,next_session_first_30m_all_closes_beyond_prior_or,IBORONLYSC|IBORONLY|IBORB|IBORFB|IBOR|GBPUSD|M15|london|2021-08-12|60|IB60|OR30,GBPUSD,M15,london,Europe/London,2021-08-12,2021-08-13,down,close,1.38722,2021-08-13T07:00:00Z,1.38132,1.38138,2,1,1,0,next_same_session_first_30m_relative_to_prior_or
IBORONLYNXT|IBORONLYSC|IBORONLY|IBORB|IBORFB|IBOR|GBPUSD|M15|new_york|2021-08-12|60|IB60|OR30,IB_OR_BREAK_ONLY_BEYOND_OR_NEXT_SESSION_CONTINUATION_OBSERVATION,RELATION_P0,next_session_first_30m_all_closes_beyond_prior_or,IBORONLYSC|IBORONLY|IBORB|IBORFB|IBOR|GBPUSD|M15|new_york|2021-08-12|60|IB60|OR30,GBPUSD,M15,new_york,America/New_York,2021-08-12,2021-08-13,down,wick,1.38497,2021-08-13T13:30:00Z,1.37931,1.37961,2,1,1,0,next_same_session_first_30m_relative_to_prior_or
IBORONLYNXT|IBORONLYSC|IBORONLY|IBORB|IBORFB|IBOR|GBPUSD|M15|new_york|2021-08-13|60|IB60|OR30,IB_OR_BREAK_ONLY_BEYOND_OR_NEXT_SESSION_CONTINUATION_OBSERVATION,RELATION_P0,missing_next_session_first_30m_data,IBORONLYSC|IBORONLY|IBORB|IBORFB|IBOR|GBPUSD|M15|new_york|2021-08-13|60|IB60|OR30,GBPUSD,M15,new_york,America/New_York,2021-08-13,2021-08-14,up,close,1.37994,2021-08-14T13:30:00Z,,,0,,,,next_same_session_first_30m_relative_to_prior_or
IBORONLYNXT|IBORONLYSC|IBORONLY|IBORB|IBORFB|IBOR|GBPUSD|M15|new_york|2021-08-18|60|IB60|OR30,IB_OR_BREAK_ONLY_BEYOND_OR_NEXT_SESSION_CONTINUATION_OBSERVATION,RELATION_P0,next_session_first_30m_all_closes_beyond_prior_or,IBORONLYSC|IBORONLY|IBORB|IBORFB|IBOR|GBPUSD|M15|new_york|2021-08-18|60|IB60|OR30,GBPUSD,M15,new_york,America/New_York,2021-08-18,2021-08-19,down,wick,1.37494,2021-08-19T13:30:00Z,1.36905,1.36927,2,1,1,0,next_same_session_first_30m_relative_to_prior_or
IBORONLYNXT|IBORONLYSC|IBORONLY|IBORB|IBORFB|IBOR|GBPUSD|M15|london|2021-08-19|60|IB60|OR30,IB_OR_BREAK_ONLY_BEYOND_OR_NEXT_SESSION_CONTINUATION_OBSERVATION,RELATION_P0,next_session_first_30m_all_closes_beyond_prior_or,IBORONLYSC|IBORONLY|IBORB|IBORFB|IBOR|GBPUSD|M15|london|2021-08-19|60|IB60|OR30,GBPUSD,M15,london,Europe/London,2021-08-19,2021-08-20,down,close,1.37193,2021-08-20T07:00:00Z,1.36293,1.3634,2,1,1,0,next_same_session_first_30m_relative_to_prior_or
IBORONLYNXT|IBORONLYSC|IBORONLY|IBORB|IBORFB|IBOR|GBPUSD|M15|new_york|2021-08-19|60|IB60|OR30,IB_OR_BREAK_ONLY_BEYOND_OR_NEXT_SESSION_CONTINUATION_OBSERVATION,RELATION_P0,next_session_first_30m_all_closes_beyond_prior_or,IBORONLYSC|IBORONLY|IBORB|IBORFB|IBOR|GBPUSD|M15|new_york|2021-08-19|60|IB60|OR30,GBPUSD,M15,new_york,America/New_York,2021-08-19,2021-08-20,down,wick,1.36858,2021-08-20T13:30:00Z,1.36194,1.36182,2,1,1,0,next_same_session_first_30m_relative_to_prior_or
IBORONLYNXT|IBORONLYSC|IBORONLY|IBORB|IBORFB|IBOR|GBPUSD|M15|new_york|2021-08-23|60|IB60|OR30,IB_OR_BREAK_ONLY_BEYOND_OR_NEXT_SESSION_CONTINUATION_OBSERVATION,RELATION_P0,next_session_first_30m_all_closes_beyond_prior_or,IBORONLYSC|IBORONLY|IBORB|IBORFB|IBOR|GBPUSD|M15|new_york|2021-08-23|60|IB60|OR30,GBPUSD,M15,new_york,America/New_York,2021-08-23,2021-08-24,up,wick,1.36781,2021-08-24T13:30:00Z,1.3721,1.37284,2,1,1,0,next_same_session_first_30m_relative_to_prior_or
IBORONLYNXT|IBORONLYSC|IBORONLY|IBORB|IBORFB|IBOR|GBPUSD|M15|london|2021-08-24|60|IB60|OR30,IB_OR_BREAK_ONLY_BEYOND_OR_NEXT_SESSION_CONTINUATION_OBSERVATION,RELATION_P0,next_session_first_30m_not_all_closes_beyond_prior_or,IBORONLYSC|IBORONLY|IBORB|IBORFB|IBOR|GBPUSD|M15|london|2021-08-24|60|IB60|OR30,GBPUSD,M15,london,Europe/London,2021-08-24,2021-08-25,up,close,1.37202,2021-08-25T07:00:00Z,1.37181,1.3717,2,0,0,1,next_same_session_first_30m_relative_to_prior_or
IBORONLYNXT|IBORONLYSC|IBORONLY|IBORB|IBORFB|IBOR|GBPUSD|M15|new_york|2021-08-26|60|IB60|OR30,IB_OR_BREAK_ONLY_BEYOND_OR_NEXT_SESSION_CONTINUATION_OBSERVATION,RELATION_P0,next_session_first_30m_all_closes_beyond_prior_or,IBORONLYSC|IBORONLY|IBORB|IBORFB|IBOR|GBPUSD|M15|new_york|2021-08-26|60|IB60|OR30,GBPUSD,M15,new_york,America/New_York,2021-08-26,2021-08-27,down,wick,1.37369,2021-08-27T13:30:00Z,1.37055,1.37062,2,1,1,0,next_same_session_first_30m_relative_to_prior_or
IBORONLYNXT|IBORONLYSC|IBORONLY|IBORB|IBORFB|IBOR|GBPUSD|M15|london|2021-08-27|60|IB60|OR30,IB_OR_BREAK_ONLY_BEYOND_OR_NEXT_SESSION_CONTINUATION_OBSERVATION,RELATION_P0,missing_next_session_first_30m_data,IBORONLYSC|IBORONLY|IBORB|IBORFB|IBOR|GBPUSD|M15|london|2021-08-27|60|IB60|OR30,GBPUSD,M15,london,Europe/London,2021-08-27,2021-08-28,up,close,1.36988,2021-08-28T07:00:00Z,,,0,,,,next_same_session_first_30m_relative_to_prior_or
IBORONLYNXT|IBORONLYSC|IBORONLY|IBORB|IBORFB|IBOR|GBPUSD|M15|new_york|2021-08-27|60|IB60|OR30,IB_OR_BREAK_ONLY_BEYOND_OR_NEXT_SESSION_CONTINUATION_OBSERVATION,RELATION_P0,missing_next_session_first_30m_data,IBORONLYSC|IBORONLY|IBORB|IBORFB|IBOR|GBPUSD|M15|new_york|2021-08-27|60|IB60|OR30,GBPUSD,M15,new_york,America/New_York,2021-08-27,2021-08-28,up,close,1.37106,2021-08-28T13:30:00Z,,,0,,,,next_same_session_first_30m_relative_to_prior_or
IBORONLYNXT|IBORONLYSC|IBORONLY|IBORB|IBORFB|IBOR|GBPUSD|M15|london|2021-09-01|60|IB60|OR30,IB_OR_BREAK_ONLY_BEYOND_OR_NEXT_SESSION_CONTINUATION_OBSERVATION,RELATION_P0,next_session_first_30m_all_closes_beyond_prior_or,IBORONLYSC|IBORONLY|IBORB|IBORFB|IBOR|GBPUSD|M15|london|2021-09-01|60|IB60|OR30,GBPUSD,M15,london,Europe/London,2021-09-01,2021-09-02,up,wick,1.37379,2021-09-02T07:00:00Z,1.37731,1.37721,2,1,1,0,next_same_session_first_30m_relative_to_prior_or
IBORONLYNXT|IBORONLYSC|IBORONLY|IBORB|IBORFB|IBOR|GBPUSD|M15|new_york|2021-09-01|60|IB60|OR30,IB_OR_BREAK_ONLY_BEYOND_OR_NEXT_SESSION_CONTINUATION_OBSERVATION,RELATION_P0,next_session_first_30m_all_closes_beyond_prior_or,IBORONLYSC|IBORONLY|IBORB|IBORFB|IBOR|GBPUSD|M15|new_york|2021-09-01|60|IB60|OR30,GBPUSD,M15,new_york,America/New_York,2021-09-01,2021-09-02,up,wick,1.37613,2021-09-02T13:30:00Z,1.37917,1.37888,2,1,1,0,next_same_session_first_30m_relative_to_prior_or
IBORONLYNXT|IBORONLYSC|IBORONLY|IBORB|IBORFB|IBOR|GBPUSD|M15|new_york|2021-09-03|60|IB60|OR30,IB_OR_BREAK_ONLY_BEYOND_OR_NEXT_SESSION_CONTINUATION_OBSERVATION,RELATION_P0,missing_next_session_first_30m_data,IBORONLYSC|IBORONLY|IBORB|IBORFB|IBOR|GBPUSD|M15|new_york|2021-09-03|60|IB60|OR30,GBPUSD,M15,new_york,America/New_York,2021-09-03,2021-09-04,up,close,1.38275,2021-09-04T13:30:00Z,,,0,,,,next_same_session_first_30m_relative_to_prior_or
IBORONLYNXT|IBORONLYSC|IBORONLY|IBORB|IBORFB|IBOR|GBPUSD|M15|london|2021-09-06|60|IB60|OR30,IB_OR_BREAK_ONLY_BEYOND_OR_NEXT_SESSION_CONTINUATION_OBSERVATION,RELATION_P0,next_session_first_30m_all_closes_beyond_prior_or,IBORONLYSC|IBORONLY|IBORB|IBORFB|IBOR|GBPUSD|M15|london|2021-09-06|60|IB60|OR30,GBPUSD,M15,london,Europe/London,2021-09-06,2021-09-07,down,close,1.38474,2021-09-07T07:00:00Z,1.38466,1.38469,2,1,1,0,next_same_session_first_30m_relative_to_prior_or
IBORONLYNXT|IBORONLYSC|IBORONLY|IBORB|IBORFB|IBOR|GBPUSD|M15|london|2021-09-08|60|IB60|OR30,IB_OR_BREAK_ONLY_BEYOND_OR_NEXT_SESSION_CONTINUATION_OBSERVATION,RELATION_P0,next_session_first_30m_all_closes_beyond_prior_or,IBORONLYSC|IBORONLY|IBORB|IBORFB|IBOR|GBPUSD|M15|london|2021-09-08|60|IB60|OR30,GBPUSD,M15,london,Europe/London,2021-09-08,2021-09-09,down,wick,1.37788,2021-09-09T07:00:00Z,1.37627,1.37619,2,1,1,0,next_same_session_first_30m_relative_to_prior_or
IBORONLYNXT|IBORONLYSC|IBORONLY|IBORB|IBORFB|IBOR|GBPUSD|M15|london|2021-09-10|60|IB60|OR30,IB_OR_BREAK_ONLY_BEYOND_OR_NEXT_SESSION_CONTINUATION_OBSERVATION,RELATION_P0,missing_next_session_first_30m_data,IBORONLYSC|IBORONLY|IBORB|IBORFB|IBOR|GBPUSD|M15|london|2021-09-10|60|IB60|OR30,GBPUSD,M15,london,Europe/London,2021-09-10,2021-09-11,down,close,1.38477,2021-09-11T07:00:00Z,,,0,,,,next_same_session_first_30m_relative_to_prior_or
IBORONLYNXT|IBORONLYSC|IBORONLY|IBORB|IBORFB|IBOR|GBPUSD|M15|london|2021-09-14|60|IB60|OR30,IB_OR_BREAK_ONLY_BEYOND_OR_NEXT_SESSION_CONTINUATION_OBSERVATION,RELATION_P0,next_session_first_30m_all_closes_beyond_prior_or,IBORONLYSC|IBORONLY|IBORB|IBORFB|IBOR|GBPUSD|M15|london|2021-09-14|60|IB60|OR30,GBPUSD,M15,london,Europe/London,2021-09-14,2021-09-15,down,close,1.38440,2021-09-15T07:00:00Z,1.38043,1.38074,2,1,1,0,next_same_session_first_30m_relative_to_prior_or
IBORONLYNXT|IBORONLYSC|IBORONLY|IBORB|IBORFB|IBOR|GBPUSD|M15|new_york|2021-09-14|60|IB60|OR30,IB_OR_BREAK_ONLY_BEYOND_OR_NEXT_SESSION_CONTINUATION_OBSERVATION,RELATION_P0,next_session_first_30m_all_closes_beyond_prior_or,IBORONLYSC|IBORONLY|IBORB|IBORFB|IBOR|GBPUSD|M15|new_york|2021-09-14|60|IB60|OR30,GBPUSD,M15,new_york,America/New_York,2021-09-14,2021-09-15,down,close,1.38652,2021-09-15T13:30:00Z,1.38257,1.38254,2,1,1,0,next_same_session_first_30m_relative_to_prior_or
IBORONLYNXT|IBORONLYSC|IBORONLY|IBORB|IBORFB|IBOR|GBPUSD|M15|london|2021-09-15|60|IB60|OR30,IB_OR_BREAK_ONLY_BEYOND_OR_NEXT_SESSION_CONTINUATION_OBSERVATION,RELATION_P0,next_session_first_30m_all_closes_beyond_prior_or,IBORONLYSC|IBORONLY|IBORB|IBORFB|IBOR|GBPUSD|M15|london|2021-09-15|60|IB60|OR30,GBPUSD,M15,london,Europe/London,2021-09-15,2021-09-16,up,wick,1.38082,2021-09-16T07:00:00Z,1.38336,1.38329,2,1,1,0,next_same_session_first_30m_relative_to_prior_or
IBORONLYNXT|IBORONLYSC|IBORONLY|IBORB|IBORFB|IBOR|GBPUSD|M15|london|2021-09-16|60|IB60|OR30,IB_OR_BREAK_ONLY_BEYOND_OR_NEXT_SESSION_CONTINUATION_OBSERVATION,RELATION_P0,next_session_first_30m_all_closes_beyond_prior_or,IBORONLYSC|IBORONLY|IBORB|IBORFB|IBOR|GBPUSD|M15|london|2021-09-16|60|IB60|OR30,GBPUSD,M15,london,Europe/London,2021-09-16,2021-09-17,down,wick,1.38315,2021-09-17T07:00:00Z,1.37963,1.37983,2,1,1,0,next_same_session_first_30m_relative_to_prior_or
IBORONLYNXT|IBORONLYSC|IBORONLY|IBORB|IBORFB|IBOR|GBPUSD|M15|london|2021-09-20|60|IB60|OR30,IB_OR_BREAK_ONLY_BEYOND_OR_NEXT_SESSION_CONTINUATION_OBSERVATION,RELATION_P0,next_session_first_30m_all_closes_beyond_prior_or,IBORONLYSC|IBORONLY|IBORB|IBORFB|IBOR|GBPUSD|M15|london|2021-09-20|60|IB60|OR30,GBPUSD,M15,london,Europe/London,2021-09-20,2021-09-21,down,close,1.37054,2021-09-21T07:00:00Z,1.36692,1.36731,2,1,1,0,next_same_session_first_30m_relative_to_prior_or
IBORONLYNXT|IBORONLYSC|IBORONLY|IBORB|IBORFB|IBOR|GBPUSD|M15|new_york|2021-09-20|60|IB60|OR30,IB_OR_BREAK_ONLY_BEYOND_OR_NEXT_SESSION_CONTINUATION_OBSERVATION,RELATION_P0,next_session_first_30m_all_closes_beyond_prior_or,IBORONLYSC|IBORONLY|IBORB|IBORFB|IBOR|GBPUSD|M15|new_york|2021-09-20|60|IB60|OR30,GBPUSD,M15,new_york,America/New_York,2021-09-20,2021-09-21,down,close,1.36895,2021-09-21T13:30:00Z,1.36767,1.36813,2,1,1,0,next_same_session_first_30m_relative_to_prior_or
IBORONLYNXT|IBORONLYSC|IBORONLY|IBORB|IBORFB|IBOR|GBPUSD|M15|london|2021-09-21|60|IB60|OR30,IB_OR_BREAK_ONLY_BEYOND_OR_NEXT_SESSION_CONTINUATION_OBSERVATION,RELATION_P0,next_session_first_30m_all_closes_beyond_prior_or,IBORONLYSC|IBORONLY|IBORB|IBORFB|IBOR|GBPUSD|M15|london|2021-09-21|60|IB60|OR30,GBPUSD,M15,london,Europe/London,2021-09-21,2021-09-22,down,wick,1.36692,2021-09-22T07:00:00Z,1.36494,1.36486,2,1,1,0,next_same_session_first_30m_relative_to_prior_or
IBORONLYNXT|IBORONLYSC|IBORONLY|IBORB|IBORFB|IBOR|GBPUSD|M15|new_york|2021-09-21|60|IB60|OR30,IB_OR_BREAK_ONLY_BEYOND_OR_NEXT_SESSION_CONTINUATION_OBSERVATION,RELATION_P0,next_session_first_30m_all_closes_beyond_prior_or,IBORONLYSC|IBORONLY|IBORB|IBORFB|IBOR|GBPUSD|M15|new_york|2021-09-21|60|IB60|OR30,GBPUSD,M15,new_york,America/New_York,2021-09-21,2021-09-22,down,close,1.36760,2021-09-22T13:30:00Z,1.36417,1.36462,2,1,1,0,next_same_session_first_30m_relative_to_prior_or
IBORONLYNXT|IBORONLYSC|IBORONLY|IBORB|IBORFB|IBOR|GBPUSD|M15|new_york|2021-09-22|60|IB60|OR30,IB_OR_BREAK_ONLY_BEYOND_OR_NEXT_SESSION_CONTINUATION_OBSERVATION,RELATION_P0,next_session_first_30m_not_all_closes_beyond_prior_or,IBORONLYSC|IBORONLY|IBORB|IBORFB|IBOR|GBPUSD|M15|new_york|2021-09-22|60|IB60|OR30,GBPUSD,M15,new_york,America/New_York,2021-09-22,2021-09-23,down,close,1.36374,2021-09-23T13:30:00Z,1.36679,1.36808,2,0,0,1,next_same_session_first_30m_relative_to_prior_or
IBORONLYNXT|IBORONLYSC|IBORONLY|IBORB|IBORFB|IBOR|GBPUSD|M15|new_york|2021-09-23|60|IB60|OR30,IB_OR_BREAK_ONLY_BEYOND_OR_NEXT_SESSION_CONTINUATION_OBSERVATION,RELATION_P0,next_session_first_30m_all_closes_beyond_prior_or,IBORONLYSC|IBORONLY|IBORB|IBORFB|IBOR|GBPUSD|M15|new_york|2021-09-23|60|IB60|OR30,GBPUSD,M15,new_york,America/New_York,2021-09-23,2021-09-24,up,close,1.36850,2021-09-24T13:30:00Z,1.37089,1.37019,2,1,1,0,next_same_session_first_30m_relative_to_prior_or
IBORONLYNXT|IBORONLYSC|IBORONLY|IBORB|IBORFB|IBOR|GBPUSD|M15|london|2021-09-24|60|IB60|OR30,IB_OR_BREAK_ONLY_BEYOND_OR_NEXT_SESSION_CONTINUATION_OBSERVATION,RELATION_P0,missing_next_session_first_30m_data,IBORONLYSC|IBORONLY|IBORB|IBORFB|IBOR|GBPUSD|M15|london|2021-09-24|60|IB60|OR30,GBPUSD,M15,london,Europe/London,2021-09-24,2021-09-25,down,wick,1.37223,2021-09-25T07:00:00Z,,,0,,,,next_same_session_first_30m_relative_to_prior_or
IBORONLYNXT|IBORONLYSC|IBORONLY|IBORB|IBORFB|IBOR|GBPUSD|M15|new_york|2021-09-24|60|IB60|OR30,IB_OR_BREAK_ONLY_BEYOND_OR_NEXT_SESSION_CONTINUATION_OBSERVATION,RELATION_P0,missing_next_session_first_30m_data,IBORONLYSC|IBORONLY|IBORB|IBORFB|IBOR|GBPUSD|M15|new_york|2021-09-24|60|IB60|OR30,GBPUSD,M15,new_york,America/New_York,2021-09-24,2021-09-25,down,close,1.36936,2021-09-25T13:30:00Z,,,0,,,,next_same_session_first_30m_relative_to_prior_or
IBORONLYNXT|IBORONLYSC|IBORONLY|IBORB|IBORFB|IBOR|GBPUSD|M15|new_york|2021-09-28|60|IB60|OR30,IB_OR_BREAK_ONLY_BEYOND_OR_NEXT_SESSION_CONTINUATION_OBSERVATION,RELATION_P0,next_session_first_30m_all_closes_beyond_prior_or,IBORONLYSC|IBORONLY|IBORB|IBORFB|IBOR|GBPUSD|M15|new_york|2021-09-28|60|IB60|OR30,GBPUSD,M15,new_york,America/New_York,2021-09-28,2021-09-29,down,wick,1.35945,2021-09-29T13:30:00Z,1.35239,1.35133,2,1,1,0,next_same_session_first_30m_relative_to_prior_or
IBORONLYNXT|IBORONLYSC|IBORONLY|IBORB|IBORFB|IBOR|GBPUSD|M15|new_york|2021-09-29|60|IB60|OR30,IB_OR_BREAK_ONLY_BEYOND_OR_NEXT_SESSION_CONTINUATION_OBSERVATION,RELATION_P0,next_session_first_30m_all_closes_beyond_prior_or,IBORONLYSC|IBORONLY|IBORB|IBORFB|IBOR|GBPUSD|M15|new_york|2021-09-29|60|IB60|OR30,GBPUSD,M15,new_york,America/New_York,2021-09-29,2021-09-30,down,close,1.35027,2021-09-30T13:30:00Z,1.3441,1.34429,2,1,1,0,next_same_session_first_30m_relative_to_prior_or
IBORONLYNXT|IBORONLYSC|IBORONLY|IBORB|IBORFB|IBOR|GBPUSD|M15|london|2021-10-04|60|IB60|OR30,IB_OR_BREAK_ONLY_BEYOND_OR_NEXT_SESSION_CONTINUATION_OBSERVATION,RELATION_P0,next_session_first_30m_all_closes_beyond_prior_or,IBORONLYSC|IBORONLY|IBORB|IBORFB|IBOR|GBPUSD|M15|london|2021-10-04|60|IB60|OR30,GBPUSD,M15,london,Europe/London,2021-10-04,2021-10-05,up,close,1.35428,2021-10-05T07:00:00Z,1.35944,1.35927,2,1,1,0,next_same_session_first_30m_relative_to_prior_or
IBORONLYNXT|IBORONLYSC|IBORONLY|IBORB|IBORFB|IBOR|GBPUSD|M15|new_york|2021-10-04|60|IB60|OR30,IB_OR_BREAK_ONLY_BEYOND_OR_NEXT_SESSION_CONTINUATION_OBSERVATION,RELATION_P0,next_session_first_30m_all_closes_beyond_prior_or,IBORONLYSC|IBORONLY|IBORB|IBORFB|IBOR|GBPUSD|M15|new_york|2021-10-04|60|IB60|OR30,GBPUSD,M15,new_york,America/New_York,2021-10-04,2021-10-05,up,close,1.35915,2021-10-05T13:30:00Z,1.3618,1.36248,2,1,1,0,next_same_session_first_30m_relative_to_prior_or
IBORONLYNXT|IBORONLYSC|IBORONLY|IBORB|IBORFB|IBOR|GBPUSD|M15|london|2021-10-06|60|IB60|OR30,IB_OR_BREAK_ONLY_BEYOND_OR_NEXT_SESSION_CONTINUATION_OBSERVATION,RELATION_P0,next_session_first_30m_all_closes_beyond_prior_or,IBORONLYSC|IBORONLY|IBORB|IBORFB|IBOR|GBPUSD|M15|london|2021-10-06|60|IB60|OR30,GBPUSD,M15,london,Europe/London,2021-10-06,2021-10-07,down,close,1.36026,2021-10-07T07:00:00Z,1.3583,1.35842,2,1,1,0,next_same_session_first_30m_relative_to_prior_or
IBORONLYNXT|IBORONLYSC|IBORONLY|IBORB|IBORFB|IBOR|GBPUSD|M15|new_york|2021-10-06|60|IB60|OR30,IB_OR_BREAK_ONLY_BEYOND_OR_NEXT_SESSION_CONTINUATION_OBSERVATION,RELATION_P0,next_session_first_30m_all_closes_beyond_prior_or,IBORONLYSC|IBORONLY|IBORB|IBORFB|IBOR|GBPUSD|M15|new_york|2021-10-06|60|IB60|OR30,GBPUSD,M15,new_york,America/New_York,2021-10-06,2021-10-07,up,close,1.35732,2021-10-07T13:30:00Z,1.3586,1.35875,2,1,1,0,next_same_session_first_30m_relative_to_prior_or
IBORONLYNXT|IBORONLYSC|IBORONLY|IBORB|IBORFB|IBOR|GBPUSD|M15|london|2021-10-07|60|IB60|OR30,IB_OR_BREAK_ONLY_BEYOND_OR_NEXT_SESSION_CONTINUATION_OBSERVATION,RELATION_P0,next_session_first_30m_all_closes_beyond_prior_or,IBORONLYSC|IBORONLY|IBORB|IBORFB|IBOR|GBPUSD|M15|london|2021-10-07|60|IB60|OR30,GBPUSD,M15,london,Europe/London,2021-10-07,2021-10-08,up,wick,1.35866,2021-10-08T07:00:00Z,1.36092,1.36111,2,1,1,0,next_same_session_first_30m_relative_to_prior_or
IBORONLYNXT|IBORONLYSC|IBORONLY|IBORB|IBORFB|IBOR|GBPUSD|M15|new_york|2021-10-07|60|IB60|OR30,IB_OR_BREAK_ONLY_BEYOND_OR_NEXT_SESSION_CONTINUATION_OBSERVATION,RELATION_P0,next_session_first_30m_all_closes_beyond_prior_or,IBORONLYSC|IBORONLY|IBORB|IBORFB|IBOR|GBPUSD|M15|new_york|2021-10-07|60|IB60|OR30,GBPUSD,M15,new_york,America/New_York,2021-10-07,2021-10-08,up,close,1.35944,2021-10-08T13:30:00Z,1.36302,1.36266,2,1,1,0,next_same_session_first_30m_relative_to_prior_or
IBORONLYNXT|IBORONLYSC|IBORONLY|IBORB|IBORFB|IBOR|GBPUSD|M15|new_york|2021-10-08|60|IB60|OR30,IB_OR_BREAK_ONLY_BEYOND_OR_NEXT_SESSION_CONTINUATION_OBSERVATION,RELATION_P0,missing_next_session_first_30m_data,IBORONLYSC|IBORONLY|IBORB|IBORFB|IBOR|GBPUSD|M15|new_york|2021-10-08|60|IB60|OR30,GBPUSD,M15,new_york,America/New_York,2021-10-08,2021-10-09,down,wick,1.36256,2021-10-09T13:30:00Z,,,0,,,,next_same_session_first_30m_relative_to_prior_or
IBORONLYNXT|IBORONLYSC|IBORONLY|IBORB|IBORFB|IBOR|GBPUSD|M15|london|2021-10-12|60|IB60|OR30,IB_OR_BREAK_ONLY_BEYOND_OR_NEXT_SESSION_CONTINUATION_OBSERVATION,RELATION_P0,next_session_first_30m_not_all_closes_beyond_prior_or,IBORONLYSC|IBORONLY|IBORB|IBORFB|IBOR|GBPUSD|M15|london|2021-10-12|60|IB60|OR30,GBPUSD,M15,london,Europe/London,2021-10-12,2021-10-13,down,wick,1.35951,2021-10-13T07:00:00Z,1.36131,1.36148,2,0,0,1,next_same_session_first_30m_relative_to_prior_or
IBORONLYNXT|IBORONLYSC|IBORONLY|IBORB|IBORFB|IBOR|GBPUSD|M15|london|2021-10-13|60|IB60|OR30,IB_OR_BREAK_ONLY_BEYOND_OR_NEXT_SESSION_CONTINUATION_OBSERVATION,RELATION_P0,next_session_first_30m_all_closes_beyond_prior_or,IBORONLYSC|IBORONLY|IBORB|IBORFB|IBOR|GBPUSD|M15|london|2021-10-13|60|IB60|OR30,GBPUSD,M15,london,Europe/London,2021-10-13,2021-10-14,up,close,1.36167,2021-10-14T07:00:00Z,1.36695,1.36666,2,1,1,0,next_same_session_first_30m_relative_to_prior_or
IBORONLYNXT|IBORONLYSC|IBORONLY|IBORB|IBORFB|IBOR|GBPUSD|M15|london|2021-10-15|60|IB60|OR30,IB_OR_BREAK_ONLY_BEYOND_OR_NEXT_SESSION_CONTINUATION_OBSERVATION,RELATION_P0,missing_next_session_first_30m_data,IBORONLYSC|IBORONLY|IBORB|IBORFB|IBOR|GBPUSD|M15|london|2021-10-15|60|IB60|OR30,GBPUSD,M15,london,Europe/London,2021-10-15,2021-10-16,up,wick,1.36875,2021-10-16T07:00:00Z,,,0,,,,next_same_session_first_30m_relative_to_prior_or
IBORONLYNXT|IBORONLYSC|IBORONLY|IBORB|IBORFB|IBOR|GBPUSD|M15|london|2021-10-19|60|IB60|OR30,IB_OR_BREAK_ONLY_BEYOND_OR_NEXT_SESSION_CONTINUATION_OBSERVATION,RELATION_P0,next_session_first_30m_all_closes_beyond_prior_or,IBORONLYSC|IBORONLY|IBORB|IBORFB|IBOR|GBPUSD|M15|london|2021-10-19|60|IB60|OR30,GBPUSD,M15,london,Europe/London,2021-10-19,2021-10-20,up,wick,1.37737,2021-10-20T07:00:00Z,1.38068,1.38092,2,1,1,0,next_same_session_first_30m_relative_to_prior_or
IBORONLYNXT|IBORONLYSC|IBORONLY|IBORB|IBORFB|IBOR|GBPUSD|M15|new_york|2021-10-19|60|IB60|OR30,IB_OR_BREAK_ONLY_BEYOND_OR_NEXT_SESSION_CONTINUATION_OBSERVATION,RELATION_P0,next_session_first_30m_all_closes_beyond_prior_or,IBORONLYSC|IBORONLY|IBORB|IBORFB|IBOR|GBPUSD|M15|new_york|2021-10-19|60|IB60|OR30,GBPUSD,M15,new_york,America/New_York,2021-10-19,2021-10-20,down,wick,1.38196,2021-10-20T13:30:00Z,1.37583,1.37625,2,1,1,0,next_same_session_first_30m_relative_to_prior_or
IBORONLYNXT|IBORONLYSC|IBORONLY|IBORB|IBORFB|IBOR|GBPUSD|M15|london|2021-10-20|60|IB60|OR30,IB_OR_BREAK_ONLY_BEYOND_OR_NEXT_SESSION_CONTINUATION_OBSERVATION,RELATION_P0,next_session_first_30m_all_closes_beyond_prior_or,IBORONLYSC|IBORONLY|IBORB|IBORFB|IBOR|GBPUSD|M15|london|2021-10-20|60|IB60|OR30,GBPUSD,M15,london,Europe/London,2021-10-20,2021-10-21,up,wick,1.38105,2021-10-21T07:00:00Z,1.38313,1.38186,2,1,1,0,next_same_session_first_30m_relative_to_prior_or
IBORONLYNXT|IBORONLYSC|IBORONLY|IBORB|IBORFB|IBOR|GBPUSD|M15|london|2021-10-21|60|IB60|OR30,IB_OR_BREAK_ONLY_BEYOND_OR_NEXT_SESSION_CONTINUATION_OBSERVATION,RELATION_P0,next_session_first_30m_all_closes_beyond_prior_or,IBORONLYSC|IBORONLY|IBORB|IBORFB|IBOR|GBPUSD|M15|london|2021-10-21|60|IB60|OR30,GBPUSD,M15,london,Europe/London,2021-10-21,2021-10-22,down,wick,1.38159,2021-10-22T07:00:00Z,1.37952,1.37981,2,1,1,0,next_same_session_first_30m_relative_to_prior_or
IBORONLYNXT|IBORONLYSC|IBORONLY|IBORB|IBORFB|IBOR|GBPUSD|M15|london|2021-10-22|60|IB60|OR30,IB_OR_BREAK_ONLY_BEYOND_OR_NEXT_SESSION_CONTINUATION_OBSERVATION,RELATION_P0,missing_next_session_first_30m_data,IBORONLYSC|IBORONLY|IBORB|IBORFB|IBOR|GBPUSD|M15|london|2021-10-22|60|IB60|OR30,GBPUSD,M15,london,Europe/London,2021-10-22,2021-10-23,down,wick,1.37942,2021-10-23T07:00:00Z,,,0,,,,next_same_session_first_30m_relative_to_prior_or
IBORONLYNXT|IBORONLYSC|IBORONLY|IBORB|IBORFB|IBOR|GBPUSD|M15|london|2021-10-25|60|IB60|OR30,IB_OR_BREAK_ONLY_BEYOND_OR_NEXT_SESSION_CONTINUATION_OBSERVATION,RELATION_P0,next_session_first_30m_all_closes_beyond_prior_or,IBORONLYSC|IBORONLY|IBORB|IBORFB|IBOR|GBPUSD|M15|london|2021-10-25|60|IB60|OR30,GBPUSD,M15,london,Europe/London,2021-10-25,2021-10-26,down,wick,1.37799,2021-10-26T07:00:00Z,1.37648,1.37605,2,1,1,0,next_same_session_first_30m_relative_to_prior_or
IBORONLYNXT|IBORONLYSC|IBORONLY|IBORB|IBORFB|IBOR|GBPUSD|M15|new_york|2021-10-28|60|IB60|OR30,IB_OR_BREAK_ONLY_BEYOND_OR_NEXT_SESSION_CONTINUATION_OBSERVATION,RELATION_P0,next_session_first_30m_all_closes_beyond_prior_or,IBORONLYSC|IBORONLY|IBORB|IBORFB|IBOR|GBPUSD|M15|new_york|2021-10-28|60|IB60|OR30,GBPUSD,M15,new_york,America/New_York,2021-10-28,2021-10-29,up,wick,1.37605,2021-10-29T13:30:00Z,1.3788,1.37924,2,1,1,0,next_same_session_first_30m_relative_to_prior_or
IBORONLYNXT|IBORONLYSC|IBORONLY|IBORB|IBORFB|IBOR|GBPUSD|M15|london|2021-10-29|60|IB60|OR30,IB_OR_BREAK_ONLY_BEYOND_OR_NEXT_SESSION_CONTINUATION_OBSERVATION,RELATION_P0,missing_next_session_first_30m_data,IBORONLYSC|IBORONLY|IBORB|IBORFB|IBOR|GBPUSD|M15|london|2021-10-29|60|IB60|OR30,GBPUSD,M15,london,Europe/London,2021-10-29,2021-10-30,down,close,1.37931,2021-10-30T07:00:00Z,,,0,,,,next_same_session_first_30m_relative_to_prior_or
IBORONLYNXT|IBORONLYSC|IBORONLY|IBORB|IBORFB|IBOR|GBPUSD|M15|new_york|2021-10-29|60|IB60|OR30,IB_OR_BREAK_ONLY_BEYOND_OR_NEXT_SESSION_CONTINUATION_OBSERVATION,RELATION_P0,missing_next_session_first_30m_data,IBORONLYSC|IBORONLY|IBORB|IBORFB|IBOR|GBPUSD|M15|new_york|2021-10-29|60|IB60|OR30,GBPUSD,M15,new_york,America/New_York,2021-10-29,2021-10-30,down,wick,1.37824,2021-10-30T13:30:00Z,,,0,,,,next_same_session_first_30m_relative_to_prior_or
IBORONLYNXT|IBORONLYSC|IBORONLY|IBORB|IBORFB|IBOR|GBPUSD|M15|london|2021-11-02|60|IB60|OR30,IB_OR_BREAK_ONLY_BEYOND_OR_NEXT_SESSION_CONTINUATION_OBSERVATION,RELATION_P0,next_session_first_30m_all_closes_beyond_prior_or,IBORONLYSC|IBORONLY|IBORB|IBORFB|IBOR|GBPUSD|M15|london|2021-11-02|60|IB60|OR30,GBPUSD,M15,london,Europe/London,2021-11-02,2021-11-03,down,wick,1.36528,2021-11-03T08:00:00Z,1.36298,1.3629,2,1,1,0,next_same_session_first_30m_relative_to_prior_or
IBORONLYNXT|IBORONLYSC|IBORONLY|IBORB|IBORFB|IBOR|GBPUSD|M15|new_york|2021-11-03|60|IB60|OR30,IB_OR_BREAK_ONLY_BEYOND_OR_NEXT_SESSION_CONTINUATION_OBSERVATION,RELATION_P0,next_session_first_30m_all_closes_beyond_prior_or,IBORONLYSC|IBORONLY|IBORB|IBORFB|IBOR|GBPUSD|M15|new_york|2021-11-03|60|IB60|OR30,GBPUSD,M15,new_york,America/New_York,2021-11-03,2021-11-04,up,wick,1.36258,2021-11-04T13:30:00Z,1.36219,1.36298,2,1,1,0,next_same_session_first_30m_relative_to_prior_or
IBORONLYNXT|IBORONLYSC|IBORONLY|IBORB|IBORFB|IBOR|GBPUSD|M15|london|2021-11-04|60|IB60|OR30,IB_OR_BREAK_ONLY_BEYOND_OR_NEXT_SESSION_CONTINUATION_OBSERVATION,RELATION_P0,next_session_first_30m_all_closes_beyond_prior_or,IBORONLYSC|IBORONLY|IBORB|IBORFB|IBOR|GBPUSD|M15|london|2021-11-04|60|IB60|OR30,GBPUSD,M15,london,Europe/London,2021-11-04,2021-11-05,down,close,1.36533,2021-11-05T08:00:00Z,1.34947,1.34945,2,1,1,0,next_same_session_first_30m_relative_to_prior_or
IBORONLYNXT|IBORONLYSC|IBORONLY|IBORB|IBORFB|IBOR|GBPUSD|M15|new_york|2021-11-05|60|IB60|OR30,IB_OR_BREAK_ONLY_BEYOND_OR_NEXT_SESSION_CONTINUATION_OBSERVATION,RELATION_P0,missing_next_session_first_30m_data,IBORONLYSC|IBORONLY|IBORB|IBORFB|IBOR|GBPUSD|M15|new_york|2021-11-05|60|IB60|OR30,GBPUSD,M15,new_york,America/New_York,2021-11-05,2021-11-06,up,wick,1.34426,2021-11-06T13:30:00Z,,,0,,,,next_same_session_first_30m_relative_to_prior_or
IBORONLYNXT|IBORONLYSC|IBORONLY|IBORB|IBORFB|IBOR|GBPUSD|M15|new_york|2021-11-08|60|IB60|OR30,IB_OR_BREAK_ONLY_BEYOND_OR_NEXT_SESSION_CONTINUATION_OBSERVATION,RELATION_P0,next_session_first_30m_all_closes_beyond_prior_or,IBORONLYSC|IBORONLY|IBORB|IBORFB|IBOR|GBPUSD|M15|new_york|2021-11-08|60|IB60|OR30,GBPUSD,M15,new_york,America/New_York,2021-11-08,2021-11-09,up,close,1.35370,2021-11-09T14:30:00Z,1.35724,1.35624,2,1,1,0,next_same_session_first_30m_relative_to_prior_or
IBORONLYNXT|IBORONLYSC|IBORONLY|IBORB|IBORFB|IBOR|GBPUSD|M15|london|2021-11-09|60|IB60|OR30,IB_OR_BREAK_ONLY_BEYOND_OR_NEXT_SESSION_CONTINUATION_OBSERVATION,RELATION_P0,next_session_first_30m_all_closes_beyond_prior_or,IBORONLYSC|IBORONLY|IBORB|IBORFB|IBOR|GBPUSD|M15|london|2021-11-09|60|IB60|OR30,GBPUSD,M15,london,Europe/London,2021-11-09,2021-11-10,down,close,1.35730,2021-11-10T08:00:00Z,1.35512,1.35529,2,1,1,0,next_same_session_first_30m_relative_to_prior_or
IBORONLYNXT|IBORONLYSC|IBORONLY|IBORB|IBORFB|IBOR|GBPUSD|M15|new_york|2021-11-11|60|IB60|OR30,IB_OR_BREAK_ONLY_BEYOND_OR_NEXT_SESSION_CONTINUATION_OBSERVATION,RELATION_P0,next_session_first_30m_not_all_closes_beyond_prior_or,IBORONLYSC|IBORONLY|IBORB|IBORFB|IBOR|GBPUSD|M15|new_york|2021-11-11|60|IB60|OR30,GBPUSD,M15,new_york,America/New_York,2021-11-11,2021-11-12,down,close,1.33984,2021-11-12T14:30:00Z,1.34014,1.34007,2,0,0,1,next_same_session_first_30m_relative_to_prior_or
IBORONLYNXT|IBORONLYSC|IBORONLY|IBORB|IBORFB|IBOR|GBPUSD|M15|london|2021-11-12|60|IB60|OR30,IB_OR_BREAK_ONLY_BEYOND_OR_NEXT_SESSION_CONTINUATION_OBSERVATION,RELATION_P0,missing_next_session_first_30m_data,IBORONLYSC|IBORONLY|IBORB|IBORFB|IBOR|GBPUSD|M15|london|2021-11-12|60|IB60|OR30,GBPUSD,M15,london,Europe/London,2021-11-12,2021-11-13,up,close,1.33717,2021-11-13T08:00:00Z,,,0,,,,next_same_session_first_30m_relative_to_prior_or
IBORONLYNXT|IBORONLYSC|IBORONLY|IBORB|IBORFB|IBOR|GBPUSD|M15|new_york|2021-11-16|60|IB60|OR30,IB_OR_BREAK_ONLY_BEYOND_OR_NEXT_SESSION_CONTINUATION_OBSERVATION,RELATION_P0,next_session_first_30m_not_all_closes_beyond_prior_or,IBORONLYSC|IBORONLY|IBORB|IBORFB|IBOR|GBPUSD|M15|new_york|2021-11-16|60|IB60|OR30,GBPUSD,M15,new_york,America/New_York,2021-11-16,2021-11-17,down,wick,1.34403,2021-11-17T14:30:00Z,1.34582,1.3459,2,0,0,1,next_same_session_first_30m_relative_to_prior_or
IBORONLYNXT|IBORONLYSC|IBORONLY|IBORB|IBORFB|IBOR|GBPUSD|M15|london|2021-11-17|60|IB60|OR30,IB_OR_BREAK_ONLY_BEYOND_OR_NEXT_SESSION_CONTINUATION_OBSERVATION,RELATION_P0,next_session_first_30m_all_closes_beyond_prior_or,IBORONLYSC|IBORONLY|IBORB|IBORFB|IBOR|GBPUSD|M15|london|2021-11-17|60|IB60|OR30,GBPUSD,M15,london,Europe/London,2021-11-17,2021-11-18,up,close,1.34323,2021-11-18T08:00:00Z,1.3488,1.3489,2,1,1,0,next_same_session_first_30m_relative_to_prior_or
IBORONLYNXT|IBORONLYSC|IBORONLY|IBORB|IBORFB|IBOR|GBPUSD|M15|london|2021-11-18|60|IB60|OR30,IB_OR_BREAK_ONLY_BEYOND_OR_NEXT_SESSION_CONTINUATION_OBSERVATION,RELATION_P0,next_session_first_30m_not_all_closes_beyond_prior_or,IBORONLYSC|IBORONLY|IBORB|IBORFB|IBOR|GBPUSD|M15|london|2021-11-18|60|IB60|OR30,GBPUSD,M15,london,Europe/London,2021-11-18,2021-11-19,up,wick,1.34925,2021-11-19T08:00:00Z,1.3486,1.34881,2,0,0,1,next_same_session_first_30m_relative_to_prior_or
IBORONLYNXT|IBORONLYSC|IBORONLY|IBORB|IBORFB|IBOR|GBPUSD|M15|london|2021-11-22|60|IB60|OR30,IB_OR_BREAK_ONLY_BEYOND_OR_NEXT_SESSION_CONTINUATION_OBSERVATION,RELATION_P0,next_session_first_30m_all_closes_beyond_prior_or,IBORONLYSC|IBORONLY|IBORB|IBORFB|IBOR|GBPUSD|M15|london|2021-11-22|60|IB60|OR30,GBPUSD,M15,london,Europe/London,2021-11-22,2021-11-23,down,wick,1.34381,2021-11-23T08:00:00Z,1.33878,1.33883,2,1,1,0,next_same_session_first_30m_relative_to_prior_or
IBORONLYNXT|IBORONLYSC|IBORONLY|IBORB|IBORFB|IBOR|GBPUSD|M15|new_york|2021-11-22|60|IB60|OR30,IB_OR_BREAK_ONLY_BEYOND_OR_NEXT_SESSION_CONTINUATION_OBSERVATION,RELATION_P0,next_session_first_30m_all_closes_beyond_prior_or,IBORONLYSC|IBORONLY|IBORB|IBORFB|IBOR|GBPUSD|M15|new_york|2021-11-22|60|IB60|OR30,GBPUSD,M15,new_york,America/New_York,2021-11-22,2021-11-23,down,close,1.34390,2021-11-23T14:30:00Z,1.33423,1.335,2,1,1,0,next_same_session_first_30m_relative_to_prior_or
IBORONLYNXT|IBORONLYSC|IBORONLY|IBORB|IBORFB|IBOR|GBPUSD|M15|new_york|2021-11-23|60|IB60|OR30,IB_OR_BREAK_ONLY_BEYOND_OR_NEXT_SESSION_CONTINUATION_OBSERVATION,RELATION_P0,next_session_first_30m_not_all_closes_beyond_prior_or,IBORONLYSC|IBORONLY|IBORB|IBORFB|IBOR|GBPUSD|M15|new_york|2021-11-23|60|IB60|OR30,GBPUSD,M15,new_york,America/New_York,2021-11-23,2021-11-24,up,close,1.33538,2021-11-24T14:30:00Z,1.33686,1.33616,2,1,0,1,next_same_session_first_30m_relative_to_prior_or
IBORONLYNXT|IBORONLYSC|IBORONLY|IBORB|IBORFB|IBOR|GBPUSD|M15|london|2021-11-24|60|IB60|OR30,IB_OR_BREAK_ONLY_BEYOND_OR_NEXT_SESSION_CONTINUATION_OBSERVATION,RELATION_P0,next_session_first_30m_all_closes_beyond_prior_or,IBORONLYSC|IBORONLY|IBORB|IBORFB|IBOR|GBPUSD|M15|london|2021-11-24|60|IB60|OR30,GBPUSD,M15,london,Europe/London,2021-11-24,2021-11-25,down,wick,1.33770,2021-11-25T08:00:00Z,1.33436,1.3349,2,1,1,0,next_same_session_first_30m_relative_to_prior_or
IBORONLYNXT|IBORONLYSC|IBORONLY|IBORB|IBORFB|IBOR|GBPUSD|M15|new_york|2021-11-24|60|IB60|OR30,IB_OR_BREAK_ONLY_BEYOND_OR_NEXT_SESSION_CONTINUATION_OBSERVATION,RELATION_P0,next_session_first_30m_all_closes_beyond_prior_or,IBORONLYSC|IBORONLY|IBORB|IBORFB|IBOR|GBPUSD|M15|new_york|2021-11-24|60|IB60|OR30,GBPUSD,M15,new_york,America/New_York,2021-11-24,2021-11-25,down,wick,1.33502,2021-11-25T14:30:00Z,1.33149,1.33087,2,1,1,0,next_same_session_first_30m_relative_to_prior_or
IBORONLYNXT|IBORONLYSC|IBORONLY|IBORB|IBORFB|IBOR|GBPUSD|M15|london|2021-11-29|60|IB60|OR30,IB_OR_BREAK_ONLY_BEYOND_OR_NEXT_SESSION_CONTINUATION_OBSERVATION,RELATION_P0,next_session_first_30m_all_closes_beyond_prior_or,IBORONLYSC|IBORONLY|IBORB|IBORFB|IBOR|GBPUSD|M15|london|2021-11-29|60|IB60|OR30,GBPUSD,M15,london,Europe/London,2021-11-29,2021-11-30,down,wick,1.33332,2021-11-30T08:00:00Z,1.33174,1.3307,2,1,1,0,next_same_session_first_30m_relative_to_prior_or
IBORONLYNXT|IBORONLYSC|IBORONLY|IBORB|IBORFB|IBOR|GBPUSD|M15|new_york|2021-11-29|60|IB60|OR30,IB_OR_BREAK_ONLY_BEYOND_OR_NEXT_SESSION_CONTINUATION_OBSERVATION,RELATION_P0,next_session_first_30m_not_all_closes_beyond_prior_or,IBORONLYSC|IBORONLY|IBORB|IBORFB|IBOR|GBPUSD|M15|new_york|2021-11-29|60|IB60|OR30,GBPUSD,M15,new_york,America/New_York,2021-11-29,2021-11-30,down,close,1.33325,2021-11-30T14:30:00Z,1.33359,1.33366,2,0,0,1,next_same_session_first_30m_relative_to_prior_or
IBORONLYNXT|IBORONLYSC|IBORONLY|IBORB|IBORFB|IBOR|GBPUSD|M15|new_york|2021-12-01|60|IB60|OR30,IB_OR_BREAK_ONLY_BEYOND_OR_NEXT_SESSION_CONTINUATION_OBSERVATION,RELATION_P0,next_session_first_30m_not_all_closes_beyond_prior_or,IBORONLYSC|IBORONLY|IBORB|IBORFB|IBOR|GBPUSD|M15|new_york|2021-12-01|60|IB60|OR30,GBPUSD,M15,new_york,America/New_York,2021-12-01,2021-12-02,down,close,1.33145,2021-12-02T14:30:00Z,1.33269,1.33222,2,0,0,1,next_same_session_first_30m_relative_to_prior_or
IBORONLYNXT|IBORONLYSC|IBORONLY|IBORB|IBORFB|IBOR|GBPUSD|M15|london|2021-12-02|60|IB60|OR30,IB_OR_BREAK_ONLY_BEYOND_OR_NEXT_SESSION_CONTINUATION_OBSERVATION,RELATION_P0,next_session_first_30m_all_closes_beyond_prior_or,IBORONLYSC|IBORONLY|IBORB|IBORFB|IBOR|GBPUSD|M15|london|2021-12-02|60|IB60|OR30,GBPUSD,M15,london,Europe/London,2021-12-02,2021-12-03,up,wick,1.32894,2021-12-03T08:00:00Z,1.32948,1.32956,2,1,1,0,next_same_session_first_30m_relative_to_prior_or
IBORONLYNXT|IBORONLYSC|IBORONLY|IBORB|IBORFB|IBOR|GBPUSD|M15|london|2021-12-03|60|IB60|OR30,IB_OR_BREAK_ONLY_BEYOND_OR_NEXT_SESSION_CONTINUATION_OBSERVATION,RELATION_P0,missing_next_session_first_30m_data,IBORONLYSC|IBORONLY|IBORB|IBORFB|IBOR|GBPUSD|M15|london|2021-12-03|60|IB60|OR30,GBPUSD,M15,london,Europe/London,2021-12-03,2021-12-04,down,close,1.32926,2021-12-04T08:00:00Z,,,0,,,,next_same_session_first_30m_relative_to_prior_or
IBORONLYNXT|IBORONLYSC|IBORONLY|IBORB|IBORFB|IBOR|GBPUSD|M15|london|2021-12-07|60|IB60|OR30,IB_OR_BREAK_ONLY_BEYOND_OR_NEXT_SESSION_CONTINUATION_OBSERVATION,RELATION_P0,next_session_first_30m_all_closes_beyond_prior_or,IBORONLYSC|IBORONLY|IBORB|IBORFB|IBOR|GBPUSD|M15|london|2021-12-07|60|IB60|OR30,GBPUSD,M15,london,Europe/London,2021-12-07,2021-12-08,down,close,1.32832,2021-12-08T08:00:00Z,1.32535,1.32508,2,1,1,0,next_same_session_first_30m_relative_to_prior_or
IBORONLYNXT|IBORONLYSC|IBORONLY|IBORB|IBORFB|IBOR|GBPUSD|M15|new_york|2021-12-07|60|IB60|OR30,IB_OR_BREAK_ONLY_BEYOND_OR_NEXT_SESSION_CONTINUATION_OBSERVATION,RELATION_P0,next_session_first_30m_not_all_closes_beyond_prior_or,IBORONLYSC|IBORONLY|IBORB|IBORFB|IBOR|GBPUSD|M15|new_york|2021-12-07|60|IB60|OR30,GBPUSD,M15,new_york,America/New_York,2021-12-07,2021-12-08,up,wick,1.32543,2021-12-08T14:30:00Z,1.31896,1.32007,2,0,0,1,next_same_session_first_30m_relative_to_prior_or
IBORONLYNXT|IBORONLYSC|IBORONLY|IBORB|IBORFB|IBOR|GBPUSD|M15|london|2021-12-08|60|IB60|OR30,IB_OR_BREAK_ONLY_BEYOND_OR_NEXT_SESSION_CONTINUATION_OBSERVATION,RELATION_P0,next_session_first_30m_all_closes_beyond_prior_or,IBORONLYSC|IBORONLY|IBORB|IBORFB|IBOR|GBPUSD|M15|london|2021-12-08|60|IB60|OR30,GBPUSD,M15,london,Europe/London,2021-12-08,2021-12-09,down,close,1.32505,2021-12-09T08:00:00Z,1.32071,1.32098,2,1,1,0,next_same_session_first_30m_relative_to_prior_or
IBORONLYNXT|IBORONLYSC|IBORONLY|IBORB|IBORFB|IBOR|GBPUSD|M15|london|2021-12-09|60|IB60|OR30,IB_OR_BREAK_ONLY_BEYOND_OR_NEXT_SESSION_CONTINUATION_OBSERVATION,RELATION_P0,next_session_first_30m_all_closes_beyond_prior_or,IBORONLYSC|IBORONLY|IBORB|IBORFB|IBOR|GBPUSD|M15|london|2021-12-09|60|IB60|OR30,GBPUSD,M15,london,Europe/London,2021-12-09,2021-12-10,up,wick,1.32148,2021-12-10T08:00:00Z,1.32195,1.32173,2,1,1,0,next_same_session_first_30m_relative_to_prior_or
IBORONLYNXT|IBORONLYSC|IBORONLY|IBORB|IBORFB|IBOR|GBPUSD|M15|new_york|2021-12-09|60|IB60|OR30,IB_OR_BREAK_ONLY_BEYOND_OR_NEXT_SESSION_CONTINUATION_OBSERVATION,RELATION_P0,next_session_first_30m_all_closes_beyond_prior_or,IBORONLYSC|IBORONLY|IBORB|IBORFB|IBOR|GBPUSD|M15|new_york|2021-12-09|60|IB60|OR30,GBPUSD,M15,new_york,America/New_York,2021-12-09,2021-12-10,up,wick,1.31912,2021-12-10T14:30:00Z,1.32014,1.31986,2,1,1,0,next_same_session_first_30m_relative_to_prior_or
IBORONLYNXT|IBORONLYSC|IBORONLY|IBORB|IBORFB|IBOR|GBPUSD|M15|new_york|2021-12-10|60|IB60|OR30,IB_OR_BREAK_ONLY_BEYOND_OR_NEXT_SESSION_CONTINUATION_OBSERVATION,RELATION_P0,missing_next_session_first_30m_data,IBORONLYSC|IBORONLY|IBORB|IBORFB|IBOR|GBPUSD|M15|new_york|2021-12-10|60|IB60|OR30,GBPUSD,M15,new_york,America/New_York,2021-12-10,2021-12-11,up,wick,1.32097,2021-12-11T14:30:00Z,,,0,,,,next_same_session_first_30m_relative_to_prior_or
IBORONLYNXT|IBORONLYSC|IBORONLY|IBORB|IBORFB|IBOR|GBPUSD|M15|london|2021-12-13|60|IB60|OR30,IB_OR_BREAK_ONLY_BEYOND_OR_NEXT_SESSION_CONTINUATION_OBSERVATION,RELATION_P0,next_session_first_30m_all_closes_beyond_prior_or,IBORONLYSC|IBORONLY|IBORB|IBORFB|IBOR|GBPUSD|M15|london|2021-12-13|60|IB60|OR30,GBPUSD,M15,london,Europe/London,2021-12-13,2021-12-14,down,close,1.32382,2021-12-14T08:00:00Z,1.32049,1.32108,2,1,1,0,next_same_session_first_30m_relative_to_prior_or
IBORONLYNXT|IBORONLYSC|IBORONLY|IBORB|IBORFB|IBOR|GBPUSD|M15|new_york|2021-12-13|60|IB60|OR30,IB_OR_BREAK_ONLY_BEYOND_OR_NEXT_SESSION_CONTINUATION_OBSERVATION,RELATION_P0,next_session_first_30m_not_all_closes_beyond_prior_or,IBORONLYSC|IBORONLY|IBORB|IBORFB|IBOR|GBPUSD|M15|new_york|2021-12-13|60|IB60|OR30,GBPUSD,M15,new_york,America/New_York,2021-12-13,2021-12-14,down,close,1.32452,2021-12-14T14:30:00Z,1.32455,1.32514,2,0,0,1,next_same_session_first_30m_relative_to_prior_or
IBORONLYNXT|IBORONLYSC|IBORONLY|IBORB|IBORFB|IBOR|GBPUSD|M15|london|2021-12-14|60|IB60|OR30,IB_OR_BREAK_ONLY_BEYOND_OR_NEXT_SESSION_CONTINUATION_OBSERVATION,RELATION_P0,next_session_first_30m_all_closes_beyond_prior_or,IBORONLYSC|IBORONLY|IBORB|IBORFB|IBOR|GBPUSD|M15|london|2021-12-14|60|IB60|OR30,GBPUSD,M15,london,Europe/London,2021-12-14,2021-12-15,up,wick,1.32131,2021-12-15T08:00:00Z,1.32416,1.32433,2,1,1,0,next_same_session_first_30m_relative_to_prior_or
IBORONLYNXT|IBORONLYSC|IBORONLY|IBORB|IBORFB|IBOR|GBPUSD|M15|new_york|2021-12-14|60|IB60|OR30,IB_OR_BREAK_ONLY_BEYOND_OR_NEXT_SESSION_CONTINUATION_OBSERVATION,RELATION_P0,next_session_first_30m_not_all_closes_beyond_prior_or,IBORONLYSC|IBORONLY|IBORB|IBORFB|IBOR|GBPUSD|M15|new_york|2021-12-14|60|IB60|OR30,GBPUSD,M15,new_york,America/New_York,2021-12-14,2021-12-15,down,wick,1.32452,2021-12-15T14:30:00Z,1.32568,1.32565,2,0,0,1,next_same_session_first_30m_relative_to_prior_or
IBORONLYNXT|IBORONLYSC|IBORONLY|IBORB|IBORFB|IBOR|GBPUSD|M15|new_york|2021-12-15|60|IB60|OR30,IB_OR_BREAK_ONLY_BEYOND_OR_NEXT_SESSION_CONTINUATION_OBSERVATION,RELATION_P0,next_session_first_30m_not_all_closes_beyond_prior_or,IBORONLYSC|IBORONLY|IBORB|IBORFB|IBOR|GBPUSD|M15|new_york|2021-12-15|60|IB60|OR30,GBPUSD,M15,new_york,America/New_York,2021-12-15,2021-12-16,down,wick,1.32517,2021-12-16T14:30:00Z,1.33563,1.33575,2,0,0,1,next_same_session_first_30m_relative_to_prior_or
IBORONLYNXT|IBORONLYSC|IBORONLY|IBORB|IBORFB|IBOR|GBPUSD|M15|london|2021-12-16|60|IB60|OR30,IB_OR_BREAK_ONLY_BEYOND_OR_NEXT_SESSION_CONTINUATION_OBSERVATION,RELATION_P0,next_session_first_30m_all_closes_beyond_prior_or,IBORONLYSC|IBORONLY|IBORB|IBORFB|IBOR|GBPUSD|M15|london|2021-12-16|60|IB60|OR30,GBPUSD,M15,london,Europe/London,2021-12-16,2021-12-17,up,wick,1.32486,2021-12-17T08:00:00Z,1.3335,1.33306,2,1,1,0,next_same_session_first_30m_relative_to_prior_or
IBORONLYNXT|IBORONLYSC|IBORONLY|IBORB|IBORFB|IBOR|GBPUSD|M15|london|2021-12-17|60|IB60|OR30,IB_OR_BREAK_ONLY_BEYOND_OR_NEXT_SESSION_CONTINUATION_OBSERVATION,RELATION_P0,missing_next_session_first_30m_data,IBORONLYSC|IBORONLY|IBORB|IBORFB|IBOR|GBPUSD|M15|london|2021-12-17|60|IB60|OR30,GBPUSD,M15,london,Europe/London,2021-12-17,2021-12-18,down,wick,1.33263,2021-12-18T08:00:00Z,,,0,,,,next_same_session_first_30m_relative_to_prior_or
IBORONLYNXT|IBORONLYSC|IBORONLY|IBORB|IBORFB|IBOR|GBPUSD|M15|london|2021-12-22|60|IB60|OR30,IB_OR_BREAK_ONLY_BEYOND_OR_NEXT_SESSION_CONTINUATION_OBSERVATION,RELATION_P0,next_session_first_30m_all_closes_beyond_prior_or,IBORONLYSC|IBORONLY|IBORB|IBORFB|IBOR|GBPUSD|M15|london|2021-12-22|60|IB60|OR30,GBPUSD,M15,london,Europe/London,2021-12-22,2021-12-23,up,wick,1.32555,2021-12-23T08:00:00Z,1.33507,1.33513,2,1,1,0,next_same_session_first_30m_relative_to_prior_or
IBORONLYNXT|IBORONLYSC|IBORONLY|IBORB|IBORFB|IBOR|GBPUSD|M15|new_york|2021-12-22|60|IB60|OR30,IB_OR_BREAK_ONLY_BEYOND_OR_NEXT_SESSION_CONTINUATION_OBSERVATION,RELATION_P0,next_session_first_30m_all_closes_beyond_prior_or,IBORONLYSC|IBORONLY|IBORB|IBORFB|IBOR|GBPUSD|M15|new_york|2021-12-22|60|IB60|OR30,GBPUSD,M15,new_york,America/New_York,2021-12-22,2021-12-23,up,wick,1.33149,2021-12-23T14:30:00Z,1.34207,1.34301,2,1,1,0,next_same_session_first_30m_relative_to_prior_or
IBORONLYNXT|IBORONLYSC|IBORONLY|IBORB|IBORFB|IBOR|GBPUSD|M15|london|2021-12-23|60|IB60|OR30,IB_OR_BREAK_ONLY_BEYOND_OR_NEXT_SESSION_CONTINUATION_OBSERVATION,RELATION_P0,next_session_first_30m_all_closes_beyond_prior_or,IBORONLYSC|IBORONLY|IBORB|IBORFB|IBOR|GBPUSD|M15|london|2021-12-23|60|IB60|OR30,GBPUSD,M15,london,Europe/London,2021-12-23,2021-12-24,up,wick,1.33531,2021-12-24T08:00:00Z,1.33886,1.33901,2,1,1,0,next_same_session_first_30m_relative_to_prior_or
IBORONLYNXT|IBORONLYSC|IBORONLY|IBORB|IBORFB|IBOR|GBPUSD|M15|new_york|2021-12-24|60|IB60|OR30,IB_OR_BREAK_ONLY_BEYOND_OR_NEXT_SESSION_CONTINUATION_OBSERVATION,RELATION_P0,missing_next_session_first_30m_data,IBORONLYSC|IBORONLY|IBORB|IBORFB|IBOR|GBPUSD|M15|new_york|2021-12-24|60|IB60|OR30,GBPUSD,M15,new_york,America/New_York,2021-12-24,2021-12-25,down,wick,1.34107,2021-12-25T14:30:00Z,,,0,,,,next_same_session_first_30m_relative_to_prior_or
IBORONLYNXT|IBORONLYSC|IBORONLY|IBORB|IBORFB|IBOR|GBPUSD|M15|new_york|2021-12-27|60|IB60|OR30,IB_OR_BREAK_ONLY_BEYOND_OR_NEXT_SESSION_CONTINUATION_OBSERVATION,RELATION_P0,next_session_first_30m_all_closes_beyond_prior_or,IBORONLYSC|IBORONLY|IBORB|IBORFB|IBOR|GBPUSD|M15|new_york|2021-12-27|60|IB60|OR30,GBPUSD,M15,new_york,America/New_York,2021-12-27,2021-12-28,up,wick,1.34134,2021-12-28T14:30:00Z,1.34516,1.34519,2,1,1,0,next_same_session_first_30m_relative_to_prior_or
IBORONLYNXT|IBORONLYSC|IBORONLY|IBORB|IBORFB|IBOR|GBPUSD|M15|new_york|2021-12-29|60|IB60|OR30,IB_OR_BREAK_ONLY_BEYOND_OR_NEXT_SESSION_CONTINUATION_OBSERVATION,RELATION_P0,next_session_first_30m_all_closes_beyond_prior_or,IBORONLYSC|IBORONLY|IBORB|IBORFB|IBOR|GBPUSD|M15|new_york|2021-12-29|60|IB60|OR30,GBPUSD,M15,new_york,America/New_York,2021-12-29,2021-12-30,up,close,1.34331,2021-12-30T14:30:00Z,1.34947,1.35069,2,1,1,0,next_same_session_first_30m_relative_to_prior_or
IBORONLYNXT|IBORONLYSC|IBORONLY|IBORB|IBORFB|IBOR|GBPUSD|M15|london|2021-12-31|60|IB60|OR30,IB_OR_BREAK_ONLY_BEYOND_OR_NEXT_SESSION_CONTINUATION_OBSERVATION,RELATION_P0,missing_next_session_first_30m_data,IBORONLYSC|IBORONLY|IBORB|IBORFB|IBOR|GBPUSD|M15|london|2021-12-31|60|IB60|OR30,GBPUSD,M15,london,Europe/London,2021-12-31,2022-01-01,up,close,1.34985,2022-01-01T08:00:00Z,,,0,,,,next_same_session_first_30m_relative_to_prior_or
IBORONLYNXT|IBORONLYSC|IBORONLY|IBORB|IBORFB|IBOR|GBPUSD|M15|new_york|2022-01-03|60|IB60|OR30,IB_OR_BREAK_ONLY_BEYOND_OR_NEXT_SESSION_CONTINUATION_OBSERVATION,RELATION_P0,next_session_first_30m_all_closes_beyond_prior_or,IBORONLYSC|IBORONLY|IBORB|IBORFB|IBOR|GBPUSD|M15|new_york|2022-01-03|60|IB60|OR30,GBPUSD,M15,new_york,America/New_York,2022-01-03,2022-01-04,down,close,1.35003,2022-01-04T14:30:00Z,1.34819,1.34782,2,1,1,0,next_same_session_first_30m_relative_to_prior_or
IBORONLYNXT|IBORONLYSC|IBORONLY|IBORB|IBORFB|IBOR|GBPUSD|M15|new_york|2022-01-04|60|IB60|OR30,IB_OR_BREAK_ONLY_BEYOND_OR_NEXT_SESSION_CONTINUATION_OBSERVATION,RELATION_P0,next_session_first_30m_all_closes_beyond_prior_or,IBORONLYSC|IBORONLY|IBORB|IBORFB|IBOR|GBPUSD|M15|new_york|2022-01-04|60|IB60|OR30,GBPUSD,M15,new_york,America/New_York,2022-01-04,2022-01-05,up,wick,1.34872,2022-01-05T14:30:00Z,1.3541,1.35352,2,1,1,0,next_same_session_first_30m_relative_to_prior_or
IBORONLYNXT|IBORONLYSC|IBORONLY|IBORB|IBORFB|IBOR|GBPUSD|M15|london|2022-01-05|60|IB60|OR30,IB_OR_BREAK_ONLY_BEYOND_OR_NEXT_SESSION_CONTINUATION_OBSERVATION,RELATION_P0,next_session_first_30m_not_all_closes_beyond_prior_or,IBORONLYSC|IBORONLY|IBORB|IBORFB|IBOR|GBPUSD|M15|london|2022-01-05|60|IB60|OR30,GBPUSD,M15,london,Europe/London,2022-01-05,2022-01-06,up,close,1.35322,2022-01-06T08:00:00Z,1.35297,1.35258,2,0,0,1,next_same_session_first_30m_relative_to_prior_or
IBORONLYNXT|IBORONLYSC|IBORONLY|IBORB|IBORFB|IBOR|GBPUSD|M15|new_york|2022-01-05|60|IB60|OR30,IB_OR_BREAK_ONLY_BEYOND_OR_NEXT_SESSION_CONTINUATION_OBSERVATION,RELATION_P0,next_session_first_30m_not_all_closes_beyond_prior_or,IBORONLYSC|IBORONLY|IBORB|IBORFB|IBOR|GBPUSD|M15|new_york|2022-01-05|60|IB60|OR30,GBPUSD,M15,new_york,America/New_York,2022-01-05,2022-01-06,up,close,1.35424,2022-01-06T14:30:00Z,1.35384,1.35396,2,0,0,1,next_same_session_first_30m_relative_to_prior_or
IBORONLYNXT|IBORONLYSC|IBORONLY|IBORB|IBORFB|IBOR|GBPUSD|M15|new_york|2022-01-07|60|IB60|OR30,IB_OR_BREAK_ONLY_BEYOND_OR_NEXT_SESSION_CONTINUATION_OBSERVATION,RELATION_P0,missing_next_session_first_30m_data,IBORONLYSC|IBORONLY|IBORB|IBORFB|IBOR|GBPUSD|M15|new_york|2022-01-07|60|IB60|OR30,GBPUSD,M15,new_york,America/New_York,2022-01-07,2022-01-08,up,wick,1.35468,2022-01-08T14:30:00Z,,,0,,,,next_same_session_first_30m_relative_to_prior_or
IBORONLYNXT|IBORONLYSC|IBORONLY|IBORB|IBORFB|IBOR|GBPUSD|M15|new_york|2022-01-12|60|IB60|OR30,IB_OR_BREAK_ONLY_BEYOND_OR_NEXT_SESSION_CONTINUATION_OBSERVATION,RELATION_P0,next_session_first_30m_all_closes_beyond_prior_or,IBORONLYSC|IBORONLY|IBORB|IBORFB|IBOR|GBPUSD|M15|new_york|2022-01-12|60|IB60|OR30,GBPUSD,M15,new_york,America/New_York,2022-01-12,2022-01-13,up,close,1.36413,2022-01-13T14:30:00Z,1.3731,1.37273,2,1,1,0,next_same_session_first_30m_relative_to_prior_or
IBORONLYNXT|IBORONLYSC|IBORONLY|IBORB|IBORFB|IBOR|GBPUSD|M15|london|2022-01-14|60|IB60|OR30,IB_OR_BREAK_ONLY_BEYOND_OR_NEXT_SESSION_CONTINUATION_OBSERVATION,RELATION_P0,missing_next_session_first_30m_data,IBORONLYSC|IBORONLY|IBORB|IBORFB|IBOR|GBPUSD|M15|london|2022-01-14|60|IB60|OR30,GBPUSD,M15,london,Europe/London,2022-01-14,2022-01-15,down,close,1.37307,2022-01-15T08:00:00Z,,,0,,,,next_same_session_first_30m_relative_to_prior_or
IBORONLYNXT|IBORONLYSC|IBORONLY|IBORB|IBORFB|IBOR|GBPUSD|M15|new_york|2022-01-14|60|IB60|OR30,IB_OR_BREAK_ONLY_BEYOND_OR_NEXT_SESSION_CONTINUATION_OBSERVATION,RELATION_P0,missing_next_session_first_30m_data,IBORONLYSC|IBORONLY|IBORB|IBORFB|IBOR|GBPUSD|M15|new_york|2022-01-14|60|IB60|OR30,GBPUSD,M15,new_york,America/New_York,2022-01-14,2022-01-15,down,wick,1.37050,2022-01-15T14:30:00Z,,,0,,,,next_same_session_first_30m_relative_to_prior_or
IBORONLYNXT|IBORONLYSC|IBORONLY|IBORB|IBORFB|IBOR|GBPUSD|M15|london|2022-01-17|60|IB60|OR30,IB_OR_BREAK_ONLY_BEYOND_OR_NEXT_SESSION_CONTINUATION_OBSERVATION,RELATION_P0,next_session_first_30m_all_closes_beyond_prior_or,IBORONLYSC|IBORONLY|IBORB|IBORFB|IBOR|GBPUSD|M15|london|2022-01-17|60|IB60|OR30,GBPUSD,M15,london,Europe/London,2022-01-17,2022-01-18,down,close,1.36720,2022-01-18T08:00:00Z,1.36337,1.36365,2,1,1,0,next_same_session_first_30m_relative_to_prior_or
IBORONLYNXT|IBORONLYSC|IBORONLY|IBORB|IBORFB|IBOR|GBPUSD|M15|london|2022-01-24|60|IB60|OR30,IB_OR_BREAK_ONLY_BEYOND_OR_NEXT_SESSION_CONTINUATION_OBSERVATION,RELATION_P0,next_session_first_30m_all_closes_beyond_prior_or,IBORONLYSC|IBORONLY|IBORB|IBORFB|IBOR|GBPUSD|M15|london|2022-01-24|60|IB60|OR30,GBPUSD,M15,london,Europe/London,2022-01-24,2022-01-25,down,wick,1.35386,2022-01-25T08:00:00Z,1.34758,1.34725,2,1,1,0,next_same_session_first_30m_relative_to_prior_or
IBORONLYNXT|IBORONLYSC|IBORONLY|IBORB|IBORFB|IBOR|GBPUSD|M15|london|2022-01-25|60|IB60|OR30,IB_OR_BREAK_ONLY_BEYOND_OR_NEXT_SESSION_CONTINUATION_OBSERVATION,RELATION_P0,next_session_first_30m_all_closes_beyond_prior_or,IBORONLYSC|IBORONLY|IBORB|IBORFB|IBOR|GBPUSD|M15|london|2022-01-25|60|IB60|OR30,GBPUSD,M15,london,Europe/London,2022-01-25,2022-01-26,up,wick,1.34779,2022-01-26T08:00:00Z,1.35078,1.35118,2,1,1,0,next_same_session_first_30m_relative_to_prior_or
IBORONLYNXT|IBORONLYSC|IBORONLY|IBORB|IBORFB|IBOR|GBPUSD|M15|new_york|2022-01-25|60|IB60|OR30,IB_OR_BREAK_ONLY_BEYOND_OR_NEXT_SESSION_CONTINUATION_OBSERVATION,RELATION_P0,next_session_first_30m_all_closes_beyond_prior_or,IBORONLYSC|IBORONLY|IBORB|IBORFB|IBOR|GBPUSD|M15|new_york|2022-01-25|60|IB60|OR30,GBPUSD,M15,new_york,America/New_York,2022-01-25,2022-01-26,up,close,1.34563,2022-01-26T14:30:00Z,1.35125,1.35146,2,1,1,0,next_same_session_first_30m_relative_to_prior_or
IBORONLYNXT|IBORONLYSC|IBORONLY|IBORB|IBORFB|IBOR|GBPUSD|M15|london|2022-01-26|60|IB60|OR30,IB_OR_BREAK_ONLY_BEYOND_OR_NEXT_SESSION_CONTINUATION_OBSERVATION,RELATION_P0,next_session_first_30m_all_closes_beyond_prior_or,IBORONLYSC|IBORONLY|IBORB|IBORFB|IBOR|GBPUSD|M15|london|2022-01-26|60|IB60|OR30,GBPUSD,M15,london,Europe/London,2022-01-26,2022-01-27,down,wick,1.35068,2022-01-27T08:00:00Z,1.34316,1.34309,2,1,1,0,next_same_session_first_30m_relative_to_prior_or
IBORONLYNXT|IBORONLYSC|IBORONLY|IBORB|IBORFB|IBOR|GBPUSD|M15|london|2022-01-27|60|IB60|OR30,IB_OR_BREAK_ONLY_BEYOND_OR_NEXT_SESSION_CONTINUATION_OBSERVATION,RELATION_P0,next_session_first_30m_all_closes_beyond_prior_or,IBORONLYSC|IBORONLY|IBORB|IBORFB|IBOR|GBPUSD|M15|london|2022-01-27|60|IB60|OR30,GBPUSD,M15,london,Europe/London,2022-01-27,2022-01-28,down,wick,1.34245,2022-01-28T08:00:00Z,1.34123,1.34094,2,1,1,0,next_same_session_first_30m_relative_to_prior_or
IBORONLYNXT|IBORONLYSC|IBORONLY|IBORB|IBORFB|IBOR|GBPUSD|M15|london|2022-01-28|60|IB60|OR30,IB_OR_BREAK_ONLY_BEYOND_OR_NEXT_SESSION_CONTINUATION_OBSERVATION,RELATION_P0,missing_next_session_first_30m_data,IBORONLYSC|IBORONLY|IBORB|IBORFB|IBOR|GBPUSD|M15|london|2022-01-28|60|IB60|OR30,GBPUSD,M15,london,Europe/London,2022-01-28,2022-01-29,down,close,1.34082,2022-01-29T08:00:00Z,,,0,,,,next_same_session_first_30m_relative_to_prior_or
IBORONLYNXT|IBORONLYSC|IBORONLY|IBORB|IBORFB|IBOR|GBPUSD|M15|new_york|2022-01-28|60|IB60|OR30,IB_OR_BREAK_ONLY_BEYOND_OR_NEXT_SESSION_CONTINUATION_OBSERVATION,RELATION_P0,missing_next_session_first_30m_data,IBORONLYSC|IBORONLY|IBORB|IBORFB|IBOR|GBPUSD|M15|new_york|2022-01-28|60|IB60|OR30,GBPUSD,M15,new_york,America/New_York,2022-01-28,2022-01-29,up,close,1.33846,2022-01-29T14:30:00Z,,,0,,,,next_same_session_first_30m_relative_to_prior_or
IBORONLYNXT|IBORONLYSC|IBORONLY|IBORB|IBORFB|IBOR|GBPUSD|M15|london|2022-01-31|60|IB60|OR30,IB_OR_BREAK_ONLY_BEYOND_OR_NEXT_SESSION_CONTINUATION_OBSERVATION,RELATION_P0,next_session_first_30m_all_closes_beyond_prior_or,IBORONLYSC|IBORONLY|IBORB|IBORFB|IBOR|GBPUSD|M15|london|2022-01-31|60|IB60|OR30,GBPUSD,M15,london,Europe/London,2022-01-31,2022-02-01,up,close,1.34234,2022-02-01T08:00:00Z,1.34516,1.34505,2,1,1,0,next_same_session_first_30m_relative_to_prior_or
IBORONLYNXT|IBORONLYSC|IBORONLY|IBORB|IBORFB|IBOR|GBPUSD|M15|new_york|2022-01-31|60|IB60|OR30,IB_OR_BREAK_ONLY_BEYOND_OR_NEXT_SESSION_CONTINUATION_OBSERVATION,RELATION_P0,next_session_first_30m_all_closes_beyond_prior_or,IBORONLYSC|IBORONLY|IBORB|IBORFB|IBOR|GBPUSD|M15|new_york|2022-01-31|60|IB60|OR30,GBPUSD,M15,new_york,America/New_York,2022-01-31,2022-02-01,up,wick,1.34209,2022-02-01T14:30:00Z,1.34964,1.34885,2,1,1,0,next_same_session_first_30m_relative_to_prior_or
IBORONLYNXT|IBORONLYSC|IBORONLY|IBORB|IBORFB|IBOR|GBPUSD|M15|london|2022-02-02|60|IB60|OR30,IB_OR_BREAK_ONLY_BEYOND_OR_NEXT_SESSION_CONTINUATION_OBSERVATION,RELATION_P0,next_session_first_30m_all_closes_beyond_prior_or,IBORONLYSC|IBORONLY|IBORB|IBORFB|IBOR|GBPUSD|M15|london|2022-02-02|60|IB60|OR30,GBPUSD,M15,london,Europe/London,2022-02-02,2022-02-03,up,wick,1.35236,2022-02-03T08:00:00Z,1.35526,1.35474,2,1,1,0,next_same_session_first_30m_relative_to_prior_or
IBORONLYNXT|IBORONLYSC|IBORONLY|IBORB|IBORFB|IBOR|GBPUSD|M15|london|2022-02-03|60|IB60|OR30,IB_OR_BREAK_ONLY_BEYOND_OR_NEXT_SESSION_CONTINUATION_OBSERVATION,RELATION_P0,next_session_first_30m_all_closes_beyond_prior_or,IBORONLYSC|IBORONLY|IBORB|IBORFB|IBOR|GBPUSD|M15|london|2022-02-03|60|IB60|OR30,GBPUSD,M15,london,Europe/London,2022-02-03,2022-02-04,up,wick,1.35539,2022-02-04T08:00:00Z,1.3596,1.35867,2,1,1,0,next_same_session_first_30m_relative_to_prior_or
IBORONLYNXT|IBORONLYSC|IBORONLY|IBORB|IBORFB|IBOR|GBPUSD|M15|new_york|2022-02-04|60|IB60|OR30,IB_OR_BREAK_ONLY_BEYOND_OR_NEXT_SESSION_CONTINUATION_OBSERVATION,RELATION_P0,missing_next_session_first_30m_data,IBORONLYSC|IBORONLY|IBORB|IBORFB|IBOR|GBPUSD|M15|new_york|2022-02-04|60|IB60|OR30,GBPUSD,M15,new_york,America/New_York,2022-02-04,2022-02-05,down,close,1.35568,2022-02-05T14:30:00Z,,,0,,,,next_same_session_first_30m_relative_to_prior_or
IBORONLYNXT|IBORONLYSC|IBORONLY|IBORB|IBORFB|IBOR|GBPUSD|M15|london|2022-02-07|60|IB60|OR30,IB_OR_BREAK_ONLY_BEYOND_OR_NEXT_SESSION_CONTINUATION_OBSERVATION,RELATION_P0,next_session_first_30m_not_all_closes_beyond_prior_or,IBORONLYSC|IBORONLY|IBORB|IBORFB|IBOR|GBPUSD|M15|london|2022-02-07|60|IB60|OR30,GBPUSD,M15,london,Europe/London,2022-02-07,2022-02-08,up,wick,1.35235,2022-02-08T08:00:00Z,1.3517,1.35164,2,0,0,1,next_same_session_first_30m_relative_to_prior_or
IBORONLYNXT|IBORONLYSC|IBORONLY|IBORB|IBORFB|IBOR|GBPUSD|M15|london|2022-02-08|60|IB60|OR30,IB_OR_BREAK_ONLY_BEYOND_OR_NEXT_SESSION_CONTINUATION_OBSERVATION,RELATION_P0,next_session_first_30m_all_closes_beyond_prior_or,IBORONLYSC|IBORONLY|IBORB|IBORFB|IBOR|GBPUSD|M15|london|2022-02-08|60|IB60|OR30,GBPUSD,M15,london,Europe/London,2022-02-08,2022-02-09,up,close,1.35241,2022-02-09T08:00:00Z,1.35548,1.3556,2,1,1,0,next_same_session_first_30m_relative_to_prior_or
IBORONLYNXT|IBORONLYSC|IBORONLY|IBORB|IBORFB|IBOR|GBPUSD|M15|london|2022-02-09|60|IB60|OR30,IB_OR_BREAK_ONLY_BEYOND_OR_NEXT_SESSION_CONTINUATION_OBSERVATION,RELATION_P0,next_session_first_30m_all_closes_beyond_prior_or,IBORONLYSC|IBORONLY|IBORB|IBORFB|IBOR|GBPUSD|M15|london|2022-02-09|60|IB60|OR30,GBPUSD,M15,london,Europe/London,2022-02-09,2022-02-10,down,close,1.35523,2022-02-10T08:00:00Z,1.353,1.35338,2,1,1,0,next_same_session_first_30m_relative_to_prior_or
IBORONLYNXT|IBORONLYSC|IBORONLY|IBORB|IBORFB|IBOR|GBPUSD|M15|new_york|2022-02-09|60|IB60|OR30,IB_OR_BREAK_ONLY_BEYOND_OR_NEXT_SESSION_CONTINUATION_OBSERVATION,RELATION_P0,next_session_first_30m_not_all_closes_beyond_prior_or,IBORONLYSC|IBORONLY|IBORB|IBORFB|IBOR|GBPUSD|M15|new_york|2022-02-09|60|IB60|OR30,GBPUSD,M15,new_york,America/New_York,2022-02-09,2022-02-10,down,close,1.35702,2022-02-10T14:30:00Z,1.35714,1.35717,2,0,0,1,next_same_session_first_30m_relative_to_prior_or
IBORONLYNXT|IBORONLYSC|IBORONLY|IBORB|IBORFB|IBOR|GBPUSD|M15|london|2022-02-10|60|IB60|OR30,IB_OR_BREAK_ONLY_BEYOND_OR_NEXT_SESSION_CONTINUATION_OBSERVATION,RELATION_P0,next_session_first_30m_not_all_closes_beyond_prior_or,IBORONLYSC|IBORONLY|IBORB|IBORFB|IBOR|GBPUSD|M15|london|2022-02-10|60|IB60|OR30,GBPUSD,M15,london,Europe/London,2022-02-10,2022-02-11,up,close,1.35338,2022-02-11T08:00:00Z,1.35325,1.35315,2,0,0,1,next_same_session_first_30m_relative_to_prior_or
IBORONLYNXT|IBORONLYSC|IBORONLY|IBORB|IBORFB|IBOR|GBPUSD|M15|london|2022-02-14|60|IB60|OR30,IB_OR_BREAK_ONLY_BEYOND_OR_NEXT_SESSION_CONTINUATION_OBSERVATION,RELATION_P0,next_session_first_30m_all_closes_beyond_prior_or,IBORONLYSC|IBORONLY|IBORB|IBORFB|IBOR|GBPUSD|M15|london|2022-02-14|60|IB60|OR30,GBPUSD,M15,london,Europe/London,2022-02-14,2022-02-15,down,close,1.35381,2022-02-15T08:00:00Z,1.353,1.35312,2,1,1,0,next_same_session_first_30m_relative_to_prior_or
IBORONLYNXT|IBORONLYSC|IBORONLY|IBORB|IBORFB|IBOR|GBPUSD|M15|london|2022-02-16|60|IB60|OR30,IB_OR_BREAK_ONLY_BEYOND_OR_NEXT_SESSION_CONTINUATION_OBSERVATION,RELATION_P0,next_session_first_30m_all_closes_beyond_prior_or,IBORONLYSC|IBORONLY|IBORB|IBORFB|IBOR|GBPUSD|M15|london|2022-02-16|60|IB60|OR30,GBPUSD,M15,london,Europe/London,2022-02-16,2022-02-17,up,close,1.35528,2022-02-17T08:00:00Z,1.35827,1.35773,2,1,1,0,next_same_session_first_30m_relative_to_prior_or
IBORONLYNXT|IBORONLYSC|IBORONLY|IBORB|IBORFB|IBOR|GBPUSD|M15|london|2022-02-17|60|IB60|OR30,IB_OR_BREAK_ONLY_BEYOND_OR_NEXT_SESSION_CONTINUATION_OBSERVATION,RELATION_P0,next_session_first_30m_all_closes_beyond_prior_or,IBORONLYSC|IBORONLY|IBORB|IBORFB|IBOR|GBPUSD|M15|london|2022-02-17|60|IB60|OR30,GBPUSD,M15,london,Europe/London,2022-02-17,2022-02-18,up,wick,1.35942,2022-02-18T08:00:00Z,1.36086,1.36088,2,1,1,0,next_same_session_first_30m_relative_to_prior_or
IBORONLYNXT|IBORONLYSC|IBORONLY|IBORB|IBORFB|IBOR|GBPUSD|M15|new_york|2022-02-18|60|IB60|OR30,IB_OR_BREAK_ONLY_BEYOND_OR_NEXT_SESSION_CONTINUATION_OBSERVATION,RELATION_P0,missing_next_session_first_30m_data,IBORONLYSC|IBORONLY|IBORB|IBORFB|IBOR|GBPUSD|M15|new_york|2022-02-18|60|IB60|OR30,GBPUSD,M15,new_york,America/New_York,2022-02-18,2022-02-19,down,close,1.36136,2022-02-19T14:30:00Z,,,0,,,,next_same_session_first_30m_relative_to_prior_or
IBORONLYNXT|IBORONLYSC|IBORONLY|IBORB|IBORFB|IBOR|GBPUSD|M15|new_york|2022-02-21|60|IB60|OR30,IB_OR_BREAK_ONLY_BEYOND_OR_NEXT_SESSION_CONTINUATION_OBSERVATION,RELATION_P0,next_session_first_30m_all_closes_beyond_prior_or,IBORONLYSC|IBORONLY|IBORB|IBORFB|IBOR|GBPUSD|M15|new_york|2022-02-21|60|IB60|OR30,GBPUSD,M15,new_york,America/New_York,2022-02-21,2022-02-22,down,close,1.36056,2022-02-22T14:30:00Z,1.35591,1.35496,2,1,1,0,next_same_session_first_30m_relative_to_prior_or
IBORONLYNXT|IBORONLYSC|IBORONLY|IBORB|IBORFB|IBOR|GBPUSD|M15|london|2022-02-22|60|IB60|OR30,IB_OR_BREAK_ONLY_BEYOND_OR_NEXT_SESSION_CONTINUATION_OBSERVATION,RELATION_P0,next_session_first_30m_not_all_closes_beyond_prior_or,IBORONLYSC|IBORONLY|IBORB|IBORFB|IBOR|GBPUSD|M15|london|2022-02-22|60|IB60|OR30,GBPUSD,M15,london,Europe/London,2022-02-22,2022-02-23,down,close,1.35896,2022-02-23T08:00:00Z,1.35915,1.35958,2,0,0,1,next_same_session_first_30m_relative_to_prior_or
IBORONLYNXT|IBORONLYSC|IBORONLY|IBORB|IBORFB|IBOR|GBPUSD|M15|new_york|2022-02-23|60|IB60|OR30,IB_OR_BREAK_ONLY_BEYOND_OR_NEXT_SESSION_CONTINUATION_OBSERVATION,RELATION_P0,next_session_first_30m_all_closes_beyond_prior_or,IBORONLYSC|IBORONLY|IBORB|IBORFB|IBOR|GBPUSD|M15|new_york|2022-02-23|60|IB60|OR30,GBPUSD,M15,new_york,America/New_York,2022-02-23,2022-02-24,down,wick,1.35831,2022-02-24T14:30:00Z,1.34147,1.33972,2,1,1,0,next_same_session_first_30m_relative_to_prior_or
IBORONLYNXT|IBORONLYSC|IBORONLY|IBORB|IBORFB|IBOR|GBPUSD|M15|london|2022-02-24|60|IB60|OR30,IB_OR_BREAK_ONLY_BEYOND_OR_NEXT_SESSION_CONTINUATION_OBSERVATION,RELATION_P0,next_session_first_30m_all_closes_beyond_prior_or,IBORONLYSC|IBORONLY|IBORB|IBORFB|IBOR|GBPUSD|M15|london|2022-02-24|60|IB60|OR30,GBPUSD,M15,london,Europe/London,2022-02-24,2022-02-25,down,wick,1.34962,2022-02-25T08:00:00Z,1.34358,1.34238,2,1,1,0,next_same_session_first_30m_relative_to_prior_or
IBORONLYNXT|IBORONLYSC|IBORONLY|IBORB|IBORFB|IBOR|GBPUSD|M15|london|2022-02-25|60|IB60|OR30,IB_OR_BREAK_ONLY_BEYOND_OR_NEXT_SESSION_CONTINUATION_OBSERVATION,RELATION_P0,missing_next_session_first_30m_data,IBORONLYSC|IBORONLY|IBORB|IBORFB|IBOR|GBPUSD|M15|london|2022-02-25|60|IB60|OR30,GBPUSD,M15,london,Europe/London,2022-02-25,2022-02-26,down,close,1.34228,2022-02-26T08:00:00Z,,,0,,,,next_same_session_first_30m_relative_to_prior_or
IBORONLYNXT|IBORONLYSC|IBORONLY|IBORB|IBORFB|IBOR|GBPUSD|M15|london|2022-02-28|60|IB60|OR30,IB_OR_BREAK_ONLY_BEYOND_OR_NEXT_SESSION_CONTINUATION_OBSERVATION,RELATION_P0,next_session_first_30m_all_closes_beyond_prior_or,IBORONLYSC|IBORONLY|IBORB|IBORFB|IBOR|GBPUSD|M15|london|2022-02-28|60|IB60|OR30,GBPUSD,M15,london,Europe/London,2022-02-28,2022-03-01,up,close,1.33691,2022-03-01T08:00:00Z,1.34177,1.34159,2,1,1,0,next_same_session_first_30m_relative_to_prior_or
IBORONLYNXT|IBORONLYSC|IBORONLY|IBORB|IBORFB|IBOR|GBPUSD|M15|new_york|2022-03-01|60|IB60|OR30,IB_OR_BREAK_ONLY_BEYOND_OR_NEXT_SESSION_CONTINUATION_OBSERVATION,RELATION_P0,next_session_first_30m_all_closes_beyond_prior_or,IBORONLYSC|IBORONLY|IBORB|IBORFB|IBOR|GBPUSD|M15|new_york|2022-03-01|60|IB60|OR30,GBPUSD,M15,new_york,America/New_York,2022-03-01,2022-03-02,down,close,1.33931,2022-03-02T14:30:00Z,1.33238,1.33222,2,1,1,0,next_same_session_first_30m_relative_to_prior_or
IBORONLYNXT|IBORONLYSC|IBORONLY|IBORB|IBORFB|IBOR|GBPUSD|M15|london|2022-03-04|60|IB60|OR30,IB_OR_BREAK_ONLY_BEYOND_OR_NEXT_SESSION_CONTINUATION_OBSERVATION,RELATION_P0,missing_next_session_first_30m_data,IBORONLYSC|IBORONLY|IBORB|IBORFB|IBOR|GBPUSD|M15|london|2022-03-04|60|IB60|OR30,GBPUSD,M15,london,Europe/London,2022-03-04,2022-03-05,down,wick,1.33371,2022-03-05T08:00:00Z,,,0,,,,next_same_session_first_30m_relative_to_prior_or
IBORONLYNXT|IBORONLYSC|IBORONLY|IBORB|IBORFB|IBOR|GBPUSD|M15|new_york|2022-03-04|60|IB60|OR30,IB_OR_BREAK_ONLY_BEYOND_OR_NEXT_SESSION_CONTINUATION_OBSERVATION,RELATION_P0,missing_next_session_first_30m_data,IBORONLYSC|IBORONLY|IBORB|IBORFB|IBOR|GBPUSD|M15|new_york|2022-03-04|60|IB60|OR30,GBPUSD,M15,new_york,America/New_York,2022-03-04,2022-03-05,down,wick,1.32585,2022-03-05T14:30:00Z,,,0,,,,next_same_session_first_30m_relative_to_prior_or
IBORONLYNXT|IBORONLYSC|IBORONLY|IBORB|IBORFB|IBOR|GBPUSD|M15|new_york|2022-03-07|60|IB60|OR30,IB_OR_BREAK_ONLY_BEYOND_OR_NEXT_SESSION_CONTINUATION_OBSERVATION,RELATION_P0,next_session_first_30m_all_closes_beyond_prior_or,IBORONLYSC|IBORONLY|IBORB|IBORFB|IBOR|GBPUSD|M15|new_york|2022-03-07|60|IB60|OR30,GBPUSD,M15,new_york,America/New_York,2022-03-07,2022-03-08,down,wick,1.31814,2022-03-08T14:30:00Z,1.3114,1.3111,2,1,1,0,next_same_session_first_30m_relative_to_prior_or
IBORONLYNXT|IBORONLYSC|IBORONLY|IBORB|IBORFB|IBOR|GBPUSD|M15|london|2022-03-08|60|IB60|OR30,IB_OR_BREAK_ONLY_BEYOND_OR_NEXT_SESSION_CONTINUATION_OBSERVATION,RELATION_P0,next_session_first_30m_not_all_closes_beyond_prior_or,IBORONLYSC|IBORONLY|IBORB|IBORFB|IBOR|GBPUSD|M15|london|2022-03-08|60|IB60|OR30,GBPUSD,M15,london,Europe/London,2022-03-08,2022-03-09,down,close,1.31047,2022-03-09T08:00:00Z,1.31122,1.31179,2,0,0,1,next_same_session_first_30m_relative_to_prior_or
IBORONLYNXT|IBORONLYSC|IBORONLY|IBORB|IBORFB|IBOR|GBPUSD|M15|new_york|2022-03-14|60|IB60|OR30,IB_OR_BREAK_ONLY_BEYOND_OR_NEXT_SESSION_CONTINUATION_OBSERVATION,RELATION_P0,next_session_first_30m_not_all_closes_beyond_prior_or,IBORONLYSC|IBORONLY|IBORB|IBORFB|IBOR|GBPUSD|M15|new_york|2022-03-14|60|IB60|OR30,GBPUSD,M15,new_york,America/New_York,2022-03-14,2022-03-15,down,close,1.30310,2022-03-15T13:30:00Z,1.30381,1.30322,2,0,0,1,next_same_session_first_30m_relative_to_prior_or
IBORONLYNXT|IBORONLYSC|IBORONLY|IBORB|IBORFB|IBOR|GBPUSD|M15|london|2022-03-16|60|IB60|OR30,IB_OR_BREAK_ONLY_BEYOND_OR_NEXT_SESSION_CONTINUATION_OBSERVATION,RELATION_P0,next_session_first_30m_all_closes_beyond_prior_or,IBORONLYSC|IBORONLY|IBORB|IBORFB|IBOR|GBPUSD|M15|london|2022-03-16|60|IB60|OR30,GBPUSD,M15,london,Europe/London,2022-03-16,2022-03-17,up,close,1.30549,2022-03-17T08:00:00Z,1.31572,1.31575,2,1,1,0,next_same_session_first_30m_relative_to_prior_or
IBORONLYNXT|IBORONLYSC|IBORONLY|IBORB|IBORFB|IBOR|GBPUSD|M15|london|2022-03-18|60|IB60|OR30,IB_OR_BREAK_ONLY_BEYOND_OR_NEXT_SESSION_CONTINUATION_OBSERVATION,RELATION_P0,missing_next_session_first_30m_data,IBORONLYSC|IBORONLY|IBORB|IBORFB|IBOR|GBPUSD|M15|london|2022-03-18|60|IB60|OR30,GBPUSD,M15,london,Europe/London,2022-03-18,2022-03-19,up,close,1.31599,2022-03-19T08:00:00Z,,,0,,,,next_same_session_first_30m_relative_to_prior_or
