object_id,object_family,object_level,object_status,source_runtime_row_key,symbol,timeframe,session_id,session_timezone,session_local_date,ib_window_minutes,ib_start_utc,ib_end_utc,ib_high,ib_low,ib_range,ib_mid,bars_in_ib_window
IB|EURUSD|M1|london|2026-03-09|60,IB,OBJECT_P0,defined_from_ib_runtime_v1,EURUSD|M1|london|2026-03-09|60,EURUSD,M1,london,Europe/London,2026-03-09,60,2026-03-09T08:00:00Z,2026-03-09T09:00:00Z,1.15715,1.15238,0.00477,1.15477,60
IB|EURUSD|M1|new_york|2026-03-09|60,IB,OBJECT_P0,defined_from_ib_runtime_v1,EURUSD|M1|new_york|2026-03-09|60,EURUSD,M1,new_york,America/New_York,2026-03-09,60,2026-03-09T13:30:00Z,2026-03-09T14:30:00Z,1.15678,1.15514,0.00164,1.15596,60
IB|EURUSD|M1|london|2026-03-10|60,IB,OBJECT_P0,defined_from_ib_runtime_v1,EURUSD|M1|london|2026-03-10|60,EURUSD,M1,london,Europe/London,2026-03-10,60,2026-03-10T08:00:00Z,2026-03-10T09:00:00Z,1.16203,1.16115,0.00088,1.16159,60
IB|EURUSD|M1|new_york|2026-03-10|60,IB,OBJECT_P0,defined_from_ib_runtime_v1,EURUSD|M1|new_york|2026-03-10|60,EURUSD,M1,new_york,America/New_York,2026-03-10,60,2026-03-10T13:30:00Z,2026-03-10T14:30:00Z,1.16531,1.16203,0.00328,1.16367,60
IB|EURUSD|M1|london|2026-03-11|60,IB,OBJECT_P0,defined_from_ib_runtime_v1,EURUSD|M1|london|2026-03-11|60,EURUSD,M1,london,Europe/London,2026-03-11,60,2026-03-11T08:00:00Z,2026-03-11T09:00:00Z,1.16361,1.16301,0.00060,1.16331,60
IB|EURUSD|M1|new_york|2026-03-11|60,IB,OBJECT_P0,defined_from_ib_runtime_v1,EURUSD|M1|new_york|2026-03-11|60,EURUSD,M1,new_york,America/New_York,2026-03-11,60,2026-03-11T13:30:00Z,2026-03-11T14:30:00Z,1.16116,1.16006,0.00110,1.16061,60
IB|EURUSD|M1|london|2026-03-12|60,IB,OBJECT_P0,defined_from_ib_runtime_v1,EURUSD|M1|london|2026-03-12|60,EURUSD,M1,london,Europe/London,2026-03-12,60,2026-03-12T08:00:00Z,2026-03-12T09:00:00Z,1.15453,1.15326,0.00127,1.15389,60
IB|EURUSD|M1|new_york|2026-03-12|60,IB,OBJECT_P0,defined_from_ib_runtime_v1,EURUSD|M1|new_york|2026-03-12|60,EURUSD,M1,new_york,America/New_York,2026-03-12,60,2026-03-12T13:30:00Z,2026-03-12T14:30:00Z,1.15608,1.15491,0.00117,1.15550,60
IB|EURUSD|M1|london|2026-03-13|60,IB,OBJECT_P0,defined_from_ib_runtime_v1,EURUSD|M1|london|2026-03-13|60,EURUSD,M1,london,Europe/London,2026-03-13,60,2026-03-13T08:00:00Z,2026-03-13T09:00:00Z,1.15065,1.15001,0.00064,1.15033,60
IB|EURUSD|M1|new_york|2026-03-13|60,IB,OBJECT_P0,defined_from_ib_runtime_v1,EURUSD|M1|new_york|2026-03-13|60,EURUSD,M1,new_york,America/New_York,2026-03-13,60,2026-03-13T13:30:00Z,2026-03-13T14:30:00Z,1.14720,1.14518,0.00202,1.14619,60
IB|EURUSD|M1|london|2026-03-16|60,IB,OBJECT_P0,defined_from_ib_runtime_v1,EURUSD|M1|london|2026-03-16|60,EURUSD,M1,london,Europe/London,2026-03-16,60,2026-03-16T08:00:00Z,2026-03-16T09:00:00Z,1.14434,1.14332,0.00102,1.14383,60
IB|EURUSD|M1|new_york|2026-03-16|60,IB,OBJECT_P0,defined_from_ib_runtime_v1,EURUSD|M1|new_york|2026-03-16|60,EURUSD,M1,new_york,America/New_York,2026-03-16,60,2026-03-16T13:30:00Z,2026-03-16T14:30:00Z,1.14814,1.14676,0.00138,1.14745,60
IB|EURUSD|M1|london|2026-03-17|60,IB,OBJECT_P0,defined_from_ib_runtime_v1,EURUSD|M1|london|2026-03-17|60,EURUSD,M1,london,Europe/London,2026-03-17,60,2026-03-17T08:00:00Z,2026-03-17T09:00:00Z,1.14992,1.14781,0.00211,1.14887,60
IB|EURUSD|M1|new_york|2026-03-17|60,IB,OBJECT_P0,defined_from_ib_runtime_v1,EURUSD|M1|new_york|2026-03-17|60,EURUSD,M1,new_york,America/New_York,2026-03-17,60,2026-03-17T13:30:00Z,2026-03-17T14:30:00Z,1.15187,1.15048,0.00139,1.15117,60
IB|EURUSD|M1|london|2026-03-18|60,IB,OBJECT_P0,defined_from_ib_runtime_v1,EURUSD|M1|london|2026-03-18|60,EURUSD,M1,london,Europe/London,2026-03-18,60,2026-03-18T08:00:00Z,2026-03-18T09:00:00Z,1.15468,1.15401,0.00067,1.15434,60
IB|EURUSD|M1|new_york|2026-03-18|60,IB,OBJECT_P0,defined_from_ib_runtime_v1,EURUSD|M1|new_york|2026-03-18|60,EURUSD,M1,new_york,America/New_York,2026-03-18,60,2026-03-18T13:30:00Z,2026-03-18T14:30:00Z,1.15553,1.15321,0.00232,1.15437,60
IB|EURUSD|M1|london|2026-03-19|60,IB,OBJECT_P0,defined_from_ib_runtime_v1,EURUSD|M1|london|2026-03-19|60,EURUSD,M1,london,Europe/London,2026-03-19,60,2026-03-19T08:00:00Z,2026-03-19T09:00:00Z,1.14710,1.14636,0.00074,1.14673,60
IB|EURUSD|M1|new_york|2026-03-19|60,IB,OBJECT_P0,defined_from_ib_runtime_v1,EURUSD|M1|new_york|2026-03-19|60,EURUSD,M1,new_york,America/New_York,2026-03-19,60,2026-03-19T13:30:00Z,2026-03-19T14:30:00Z,1.14814,1.14658,0.00156,1.14736,60
IB|EURUSD|M1|london|2026-03-20|60,IB,OBJECT_P0,defined_from_ib_runtime_v1,EURUSD|M1|london|2026-03-20|60,EURUSD,M1,london,Europe/London,2026-03-20,60,2026-03-20T08:00:00Z,2026-03-20T09:00:00Z,1.15612,1.15523,0.00089,1.15568,60
IB|EURUSD|M1|new_york|2026-03-20|60,IB,OBJECT_P0,defined_from_ib_runtime_v1,EURUSD|M1|new_york|2026-03-20|60,EURUSD,M1,new_york,America/New_York,2026-03-20,60,2026-03-20T13:30:00Z,2026-03-20T14:30:00Z,1.15719,1.15434,0.00285,1.15576,60
IB|EURUSD|M1|london|2026-03-23|60,IB,OBJECT_P0,defined_from_ib_runtime_v1,EURUSD|M1|london|2026-03-23|60,EURUSD,M1,london,Europe/London,2026-03-23,60,2026-03-23T08:00:00Z,2026-03-23T09:00:00Z,1.15525,1.15341,0.00184,1.15433,60
IB|EURUSD|M1|new_york|2026-03-23|60,IB,OBJECT_P0,defined_from_ib_runtime_v1,EURUSD|M1|new_york|2026-03-23|60,EURUSD,M1,new_york,America/New_York,2026-03-23,60,2026-03-23T13:30:00Z,2026-03-23T14:30:00Z,1.16191,1.14844,0.01347,1.15517,60
IB|EURUSD|M1|london|2026-03-24|60,IB,OBJECT_P0,defined_from_ib_runtime_v1,EURUSD|M1|london|2026-03-24|60,EURUSD,M1,london,Europe/London,2026-03-24,60,2026-03-24T08:00:00Z,2026-03-24T09:00:00Z,1.15892,1.15757,0.00135,1.15824,60
IB|EURUSD|M1|new_york|2026-03-24|60,IB,OBJECT_P0,defined_from_ib_runtime_v1,EURUSD|M1|new_york|2026-03-24|60,EURUSD,M1,new_york,America/New_York,2026-03-24,60,2026-03-24T13:30:00Z,2026-03-24T14:30:00Z,1.16004,1.15832,0.00172,1.15918,60
IB|EURUSD|M1|london|2026-03-25|60,IB,OBJECT_P0,defined_from_ib_runtime_v1,EURUSD|M1|london|2026-03-25|60,EURUSD,M1,london,Europe/London,2026-03-25,60,2026-03-25T08:00:00Z,2026-03-25T09:00:00Z,1.15981,1.15889,0.00092,1.15935,60
IB|EURUSD|M1|new_york|2026-03-25|60,IB,OBJECT_P0,defined_from_ib_runtime_v1,EURUSD|M1|new_york|2026-03-25|60,EURUSD,M1,new_york,America/New_York,2026-03-25,60,2026-03-25T13:30:00Z,2026-03-25T14:30:00Z,1.16114,1.15959,0.00155,1.16037,60
IB|EURUSD|M1|london|2026-03-26|60,IB,OBJECT_P0,defined_from_ib_runtime_v1,EURUSD|M1|london|2026-03-26|60,EURUSD,M1,london,Europe/London,2026-03-26,60,2026-03-26T08:00:00Z,2026-03-26T09:00:00Z,1.15698,1.15577,0.00121,1.15637,60
IB|EURUSD|M1|new_york|2026-03-26|60,IB,OBJECT_P0,defined_from_ib_runtime_v1,EURUSD|M1|new_york|2026-03-26|60,EURUSD,M1,new_york,America/New_York,2026-03-26,60,2026-03-26T13:30:00Z,2026-03-26T14:30:00Z,1.15637,1.15430,0.00207,1.15534,60
IB|EURUSD|M1|london|2026-03-27|60,IB,OBJECT_P0,defined_from_ib_runtime_v1,EURUSD|M1|london|2026-03-27|60,EURUSD,M1,london,Europe/London,2026-03-27,60,2026-03-27T08:00:00Z,2026-03-27T09:00:00Z,1.15461,1.15373,0.00088,1.15417,60
IB|EURUSD|M1|new_york|2026-03-27|60,IB,OBJECT_P0,defined_from_ib_runtime_v1,EURUSD|M1|new_york|2026-03-27|60,EURUSD,M1,new_york,America/New_York,2026-03-27,60,2026-03-27T13:30:00Z,2026-03-27T14:30:00Z,1.15257,1.15091,0.00166,1.15174,60
IB|EURUSD|M1|london|2026-03-30|60,IB,OBJECT_P0,defined_from_ib_runtime_v1,EURUSD|M1|london|2026-03-30|60,EURUSD,M1,london,Europe/London,2026-03-30,60,2026-03-30T07:00:00Z,2026-03-30T08:00:00Z,1.15212,1.15136,0.00076,1.15174,60
IB|EURUSD|M1|new_york|2026-03-30|60,IB,OBJECT_P0,defined_from_ib_runtime_v1,EURUSD|M1|new_york|2026-03-30|60,EURUSD,M1,new_york,America/New_York,2026-03-30,60,2026-03-30T13:30:00Z,2026-03-30T14:30:00Z,1.15001,1.14875,0.00126,1.14938,60
IB|EURUSD|M1|london|2026-03-31|60,IB,OBJECT_P0,defined_from_ib_runtime_v1,EURUSD|M1|london|2026-03-31|60,EURUSD,M1,london,Europe/London,2026-03-31,60,2026-03-31T07:00:00Z,2026-03-31T08:00:00Z,1.14728,1.14689,0.00039,1.14709,60
IB|EURUSD|M1|new_york|2026-03-31|60,IB,OBJECT_P0,defined_from_ib_runtime_v1,EURUSD|M1|new_york|2026-03-31|60,EURUSD,M1,new_york,America/New_York,2026-03-31,60,2026-03-31T13:30:00Z,2026-03-31T14:30:00Z,1.14851,1.14575,0.00276,1.14713,60
IB|EURUSD|M1|london|2026-04-01|60,IB,OBJECT_P0,defined_from_ib_runtime_v1,EURUSD|M1|london|2026-04-01|60,EURUSD,M1,london,Europe/London,2026-04-01,60,2026-04-01T07:00:00Z,2026-04-01T08:00:00Z,1.15665,1.15595,0.00070,1.15630,60
IB|EURUSD|M1|new_york|2026-04-01|60,IB,OBJECT_P0,defined_from_ib_runtime_v1,EURUSD|M1|new_york|2026-04-01|60,EURUSD,M1,new_york,America/New_York,2026-04-01,60,2026-04-01T13:30:00Z,2026-04-01T14:30:00Z,1.16057,1.15954,0.00103,1.16005,60
IB|EURUSD|M1|london|2026-04-02|60,IB,OBJECT_P0,defined_from_ib_runtime_v1,EURUSD|M1|london|2026-04-02|60,EURUSD,M1,london,Europe/London,2026-04-02,60,2026-04-02T07:00:00Z,2026-04-02T08:00:00Z,1.15419,1.15321,0.00098,1.15370,60
IB|EURUSD|M1|new_york|2026-04-02|60,IB,OBJECT_P0,defined_from_ib_runtime_v1,EURUSD|M1|new_york|2026-04-02|60,EURUSD,M1,new_york,America/New_York,2026-04-02,60,2026-04-02T13:30:00Z,2026-04-02T14:30:00Z,1.15204,1.15091,0.00113,1.15148,60
IB|EURUSD|M1|london|2026-04-03|60,IB,OBJECT_P0,defined_from_ib_runtime_v1,EURUSD|M1|london|2026-04-03|60,EURUSD,M1,london,Europe/London,2026-04-03,60,2026-04-03T07:00:00Z,2026-04-03T08:00:00Z,1.15364,1.15339,0.00025,1.15352,60
IB|EURUSD|M1|new_york|2026-04-03|60,IB,OBJECT_P0,defined_from_ib_runtime_v1,EURUSD|M1|new_york|2026-04-03|60,EURUSD,M1,new_york,America/New_York,2026-04-03,60,2026-04-03T13:30:00Z,2026-04-03T14:30:00Z,1.15490,1.15419,0.00071,1.15455,60
IB|EURUSD|M1|london|2026-04-06|60,IB,OBJECT_P0,defined_from_ib_runtime_v1,EURUSD|M1|london|2026-04-06|60,EURUSD,M1,london,Europe/London,2026-04-06,60,2026-04-06T07:00:00Z,2026-04-06T08:00:00Z,1.15251,1.15185,0.00066,1.15218,60
IB|EURUSD|M1|new_york|2026-04-06|60,IB,OBJECT_P0,defined_from_ib_runtime_v1,EURUSD|M1|new_york|2026-04-06|60,EURUSD,M1,new_york,America/New_York,2026-04-06,60,2026-04-06T13:30:00Z,2026-04-06T14:30:00Z,1.15516,1.15376,0.00140,1.15446,60
IB|EURUSD|M1|london|2026-04-07|60,IB,OBJECT_P0,defined_from_ib_runtime_v1,EURUSD|M1|london|2026-04-07|60,EURUSD,M1,london,Europe/London,2026-04-07,60,2026-04-07T07:00:00Z,2026-04-07T08:00:00Z,1.15388,1.15330,0.00058,1.15359,60
IB|EURUSD|M1|new_york|2026-04-07|60,IB,OBJECT_P0,defined_from_ib_runtime_v1,EURUSD|M1|new_york|2026-04-07|60,EURUSD,M1,new_york,America/New_York,2026-04-07,60,2026-04-07T13:30:00Z,2026-04-07T14:30:00Z,1.15587,1.15464,0.00123,1.15525,60
IB|EURUSD|M1|london|2026-04-08|60,IB,OBJECT_P0,defined_from_ib_runtime_v1,EURUSD|M1|london|2026-04-08|60,EURUSD,M1,london,Europe/London,2026-04-08,60,2026-04-08T07:00:00Z,2026-04-08T08:00:00Z,1.16811,1.16708,0.00103,1.16759,60
IB|EURUSD|M1|new_york|2026-04-08|60,IB,OBJECT_P0,defined_from_ib_runtime_v1,EURUSD|M1|new_york|2026-04-08|60,EURUSD,M1,new_york,America/New_York,2026-04-08,60,2026-04-08T13:30:00Z,2026-04-08T14:30:00Z,1.17101,1.16844,0.00257,1.16972,60
IB|EURUSD|M1|london|2026-04-09|60,IB,OBJECT_P0,defined_from_ib_runtime_v1,EURUSD|M1|london|2026-04-09|60,EURUSD,M1,london,Europe/London,2026-04-09,60,2026-04-09T07:00:00Z,2026-04-09T08:00:00Z,1.16711,1.16620,0.00091,1.16665,60
IB|EURUSD|M1|new_york|2026-04-09|60,IB,OBJECT_P0,defined_from_ib_runtime_v1,EURUSD|M1|new_york|2026-04-09|60,EURUSD,M1,new_york,America/New_York,2026-04-09,60,2026-04-09T13:30:00Z,2026-04-09T14:30:00Z,1.16812,1.16696,0.00116,1.16754,60
IB|EURUSD|M1|london|2026-04-10|60,IB,OBJECT_P0,defined_from_ib_runtime_v1,EURUSD|M1|london|2026-04-10|60,EURUSD,M1,london,Europe/London,2026-04-10,60,2026-04-10T07:00:00Z,2026-04-10T08:00:00Z,1.16966,1.16911,0.00055,1.16939,60
IB|EURUSD|M1|new_york|2026-04-10|60,IB,OBJECT_P0,defined_from_ib_runtime_v1,EURUSD|M1|new_york|2026-04-10|60,EURUSD,M1,new_york,America/New_York,2026-04-10,60,2026-04-10T13:30:00Z,2026-04-10T14:30:00Z,1.17188,1.17103,0.00085,1.17145,60
IB|EURUSD|M1|london|2026-04-13|60,IB,OBJECT_P0,defined_from_ib_runtime_v1,EURUSD|M1|london|2026-04-13|60,EURUSD,M1,london,Europe/London,2026-04-13,60,2026-04-13T07:00:00Z,2026-04-13T08:00:00Z,1.16902,1.16858,0.00044,1.16880,60
IB|EURUSD|M1|new_york|2026-04-13|60,IB,OBJECT_P0,defined_from_ib_runtime_v1,EURUSD|M1|new_york|2026-04-13|60,EURUSD,M1,new_york,America/New_York,2026-04-13,60,2026-04-13T13:30:00Z,2026-04-13T14:30:00Z,1.16997,1.16841,0.00156,1.16919,60
IB|EURUSD|M1|london|2026-04-14|60,IB,OBJECT_P0,defined_from_ib_runtime_v1,EURUSD|M1|london|2026-04-14|60,EURUSD,M1,london,Europe/London,2026-04-14,60,2026-04-14T07:00:00Z,2026-04-14T08:00:00Z,1.17699,1.17646,0.00053,1.17673,60
IB|EURUSD|M1|new_york|2026-04-14|60,IB,OBJECT_P0,defined_from_ib_runtime_v1,EURUSD|M1|new_york|2026-04-14|60,EURUSD,M1,new_york,America/New_York,2026-04-14,60,2026-04-14T13:30:00Z,2026-04-14T14:30:00Z,1.18020,1.17916,0.00104,1.17968,60
IB|EURUSD|M1|london|2026-04-15|60,IB,OBJECT_P0,defined_from_ib_runtime_v1,EURUSD|M1|london|2026-04-15|60,EURUSD,M1,london,Europe/London,2026-04-15,60,2026-04-15T07:00:00Z,2026-04-15T08:00:00Z,1.17896,1.17863,0.00033,1.17880,60
IB|EURUSD|M1|new_york|2026-04-15|60,IB,OBJECT_P0,defined_from_ib_runtime_v1,EURUSD|M1|new_york|2026-04-15|60,EURUSD,M1,new_york,America/New_York,2026-04-15,60,2026-04-15T13:30:00Z,2026-04-15T14:30:00Z,1.17835,1.17720,0.00115,1.17778,60
IB|EURUSD|M1|london|2026-04-16|60,IB,OBJECT_P0,defined_from_ib_runtime_v1,EURUSD|M1|london|2026-04-16|60,EURUSD,M1,london,Europe/London,2026-04-16,60,2026-04-16T07:00:00Z,2026-04-16T08:00:00Z,1.18131,1.18082,0.00049,1.18107,60
IB|EURUSD|M1|new_york|2026-04-16|60,IB,OBJECT_P0,defined_from_ib_runtime_v1,EURUSD|M1|new_york|2026-04-16|60,EURUSD,M1,new_york,America/New_York,2026-04-16,60,2026-04-16T13:30:00Z,2026-04-16T14:30:00Z,1.17887,1.17725,0.00162,1.17806,60
IB|EURUSD|M1|london|2026-04-17|60,IB,OBJECT_P0,defined_from_ib_runtime_v1,EURUSD|M1|london|2026-04-17|60,EURUSD,M1,london,Europe/London,2026-04-17,60,2026-04-17T07:00:00Z,2026-04-17T08:00:00Z,1.17843,1.17815,0.00028,1.17829,60
IB|EURUSD|M1|new_york|2026-04-17|60,IB,OBJECT_P0,defined_from_ib_runtime_v1,EURUSD|M1|new_york|2026-04-17|60,EURUSD,M1,new_york,America/New_York,2026-04-17,60,2026-04-17T13:30:00Z,2026-04-17T14:30:00Z,1.17987,1.17919,0.00068,1.17953,60
IB|EURUSD|M1|london|2026-04-20|60,IB,OBJECT_P0,defined_from_ib_runtime_v1,EURUSD|M1|london|2026-04-20|60,EURUSD,M1,london,Europe/London,2026-04-20,60,2026-04-20T07:00:00Z,2026-04-20T08:00:00Z,1.17620,1.17563,0.00057,1.17591,60
IB|EURUSD|M1|new_york|2026-04-20|60,IB,OBJECT_P0,defined_from_ib_runtime_v1,EURUSD|M1|new_york|2026-04-20|60,EURUSD,M1,new_york,America/New_York,2026-04-20,60,2026-04-20T13:30:00Z,2026-04-20T14:30:00Z,1.17747,1.17635,0.00112,1.17691,60
IB|EURUSD|M1|london|2026-04-21|60,IB,OBJECT_P0,defined_from_ib_runtime_v1,EURUSD|M1|london|2026-04-21|60,EURUSD,M1,london,Europe/London,2026-04-21,60,2026-04-21T07:00:00Z,2026-04-21T08:00:00Z,1.17767,1.17741,0.00026,1.17754,60
IB|EURUSD|M1|new_york|2026-04-21|60,IB,OBJECT_P0,defined_from_ib_runtime_v1,EURUSD|M1|new_york|2026-04-21|60,EURUSD,M1,new_york,America/New_York,2026-04-21,60,2026-04-21T13:30:00Z,2026-04-21T14:30:00Z,1.17664,1.17560,0.00104,1.17612,60
IB|EURUSD|M1|london|2026-04-22|60,IB,OBJECT_P0,defined_from_ib_runtime_v1,EURUSD|M1|london|2026-04-22|60,EURUSD,M1,london,Europe/London,2026-04-22,60,2026-04-22T07:00:00Z,2026-04-22T08:00:00Z,1.17425,1.17383,0.00042,1.17404,60
IB|EURUSD|M1|new_york|2026-04-22|60,IB,OBJECT_P0,defined_from_ib_runtime_v1,EURUSD|M1|new_york|2026-04-22|60,EURUSD,M1,new_york,America/New_York,2026-04-22,60,2026-04-22T13:30:00Z,2026-04-22T14:30:00Z,1.17533,1.17426,0.00107,1.17480,60
IB|EURUSD|M1|london|2026-04-23|60,IB,OBJECT_P0,defined_from_ib_runtime_v1,EURUSD|M1|london|2026-04-23|60,EURUSD,M1,london,Europe/London,2026-04-23,60,2026-04-23T07:00:00Z,2026-04-23T08:00:00Z,1.17007,1.16952,0.00055,1.16979,60
IB|EURUSD|M1|new_york|2026-04-23|60,IB,OBJECT_P0,defined_from_ib_runtime_v1,EURUSD|M1|new_york|2026-04-23|60,EURUSD,M1,new_york,America/New_York,2026-04-23,60,2026-04-23T13:30:00Z,2026-04-23T14:30:00Z,1.16866,1.16793,0.00073,1.16830,60
IB|EURUSD|M1|london|2026-04-24|60,IB,OBJECT_P0,defined_from_ib_runtime_v1,EURUSD|M1|london|2026-04-24|60,EURUSD,M1,london,Europe/London,2026-04-24,60,2026-04-24T07:00:00Z,2026-04-24T08:00:00Z,1.16817,1.16765,0.00052,1.16791,60
IB|EURUSD|M1|new_york|2026-04-24|60,IB,OBJECT_P0,defined_from_ib_runtime_v1,EURUSD|M1|new_york|2026-04-24|60,EURUSD,M1,new_york,America/New_York,2026-04-24,60,2026-04-24T13:30:00Z,2026-04-24T14:30:00Z,1.17180,1.16941,0.00239,1.17061,60
IB|EURUSD|M1|london|2026-04-27|60,IB,OBJECT_P0,defined_from_ib_runtime_v1,EURUSD|M1|london|2026-04-27|60,EURUSD,M1,london,Europe/London,2026-04-27,60,2026-04-27T07:00:00Z,2026-04-27T08:00:00Z,1.17315,1.17250,0.00065,1.17283,60
IB|EURUSD|M1|new_york|2026-04-27|60,IB,OBJECT_P0,defined_from_ib_runtime_v1,EURUSD|M1|new_york|2026-04-27|60,EURUSD,M1,new_york,America/New_York,2026-04-27,60,2026-04-27T13:30:00Z,2026-04-27T14:30:00Z,1.17478,1.17398,0.00080,1.17438,60
IB|EURUSD|M1|london|2026-04-28|60,IB,OBJECT_P0,defined_from_ib_runtime_v1,EURUSD|M1|london|2026-04-28|60,EURUSD,M1,london,Europe/London,2026-04-28,60,2026-04-28T07:00:00Z,2026-04-28T08:00:00Z,1.17164,1.17117,0.00047,1.17141,60
IB|EURUSD|M1|new_york|2026-04-28|60,IB,OBJECT_P0,defined_from_ib_runtime_v1,EURUSD|M1|new_york|2026-04-28|60,EURUSD,M1,new_york,America/New_York,2026-04-28,60,2026-04-28T13:30:00Z,2026-04-28T14:30:00Z,1.16993,1.16911,0.00082,1.16952,60
IB|EURUSD|M1|london|2026-04-29|60,IB,OBJECT_P0,defined_from_ib_runtime_v1,EURUSD|M1|london|2026-04-29|60,EURUSD,M1,london,Europe/London,2026-04-29,60,2026-04-29T07:00:00Z,2026-04-29T08:00:00Z,1.17077,1.17044,0.00033,1.17061,60
IB|EURUSD|M1|new_york|2026-04-29|60,IB,OBJECT_P0,defined_from_ib_runtime_v1,EURUSD|M1|new_york|2026-04-29|60,EURUSD,M1,new_york,America/New_York,2026-04-29,60,2026-04-29T13:30:00Z,2026-04-29T14:30:00Z,1.17096,1.17001,0.00095,1.17048,60
IB|EURUSD|M1|london|2026-04-30|60,IB,OBJECT_P0,defined_from_ib_runtime_v1,EURUSD|M1|london|2026-04-30|60,EURUSD,M1,london,Europe/London,2026-04-30,60,2026-04-30T07:00:00Z,2026-04-30T08:00:00Z,1.16660,1.16551,0.00109,1.16606,60
IB|EURUSD|M1|new_york|2026-04-30|60,IB,OBJECT_P0,defined_from_ib_runtime_v1,EURUSD|M1|new_york|2026-04-30|60,EURUSD,M1,new_york,America/New_York,2026-04-30,60,2026-04-30T13:30:00Z,2026-04-30T14:30:00Z,1.17195,1.17013,0.00182,1.17104,60
IB|EURUSD|M1|london|2026-05-01|60,IB,OBJECT_P0,defined_from_ib_runtime_v1,EURUSD|M1|london|2026-05-01|60,EURUSD,M1,london,Europe/London,2026-05-01,60,2026-05-01T07:00:00Z,2026-05-01T08:00:00Z,1.17324,1.17259,0.00065,1.17292,60
IB|EURUSD|M1|new_york|2026-05-01|60,IB,OBJECT_P0,defined_from_ib_runtime_v1,EURUSD|M1|new_york|2026-05-01|60,EURUSD,M1,new_york,America/New_York,2026-05-01,60,2026-05-01T13:30:00Z,2026-05-01T14:30:00Z,1.17582,1.17393,0.00189,1.17488,60
IB|EURUSD|M1|london|2026-05-04|60,IB,OBJECT_P0,defined_from_ib_runtime_v1,EURUSD|M1|london|2026-05-04|60,EURUSD,M1,london,Europe/London,2026-05-04,60,2026-05-04T07:00:00Z,2026-05-04T08:00:00Z,1.17383,1.17276,0.00107,1.17329,60
IB|EURUSD|M1|new_york|2026-05-04|60,IB,OBJECT_P0,defined_from_ib_runtime_v1,EURUSD|M1|new_york|2026-05-04|60,EURUSD,M1,new_york,America/New_York,2026-05-04,60,2026-05-04T13:30:00Z,2026-05-04T14:30:00Z,1.17143,1.16957,0.00186,1.17050,60
IB|EURUSD|M1|london|2026-05-05|60,IB,OBJECT_P0,defined_from_ib_runtime_v1,EURUSD|M1|london|2026-05-05|60,EURUSD,M1,london,Europe/London,2026-05-05,60,2026-05-05T07:00:00Z,2026-05-05T08:00:00Z,1.16874,1.16769,0.00105,1.16822,60
IB|EURUSD|M1|new_york|2026-05-05|60,IB,OBJECT_P0,defined_from_ib_runtime_v1,EURUSD|M1|new_york|2026-05-05|60,EURUSD,M1,new_york,America/New_York,2026-05-05,60,2026-05-05T13:30:00Z,2026-05-05T14:30:00Z,1.16975,1.16833,0.00142,1.16904,60
IB|EURUSD|M1|london|2026-05-06|60,IB,OBJECT_P0,defined_from_ib_runtime_v1,EURUSD|M1|london|2026-05-06|60,EURUSD,M1,london,Europe/London,2026-05-06,60,2026-05-06T07:00:00Z,2026-05-06T08:00:00Z,1.17429,1.17163,0.00266,1.17296,60
IB|EURUSD|M1|new_york|2026-05-06|60,IB,OBJECT_P0,defined_from_ib_runtime_v1,EURUSD|M1|new_york|2026-05-06|60,EURUSD,M1,new_york,America/New_York,2026-05-06,60,2026-05-06T13:30:00Z,2026-05-06T14:30:00Z,1.17968,1.17694,0.00274,1.17831,60
IB|EURUSD|M1|london|2026-05-07|60,IB,OBJECT_P0,defined_from_ib_runtime_v1,EURUSD|M1|london|2026-05-07|60,EURUSD,M1,london,Europe/London,2026-05-07,60,2026-05-07T07:00:00Z,2026-05-07T08:00:00Z,1.17536,1.17478,0.00058,1.17507,60
IB|EURUSD|M1|new_york|2026-05-07|60,IB,OBJECT_P0,defined_from_ib_runtime_v1,EURUSD|M1|new_york|2026-05-07|60,EURUSD,M1,new_york,America/New_York,2026-05-07,60,2026-05-07T13:30:00Z,2026-05-07T14:30:00Z,1.17758,1.17622,0.00136,1.17690,60
IB|EURUSD|M1|london|2026-05-08|60,IB,OBJECT_P0,defined_from_ib_runtime_v1,EURUSD|M1|london|2026-05-08|60,EURUSD,M1,london,Europe/London,2026-05-08,60,2026-05-08T07:00:00Z,2026-05-08T08:00:00Z,1.17359,1.17270,0.00089,1.17314,60
IB|EURUSD|M1|new_york|2026-05-08|60,IB,OBJECT_P0,defined_from_ib_runtime_v1,EURUSD|M1|new_york|2026-05-08|60,EURUSD,M1,new_york,America/New_York,2026-05-08,60,2026-05-08T13:30:00Z,2026-05-08T14:30:00Z,1.17722,1.17614,0.00108,1.17668,60
IB|EURUSD|M1|london|2026-05-11|60,IB,OBJECT_P0,defined_from_ib_runtime_v1,EURUSD|M1|london|2026-05-11|60,EURUSD,M1,london,Europe/London,2026-05-11,60,2026-05-11T07:00:00Z,2026-05-11T08:00:00Z,1.17574,1.17502,0.00072,1.17538,60
IB|EURUSD|M1|new_york|2026-05-11|60,IB,OBJECT_P0,defined_from_ib_runtime_v1,EURUSD|M1|new_york|2026-05-11|60,EURUSD,M1,new_york,America/New_York,2026-05-11,60,2026-05-11T13:30:00Z,2026-05-11T14:30:00Z,1.17746,1.17666,0.00080,1.17706,60
IB|EURUSD|M1|london|2026-05-12|60,IB,OBJECT_P0,defined_from_ib_runtime_v1,EURUSD|M1|london|2026-05-12|60,EURUSD,M1,london,Europe/London,2026-05-12,60,2026-05-12T07:00:00Z,2026-05-12T08:00:00Z,1.17598,1.17554,0.00044,1.17576,60
IB|EURUSD|M1|new_york|2026-05-12|60,IB,OBJECT_P0,defined_from_ib_runtime_v1,EURUSD|M1|new_york|2026-05-12|60,EURUSD,M1,new_york,America/New_York,2026-05-12,60,2026-05-12T13:30:00Z,2026-05-12T14:30:00Z,1.17490,1.17349,0.00141,1.17420,60
IB|EURUSD|M1|london|2026-05-13|60,IB,OBJECT_P0,defined_from_ib_runtime_v1,EURUSD|M1|london|2026-05-13|60,EURUSD,M1,london,Europe/London,2026-05-13,60,2026-05-13T07:00:00Z,2026-05-13T08:00:00Z,1.17353,1.17322,0.00031,1.17338,60
IB|EURUSD|M1|new_york|2026-05-13|60,IB,OBJECT_P0,defined_from_ib_runtime_v1,EURUSD|M1|new_york|2026-05-13|60,EURUSD,M1,new_york,America/New_York,2026-05-13,60,2026-05-13T13:30:00Z,2026-05-13T14:30:00Z,1.17152,1.17047,0.00105,1.17100,60
IB|EURUSD|M1|london|2026-05-14|60,IB,OBJECT_P0,defined_from_ib_runtime_v1,EURUSD|M1|london|2026-05-14|60,EURUSD,M1,london,Europe/London,2026-05-14,60,2026-05-14T07:00:00Z,2026-05-14T08:00:00Z,1.17173,1.17116,0.00057,1.17144,60
IB|EURUSD|M1|new_york|2026-05-14|60,IB,OBJECT_P0,defined_from_ib_runtime_v1,EURUSD|M1|new_york|2026-05-14|60,EURUSD,M1,new_york,America/New_York,2026-05-14,60,2026-05-14T13:30:00Z,2026-05-14T14:30:00Z,1.17109,1.17041,0.00068,1.17075,60
IB|EURUSD|M1|london|2026-05-15|60,IB,OBJECT_P0,defined_from_ib_runtime_v1,EURUSD|M1|london|2026-05-15|60,EURUSD,M1,london,Europe/London,2026-05-15,60,2026-05-15T07:00:00Z,2026-05-15T08:00:00Z,1.16527,1.16465,0.00062,1.16496,60
IB|EURUSD|M1|new_york|2026-05-15|60,IB,OBJECT_P0,defined_from_ib_runtime_v1,EURUSD|M1|new_york|2026-05-15|60,EURUSD,M1,new_york,America/New_York,2026-05-15,60,2026-05-15T13:30:00Z,2026-05-15T14:30:00Z,1.16554,1.16364,0.00190,1.16459,60
IB|EURUSD|M1|london|2026-05-18|60,IB,OBJECT_P0,defined_from_ib_runtime_v1,EURUSD|M1|london|2026-05-18|60,EURUSD,M1,london,Europe/London,2026-05-18,60,2026-05-18T07:00:00Z,2026-05-18T08:00:00Z,1.16262,1.16191,0.00071,1.16227,60
IB|EURUSD|M1|new_york|2026-05-18|60,IB,OBJECT_P0,defined_from_ib_runtime_v1,EURUSD|M1|new_york|2026-05-18|60,EURUSD,M1,new_york,America/New_York,2026-05-18,60,2026-05-18T13:30:00Z,2026-05-18T14:30:00Z,1.16364,1.16263,0.00101,1.16314,60
IB|EURUSD|M1|london|2026-05-19|60,IB,OBJECT_P0,defined_from_ib_runtime_v1,EURUSD|M1|london|2026-05-19|60,EURUSD,M1,london,Europe/London,2026-05-19,60,2026-05-19T07:00:00Z,2026-05-19T08:00:00Z,1.16431,1.16352,0.00079,1.16392,60
IB|EURUSD|M1|new_york|2026-05-19|60,IB,OBJECT_P0,defined_from_ib_runtime_v1,EURUSD|M1|new_york|2026-05-19|60,EURUSD,M1,new_york,America/New_York,2026-05-19,60,2026-05-19T13:30:00Z,2026-05-19T14:30:00Z,1.16253,1.16111,0.00142,1.16182,60
IB|EURUSD|M1|london|2026-05-20|60,IB,OBJECT_P0,defined_from_ib_runtime_v1,EURUSD|M1|london|2026-05-20|60,EURUSD,M1,london,Europe/London,2026-05-20,60,2026-05-20T07:00:00Z,2026-05-20T08:00:00Z,1.16067,1.15970,0.00097,1.16019,60
IB|EURUSD|M1|new_york|2026-05-20|60,IB,OBJECT_P0,defined_from_ib_runtime_v1,EURUSD|M1|new_york|2026-05-20|60,EURUSD,M1,new_york,America/New_York,2026-05-20,60,2026-05-20T13:30:00Z,2026-05-20T14:30:00Z,1.16029,1.15943,0.00086,1.15986,60
IB|EURUSD|M1|london|2026-05-21|60,IB,OBJECT_P0,defined_from_ib_runtime_v1,EURUSD|M1|london|2026-05-21|60,EURUSD,M1,london,Europe/London,2026-05-21,60,2026-05-21T07:00:00Z,2026-05-21T08:00:00Z,1.16236,1.16183,0.00053,1.16209,60
IB|EURUSD|M1|new_york|2026-05-21|60,IB,OBJECT_P0,defined_from_ib_runtime_v1,EURUSD|M1|new_york|2026-05-21|60,EURUSD,M1,new_york,America/New_York,2026-05-21,60,2026-05-21T13:30:00Z,2026-05-21T14:30:00Z,1.16160,1.15998,0.00162,1.16079,60
IB|EURUSD|M1|london|2026-05-22|60,IB,OBJECT_P0,defined_from_ib_runtime_v1,EURUSD|M1|london|2026-05-22|60,EURUSD,M1,london,Europe/London,2026-05-22,60,2026-05-22T07:00:00Z,2026-05-22T08:00:00Z,1.16155,1.16113,0.00042,1.16134,60
IB|EURUSD|M1|new_york|2026-05-22|60,IB,OBJECT_P0,defined_from_ib_runtime_v1,EURUSD|M1|new_york|2026-05-22|60,EURUSD,M1,new_york,America/New_York,2026-05-22,60,2026-05-22T13:30:00Z,2026-05-22T14:30:00Z,1.16014,1.15934,0.00080,1.15974,60
IB|EURUSD|M1|london|2026-05-25|60,IB,OBJECT_P0,defined_from_ib_runtime_v1,EURUSD|M1|london|2026-05-25|60,EURUSD,M1,london,Europe/London,2026-05-25,60,2026-05-25T07:00:00Z,2026-05-25T08:00:00Z,1.16438,1.16356,0.00082,1.16397,60
IB|EURUSD|M1|new_york|2026-05-25|60,IB,OBJECT_P0,defined_from_ib_runtime_v1,EURUSD|M1|new_york|2026-05-25|60,EURUSD,M1,new_york,America/New_York,2026-05-25,60,2026-05-25T13:30:00Z,2026-05-25T14:30:00Z,1.16447,1.16402,0.00045,1.16425,60
IB|EURUSD|M1|london|2026-05-26|60,IB,OBJECT_P0,defined_from_ib_runtime_v1,EURUSD|M1|london|2026-05-26|60,EURUSD,M1,london,Europe/London,2026-05-26,60,2026-05-26T07:00:00Z,2026-05-26T08:00:00Z,1.16361,1.16293,0.00068,1.16327,60
IB|EURUSD|M1|new_york|2026-05-26|60,IB,OBJECT_P0,defined_from_ib_runtime_v1,EURUSD|M1|new_york|2026-05-26|60,EURUSD,M1,new_york,America/New_York,2026-05-26,60,2026-05-26T13:30:00Z,2026-05-26T14:30:00Z,1.16450,1.16377,0.00073,1.16413,60
IB|EURUSD|M1|london|2026-05-27|60,IB,OBJECT_P0,defined_from_ib_runtime_v1,EURUSD|M1|london|2026-05-27|60,EURUSD,M1,london,Europe/London,2026-05-27,60,2026-05-27T07:00:00Z,2026-05-27T08:00:00Z,1.16424,1.16383,0.00041,1.16403,60
IB|EURUSD|M1|new_york|2026-05-27|60,IB,OBJECT_P0,defined_from_ib_runtime_v1,EURUSD|M1|new_york|2026-05-27|60,EURUSD,M1,new_york,America/New_York,2026-05-27,60,2026-05-27T13:30:00Z,2026-05-27T14:30:00Z,1.16419,1.16359,0.00060,1.16389,60
IB|EURUSD|M1|london|2026-05-28|60,IB,OBJECT_P0,defined_from_ib_runtime_v1,EURUSD|M1|london|2026-05-28|60,EURUSD,M1,london,Europe/London,2026-05-28,60,2026-05-28T07:00:00Z,2026-05-28T08:00:00Z,1.15927,1.15862,0.00065,1.15895,60
IB|EURUSD|M1|new_york|2026-05-28|60,IB,OBJECT_P0,defined_from_ib_runtime_v1,EURUSD|M1|new_york|2026-05-28|60,EURUSD,M1,new_york,America/New_York,2026-05-28,60,2026-05-28T13:30:00Z,2026-05-28T14:30:00Z,1.16147,1.16034,0.00113,1.16091,60
IB|EURUSD|M1|london|2026-05-29|60,IB,OBJECT_P0,defined_from_ib_runtime_v1,EURUSD|M1|london|2026-05-29|60,EURUSD,M1,london,Europe/London,2026-05-29,60,2026-05-29T07:00:00Z,2026-05-29T08:00:00Z,1.16393,1.16343,0.00050,1.16368,60
IB|EURUSD|M1|new_york|2026-05-29|60,IB,OBJECT_P0,defined_from_ib_runtime_v1,EURUSD|M1|new_york|2026-05-29|60,EURUSD,M1,new_york,America/New_York,2026-05-29,60,2026-05-29T13:30:00Z,2026-05-29T14:30:00Z,1.16449,1.16399,0.00050,1.16424,60
IB|EURUSD|M1|london|2026-06-01|60,IB,OBJECT_P0,defined_from_ib_runtime_v1,EURUSD|M1|london|2026-06-01|60,EURUSD,M1,london,Europe/London,2026-06-01,60,2026-06-01T07:00:00Z,2026-06-01T08:00:00Z,1.16485,1.16434,0.00051,1.16459,60
IB|EURUSD|M1|new_york|2026-06-01|60,IB,OBJECT_P0,defined_from_ib_runtime_v1,EURUSD|M1|new_york|2026-06-01|60,EURUSD,M1,new_york,America/New_York,2026-06-01,60,2026-06-01T13:30:00Z,2026-06-01T14:30:00Z,1.16503,1.16417,0.00086,1.16460,60
IB|EURUSD|M1|london|2026-06-02|60,IB,OBJECT_P0,defined_from_ib_runtime_v1,EURUSD|M1|london|2026-06-02|60,EURUSD,M1,london,Europe/London,2026-06-02,60,2026-06-02T07:00:00Z,2026-06-02T08:00:00Z,1.16388,1.16341,0.00047,1.16365,60
IB|EURUSD|M1|new_york|2026-06-02|60,IB,OBJECT_P0,defined_from_ib_runtime_v1,EURUSD|M1|new_york|2026-06-02|60,EURUSD,M1,new_york,America/New_York,2026-06-02,60,2026-06-02T13:30:00Z,2026-06-02T14:30:00Z,1.16468,1.16417,0.00051,1.16443,60
IB|EURUSD|M1|london|2026-06-03|60,IB,OBJECT_P0,defined_from_ib_runtime_v1,EURUSD|M1|london|2026-06-03|60,EURUSD,M1,london,Europe/London,2026-06-03,60,2026-06-03T07:00:00Z,2026-06-03T08:00:00Z,1.16280,1.16243,0.00037,1.16262,60
IB|EURUSD|M1|new_york|2026-06-03|60,IB,OBJECT_P0,defined_from_ib_runtime_v1,EURUSD|M1|new_york|2026-06-03|60,EURUSD,M1,new_york,America/New_York,2026-06-03,60,2026-06-03T13:30:00Z,2026-06-03T14:30:00Z,1.16203,1.16145,0.00058,1.16174,60
IB|EURUSD|M1|london|2026-06-04|60,IB,OBJECT_P0,defined_from_ib_runtime_v1,EURUSD|M1|london|2026-06-04|60,EURUSD,M1,london,Europe/London,2026-06-04,60,2026-06-04T07:00:00Z,2026-06-04T08:00:00Z,1.16129,1.16039,0.00090,1.16084,60
IB|EURUSD|M1|new_york|2026-06-04|60,IB,OBJECT_P0,defined_from_ib_runtime_v1,EURUSD|M1|new_york|2026-06-04|60,EURUSD,M1,new_york,America/New_York,2026-06-04,60,2026-06-04T13:30:00Z,2026-06-04T14:30:00Z,1.16434,1.16277,0.00157,1.16356,60
IB|EURUSD|M1|london|2026-06-05|60,IB,OBJECT_P0,defined_from_ib_runtime_v1,EURUSD|M1|london|2026-06-05|60,EURUSD,M1,london,Europe/London,2026-06-05,60,2026-06-05T07:00:00Z,2026-06-05T08:00:00Z,1.16170,1.16137,0.00033,1.16153,60
IB|EURUSD|M1|new_york|2026-06-05|60,IB,OBJECT_P0,defined_from_ib_runtime_v1,EURUSD|M1|new_york|2026-06-05|60,EURUSD,M1,new_york,America/New_York,2026-06-05,60,2026-06-05T13:30:00Z,2026-06-05T14:30:00Z,1.16442,1.16354,0.00088,1.16398,60
IB|EURUSD|M1|london|2026-06-08|60,IB,OBJECT_P0,defined_from_ib_runtime_v1,EURUSD|M1|london|2026-06-08|60,EURUSD,M1,london,Europe/London,2026-06-08,60,2026-06-08T07:00:00Z,2026-06-08T08:00:00Z,1.15339,1.15299,0.00040,1.15319,60
IB|EURUSD|M1|new_york|2026-06-08|60,IB,OBJECT_P0,defined_from_ib_runtime_v1,EURUSD|M1|new_york|2026-06-08|60,EURUSD,M1,new_york,America/New_York,2026-06-08,60,2026-06-08T13:30:00Z,2026-06-08T14:30:00Z,1.15422,1.15156,0.00266,1.15289,60
IB|EURUSD|M1|london|2026-06-09|60,IB,OBJECT_P0,defined_from_ib_runtime_v1,EURUSD|M1|london|2026-06-09|60,EURUSD,M1,london,Europe/London,2026-06-09,60,2026-06-09T07:00:00Z,2026-06-09T08:00:00Z,1.15482,1.15369,0.00113,1.15426,60
IB|EURUSD|M1|new_york|2026-06-09|60,IB,OBJECT_P0,defined_from_ib_runtime_v1,EURUSD|M1|new_york|2026-06-09|60,EURUSD,M1,new_york,America/New_York,2026-06-09,60,2026-06-09T13:30:00Z,2026-06-09T14:30:00Z,1.15726,1.15648,0.00078,1.15687,60
IB|EURUSD|M1|london|2026-06-10|60,IB,OBJECT_P0,defined_from_ib_runtime_v1,EURUSD|M1|london|2026-06-10|60,EURUSD,M1,london,Europe/London,2026-06-10,60,2026-06-10T07:00:00Z,2026-06-10T08:00:00Z,1.15506,1.15445,0.00061,1.15475,60
IB|EURUSD|M1|new_york|2026-06-10|60,IB,OBJECT_P0,defined_from_ib_runtime_v1,EURUSD|M1|new_york|2026-06-10|60,EURUSD,M1,new_york,America/New_York,2026-06-10,60,2026-06-10T13:30:00Z,2026-06-10T14:30:00Z,1.15572,1.15361,0.00211,1.15467,60
IB|EURUSD|M1|london|2026-06-11|60,IB,OBJECT_P0,defined_from_ib_runtime_v1,EURUSD|M1|london|2026-06-11|60,EURUSD,M1,london,Europe/London,2026-06-11,60,2026-06-11T07:00:00Z,2026-06-11T08:00:00Z,1.15503,1.15425,0.00078,1.15464,60
IB|EURUSD|M1|new_york|2026-06-11|60,IB,OBJECT_P0,defined_from_ib_runtime_v1,EURUSD|M1|new_york|2026-06-11|60,EURUSD,M1,new_york,America/New_York,2026-06-11,60,2026-06-11T13:30:00Z,2026-06-11T14:30:00Z,1.15395,1.15248,0.00147,1.15321,60
