outcome_shell_id,outcome_family,outcome_level,outcome_status,source_confirmed_candidate_id,symbol,timeframe,session_id,session_timezone,session_local_date,cross_direction,cross_mode,cross_bar_time_utc,cross_trigger_price,cross_distance_over_ib,next_required_evidence,failed_breakout_defined,retest_defined,reject_defined,day_type_defined
IBOROUT|IBORCROSS|IBORB|IBORFB|IBOR|GBPUSD|M15|new_york|2021-06-21|60|IB60|OR30,IB_OR_CONFIRMED_CROSS_OUTCOME_SHELL,RELATION_P0,post_cross_tracking_not_started,IBORCROSS|IBORB|IBORFB|IBOR|GBPUSD|M15|new_york|2021-06-21|60|IB60|OR30,GBPUSD,M15,new_york,America/New_York,2021-06-21,up,close,2021-06-21T16:15:00Z,1.38936,0.00067,post_cross_return_inside_ib_or_continuation_path,0,0,0,0
IBOROUT|IBORCROSS|IBORB|IBORFB|IBOR|GBPUSD|M15|new_york|2021-06-25|60|IB60|OR30,IB_OR_CONFIRMED_CROSS_OUTCOME_SHELL,RELATION_P0,post_cross_tracking_not_started,IBORCROSS|IBORB|IBORFB|IBOR|GBPUSD|M15|new_york|2021-06-25|60|IB60|OR30,GBPUSD,M15,new_york,America/New_York,2021-06-25,down,close,2021-06-25T14:30:00Z,1.38965,0.00016,post_cross_return_inside_ib_or_continuation_path,0,0,0,0
IBOROUT|IBORCROSS|IBORB|IBORFB|IBOR|GBPUSD|M15|new_york|2021-06-30|60|IB60|OR30,IB_OR_CONFIRMED_CROSS_OUTCOME_SHELL,RELATION_P0,post_cross_tracking_not_started,IBORCROSS|IBORB|IBORFB|IBOR|GBPUSD|M15|new_york|2021-06-30|60|IB60|OR30,GBPUSD,M15,new_york,America/New_York,2021-06-30,down,close,2021-06-30T15:00:00Z,1.38502,0.00053,post_cross_return_inside_ib_or_continuation_path,0,0,0,0
IBOROUT|IBORCROSS|IBORB|IBORFB|IBOR|GBPUSD|M15|london|2021-07-02|60|IB60|OR30,IB_OR_CONFIRMED_CROSS_OUTCOME_SHELL,RELATION_P0,post_cross_tracking_not_started,IBORCROSS|IBORB|IBORFB|IBOR|GBPUSD|M15|london|2021-07-02|60|IB60|OR30,GBPUSD,M15,london,Europe/London,2021-07-02,down,close,2021-07-02T08:45:00Z,1.37666,0.00004,post_cross_return_inside_ib_or_continuation_path,0,0,0,0
IBOROUT|IBORCROSS|IBORB|IBORFB|IBOR|GBPUSD|M15|new_york|2021-07-05|60|IB60|OR30,IB_OR_CONFIRMED_CROSS_OUTCOME_SHELL,RELATION_P0,post_cross_tracking_not_started,IBORCROSS|IBORB|IBORFB|IBOR|GBPUSD|M15|new_york|2021-07-05|60|IB60|OR30,GBPUSD,M15,new_york,America/New_York,2021-07-05,down,wick,2021-07-05T15:45:00Z,1.38436,0.00013,post_cross_return_inside_ib_or_continuation_path,0,0,0,0
IBOROUT|IBORCROSS|IBORB|IBORFB|IBOR|GBPUSD|M15|london|2021-07-09|60|IB60|OR30,IB_OR_CONFIRMED_CROSS_OUTCOME_SHELL,RELATION_P0,post_cross_tracking_not_started,IBORCROSS|IBORB|IBORFB|IBOR|GBPUSD|M15|london|2021-07-09|60|IB60|OR30,GBPUSD,M15,london,Europe/London,2021-07-09,up,wick,2021-07-09T08:00:00Z,1.37815,0.00008,post_cross_return_inside_ib_or_continuation_path,0,0,0,0
IBOROUT|IBORCROSS|IBORB|IBORFB|IBOR|GBPUSD|M15|new_york|2021-07-14|60|IB60|OR30,IB_OR_CONFIRMED_CROSS_OUTCOME_SHELL,RELATION_P0,post_cross_tracking_not_started,IBORCROSS|IBORB|IBORFB|IBOR|GBPUSD|M15|new_york|2021-07-14|60|IB60|OR30,GBPUSD,M15,new_york,America/New_York,2021-07-14,down,wick,2021-07-14T14:30:00Z,1.3853,0.00014,post_cross_return_inside_ib_or_continuation_path,0,0,0,0
IBOROUT|IBORCROSS|IBORB|IBORFB|IBOR|GBPUSD|M15|new_york|2021-08-02|60|IB60|OR30,IB_OR_CONFIRMED_CROSS_OUTCOME_SHELL,RELATION_P0,post_cross_tracking_not_started,IBORCROSS|IBORB|IBORFB|IBOR|GBPUSD|M15|new_york|2021-08-02|60|IB60|OR30,GBPUSD,M15,new_york,America/New_York,2021-08-02,down,wick,2021-08-02T14:45:00Z,1.3893,0.00038,post_cross_return_inside_ib_or_continuation_path,0,0,0,0
IBOROUT|IBORCROSS|IBORB|IBORFB|IBOR|GBPUSD|M15|london|2021-08-04|60|IB60|OR30,IB_OR_CONFIRMED_CROSS_OUTCOME_SHELL,RELATION_P0,post_cross_tracking_not_started,IBORCROSS|IBORB|IBORFB|IBOR|GBPUSD|M15|london|2021-08-04|60|IB60|OR30,GBPUSD,M15,london,Europe/London,2021-08-04,up,close,2021-08-04T08:15:00Z,1.39282,0.00004,post_cross_return_inside_ib_or_continuation_path,0,0,0,0
IBOROUT|IBORCROSS|IBORB|IBORFB|IBOR|GBPUSD|M15|london|2021-08-05|60|IB60|OR30,IB_OR_CONFIRMED_CROSS_OUTCOME_SHELL,RELATION_P0,post_cross_tracking_not_started,IBORCROSS|IBORB|IBORFB|IBOR|GBPUSD|M15|london|2021-08-05|60|IB60|OR30,GBPUSD,M15,london,Europe/London,2021-08-05,up,close,2021-08-05T08:00:00Z,1.38953,0.00027,post_cross_return_inside_ib_or_continuation_path,0,0,0,0
IBOROUT|IBORCROSS|IBORB|IBORFB|IBOR|GBPUSD|M15|london|2021-08-11|60|IB60|OR30,IB_OR_CONFIRMED_CROSS_OUTCOME_SHELL,RELATION_P0,post_cross_tracking_not_started,IBORCROSS|IBORB|IBORFB|IBOR|GBPUSD|M15|london|2021-08-11|60|IB60|OR30,GBPUSD,M15,london,Europe/London,2021-08-11,up,close,2021-08-11T08:15:00Z,1.38324,0.00015,post_cross_return_inside_ib_or_continuation_path,0,0,0,0
IBOROUT|IBORCROSS|IBORB|IBORFB|IBOR|GBPUSD|M15|new_york|2021-08-11|60|IB60|OR30,IB_OR_CONFIRMED_CROSS_OUTCOME_SHELL,RELATION_P0,post_cross_tracking_not_started,IBORCROSS|IBORB|IBORFB|IBOR|GBPUSD|M15|new_york|2021-08-11|60|IB60|OR30,GBPUSD,M15,new_york,America/New_York,2021-08-11,up,close,2021-08-11T14:30:00Z,1.38257,0.00068,post_cross_return_inside_ib_or_continuation_path,0,0,0,0
IBOROUT|IBORCROSS|IBORB|IBORFB|IBOR|GBPUSD|M15|new_york|2021-08-17|60|IB60|OR30,IB_OR_CONFIRMED_CROSS_OUTCOME_SHELL,RELATION_P0,post_cross_tracking_not_started,IBORCROSS|IBORB|IBORFB|IBOR|GBPUSD|M15|new_york|2021-08-17|60|IB60|OR30,GBPUSD,M15,new_york,America/New_York,2021-08-17,up,wick,2021-08-17T14:30:00Z,1.37967,0.00004,post_cross_return_inside_ib_or_continuation_path,0,0,0,0
IBOROUT|IBORCROSS|IBORB|IBORFB|IBOR|GBPUSD|M15|london|2021-08-20|60|IB60|OR30,IB_OR_CONFIRMED_CROSS_OUTCOME_SHELL,RELATION_P0,post_cross_tracking_not_started,IBORCROSS|IBORB|IBORFB|IBOR|GBPUSD|M15|london|2021-08-20|60|IB60|OR30,GBPUSD,M15,london,Europe/London,2021-08-20,down,close,2021-08-20T08:00:00Z,1.36236,0.00055,post_cross_return_inside_ib_or_continuation_path,0,0,0,0
IBOROUT|IBORCROSS|IBORB|IBORFB|IBOR|GBPUSD|M15|new_york|2021-08-25|60|IB60|OR30,IB_OR_CONFIRMED_CROSS_OUTCOME_SHELL,RELATION_P0,post_cross_tracking_not_started,IBORCROSS|IBORB|IBORFB|IBOR|GBPUSD|M15|new_york|2021-08-25|60|IB60|OR30,GBPUSD,M15,new_york,America/New_York,2021-08-25,down,wick,2021-08-25T14:30:00Z,1.37112,0.00017,post_cross_return_inside_ib_or_continuation_path,0,0,0,0
IBOROUT|IBORCROSS|IBORB|IBORFB|IBOR|GBPUSD|M15|london|2021-08-31|60|IB60|OR30,IB_OR_CONFIRMED_CROSS_OUTCOME_SHELL,RELATION_P0,post_cross_tracking_not_started,IBORCROSS|IBORB|IBORFB|IBOR|GBPUSD|M15|london|2021-08-31|60|IB60|OR30,GBPUSD,M15,london,Europe/London,2021-08-31,up,close,2021-08-31T08:00:00Z,1.37855,0.00041,post_cross_return_inside_ib_or_continuation_path,0,0,0,0
IBOROUT|IBORCROSS|IBORB|IBORFB|IBOR|GBPUSD|M15|new_york|2021-09-17|60|IB60|OR30,IB_OR_CONFIRMED_CROSS_OUTCOME_SHELL,RELATION_P0,post_cross_tracking_not_started,IBORCROSS|IBORB|IBORFB|IBOR|GBPUSD|M15|new_york|2021-09-17|60|IB60|OR30,GBPUSD,M15,new_york,America/New_York,2021-09-17,up,close,2021-09-17T14:45:00Z,1.37973,0.00019,post_cross_return_inside_ib_or_continuation_path,0,0,0,0
IBOROUT|IBORCROSS|IBORB|IBORFB|IBOR|GBPUSD|M15|london|2021-09-27|60|IB60|OR30,IB_OR_CONFIRMED_CROSS_OUTCOME_SHELL,RELATION_P0,post_cross_tracking_not_started,IBORCROSS|IBORB|IBORFB|IBOR|GBPUSD|M15|london|2021-09-27|60|IB60|OR30,GBPUSD,M15,london,Europe/London,2021-09-27,up,close,2021-09-27T08:00:00Z,1.36783,0.00008,post_cross_return_inside_ib_or_continuation_path,0,0,0,0
IBOROUT|IBORCROSS|IBORB|IBORFB|IBOR|GBPUSD|M15|new_york|2021-09-30|60|IB60|OR30,IB_OR_CONFIRMED_CROSS_OUTCOME_SHELL,RELATION_P0,post_cross_tracking_not_started,IBORCROSS|IBORB|IBORFB|IBOR|GBPUSD|M15|new_york|2021-09-30|60|IB60|OR30,GBPUSD,M15,new_york,America/New_York,2021-09-30,up,wick,2021-09-30T14:45:00Z,1.34494,0.00004,post_cross_return_inside_ib_or_continuation_path,0,0,0,0
IBOROUT|IBORCROSS|IBORB|IBORFB|IBOR|GBPUSD|M15|new_york|2021-10-22|60|IB60|OR30,IB_OR_CONFIRMED_CROSS_OUTCOME_SHELL,RELATION_P0,post_cross_tracking_not_started,IBORCROSS|IBORB|IBORFB|IBOR|GBPUSD|M15|new_york|2021-10-22|60|IB60|OR30,GBPUSD,M15,new_york,America/New_York,2021-10-22,down,wick,2021-10-22T14:45:00Z,1.37791,0.00017,post_cross_return_inside_ib_or_continuation_path,0,0,0,0
IBOROUT|IBORCROSS|IBORB|IBORFB|IBOR|GBPUSD|M15|new_york|2021-11-01|60|IB60|OR30,IB_OR_CONFIRMED_CROSS_OUTCOME_SHELL,RELATION_P0,post_cross_tracking_not_started,IBORCROSS|IBORB|IBORFB|IBOR|GBPUSD|M15|new_york|2021-11-01|60|IB60|OR30,GBPUSD,M15,new_york,America/New_York,2021-11-01,up,close,2021-11-01T14:30:00Z,1.36597,0.00018,post_cross_return_inside_ib_or_continuation_path,0,0,0,0
IBOROUT|IBORCROSS|IBORB|IBORFB|IBOR|GBPUSD|M15|london|2021-11-15|60|IB60|OR30,IB_OR_CONFIRMED_CROSS_OUTCOME_SHELL,RELATION_P0,post_cross_tracking_not_started,IBORCROSS|IBORB|IBORFB|IBOR|GBPUSD|M15|london|2021-11-15|60|IB60|OR30,GBPUSD,M15,london,Europe/London,2021-11-15,down,close,2021-11-15T09:30:00Z,1.34266,0.00017,post_cross_return_inside_ib_or_continuation_path,0,0,0,0
IBOROUT|IBORCROSS|IBORB|IBORFB|IBOR|GBPUSD|M15|london|2021-11-16|60|IB60|OR30,IB_OR_CONFIRMED_CROSS_OUTCOME_SHELL,RELATION_P0,post_cross_tracking_not_started,IBORCROSS|IBORB|IBORFB|IBOR|GBPUSD|M15|london|2021-11-16|60|IB60|OR30,GBPUSD,M15,london,Europe/London,2021-11-16,up,close,2021-11-16T09:00:00Z,1.34451,0.00202,post_cross_return_inside_ib_or_continuation_path,0,0,0,0
IBOROUT|IBORCROSS|IBORB|IBORFB|IBOR|GBPUSD|M15|new_york|2021-11-19|60|IB60|OR30,IB_OR_CONFIRMED_CROSS_OUTCOME_SHELL,RELATION_P0,post_cross_tracking_not_started,IBORCROSS|IBORB|IBORFB|IBOR|GBPUSD|M15|new_york|2021-11-19|60|IB60|OR30,GBPUSD,M15,new_york,America/New_York,2021-11-19,up,close,2021-11-19T15:30:00Z,1.34494,0.00015,post_cross_return_inside_ib_or_continuation_path,0,0,0,0
IBOROUT|IBORCROSS|IBORB|IBORFB|IBOR|GBPUSD|M15|london|2021-11-23|60|IB60|OR30,IB_OR_CONFIRMED_CROSS_OUTCOME_SHELL,RELATION_P0,post_cross_tracking_not_started,IBORCROSS|IBORB|IBORFB|IBOR|GBPUSD|M15|london|2021-11-23|60|IB60|OR30,GBPUSD,M15,london,Europe/London,2021-11-23,down,close,2021-11-23T09:00:00Z,1.3381,0.00005,post_cross_return_inside_ib_or_continuation_path,0,0,0,0
IBOROUT|IBORCROSS|IBORB|IBORFB|IBOR|GBPUSD|M15|new_york|2021-11-25|60|IB60|OR30,IB_OR_CONFIRMED_CROSS_OUTCOME_SHELL,RELATION_P0,post_cross_tracking_not_started,IBORCROSS|IBORB|IBORFB|IBOR|GBPUSD|M15|new_york|2021-11-25|60|IB60|OR30,GBPUSD,M15,new_york,America/New_York,2021-11-25,up,wick,2021-11-25T17:15:00Z,1.33209,0.00031,post_cross_return_inside_ib_or_continuation_path,0,0,0,0
IBOROUT|IBORCROSS|IBORB|IBORFB|IBOR|GBPUSD|M15|london|2021-12-20|60|IB60|OR30,IB_OR_CONFIRMED_CROSS_OUTCOME_SHELL,RELATION_P0,post_cross_tracking_not_started,IBORCROSS|IBORB|IBORFB|IBOR|GBPUSD|M15|london|2021-12-20|60|IB60|OR30,GBPUSD,M15,london,Europe/London,2021-12-20,down,close,2021-12-20T09:00:00Z,1.32106,0.00053,post_cross_return_inside_ib_or_continuation_path,0,0,0,0
IBOROUT|IBORCROSS|IBORB|IBORFB|IBOR|GBPUSD|M15|new_york|2021-12-23|60|IB60|OR30,IB_OR_CONFIRMED_CROSS_OUTCOME_SHELL,RELATION_P0,post_cross_tracking_not_started,IBORCROSS|IBORB|IBORFB|IBOR|GBPUSD|M15|new_york|2021-12-23|60|IB60|OR30,GBPUSD,M15,new_york,America/New_York,2021-12-23,down,close,2021-12-23T15:30:00Z,1.34161,0.00022,post_cross_return_inside_ib_or_continuation_path,0,0,0,0
IBOROUT|IBORCROSS|IBORB|IBORFB|IBOR|GBPUSD|M15|london|2021-12-27|60|IB60|OR30,IB_OR_CONFIRMED_CROSS_OUTCOME_SHELL,RELATION_P0,post_cross_tracking_not_started,IBORCROSS|IBORB|IBORFB|IBOR|GBPUSD|M15|london|2021-12-27|60|IB60|OR30,GBPUSD,M15,london,Europe/London,2021-12-27,down,wick,2021-12-27T09:15:00Z,1.33936,0.00013,post_cross_return_inside_ib_or_continuation_path,0,0,0,0
IBOROUT|IBORCROSS|IBORB|IBORFB|IBOR|GBPUSD|M15|london|2022-01-04|60|IB60|OR30,IB_OR_CONFIRMED_CROSS_OUTCOME_SHELL,RELATION_P0,post_cross_tracking_not_started,IBORCROSS|IBORB|IBORFB|IBOR|GBPUSD|M15|london|2022-01-04|60|IB60|OR30,GBPUSD,M15,london,Europe/London,2022-01-04,up,close,2022-01-04T09:30:00Z,1.34731,0.00035,post_cross_return_inside_ib_or_continuation_path,0,0,0,0
IBOROUT|IBORCROSS|IBORB|IBORFB|IBOR|GBPUSD|M15|london|2022-01-10|60|IB60|OR30,IB_OR_CONFIRMED_CROSS_OUTCOME_SHELL,RELATION_P0,post_cross_tracking_not_started,IBORCROSS|IBORB|IBORFB|IBOR|GBPUSD|M15|london|2022-01-10|60|IB60|OR30,GBPUSD,M15,london,Europe/London,2022-01-10,up,close,2022-01-10T09:00:00Z,1.35871,0.00008,post_cross_return_inside_ib_or_continuation_path,0,0,0,0
IBOROUT|IBORCROSS|IBORB|IBORFB|IBOR|GBPUSD|M15|new_york|2022-01-10|60|IB60|OR30,IB_OR_CONFIRMED_CROSS_OUTCOME_SHELL,RELATION_P0,post_cross_tracking_not_started,IBORCROSS|IBORB|IBORFB|IBOR|GBPUSD|M15|new_york|2022-01-10|60|IB60|OR30,GBPUSD,M15,new_york,America/New_York,2022-01-10,down,close,2022-01-10T15:30:00Z,1.3556,0.00077,post_cross_return_inside_ib_or_continuation_path,0,0,0,0
IBOROUT|IBORCROSS|IBORB|IBORFB|IBOR|GBPUSD|M15|new_york|2022-01-13|60|IB60|OR30,IB_OR_CONFIRMED_CROSS_OUTCOME_SHELL,RELATION_P0,post_cross_tracking_not_started,IBORCROSS|IBORB|IBORFB|IBOR|GBPUSD|M15|new_york|2022-01-13|60|IB60|OR30,GBPUSD,M15,new_york,America/New_York,2022-01-13,up,close,2022-01-13T15:45:00Z,1.37378,0.00033,post_cross_return_inside_ib_or_continuation_path,0,0,0,0
IBOROUT|IBORCROSS|IBORB|IBORFB|IBOR|GBPUSD|M15|new_york|2022-01-21|60|IB60|OR30,IB_OR_CONFIRMED_CROSS_OUTCOME_SHELL,RELATION_P0,post_cross_tracking_not_started,IBORCROSS|IBORB|IBORFB|IBOR|GBPUSD|M15|new_york|2022-01-21|60|IB60|OR30,GBPUSD,M15,new_york,America/New_York,2022-01-21,up,wick,2022-01-21T15:30:00Z,1.35746,0.00015,post_cross_return_inside_ib_or_continuation_path,0,0,0,0
IBOROUT|IBORCROSS|IBORB|IBORFB|IBOR|GBPUSD|M15|new_york|2022-01-24|60|IB60|OR30,IB_OR_CONFIRMED_CROSS_OUTCOME_SHELL,RELATION_P0,post_cross_tracking_not_started,IBORCROSS|IBORB|IBORFB|IBOR|GBPUSD|M15|new_york|2022-01-24|60|IB60|OR30,GBPUSD,M15,new_york,America/New_York,2022-01-24,down,close,2022-01-24T15:30:00Z,1.34738,0.00032,post_cross_return_inside_ib_or_continuation_path,0,0,0,0
IBOROUT|IBORCROSS|IBORB|IBORFB|IBOR|GBPUSD|M15|london|2022-02-04|60|IB60|OR30,IB_OR_CONFIRMED_CROSS_OUTCOME_SHELL,RELATION_P0,post_cross_tracking_not_started,IBORCROSS|IBORB|IBORFB|IBOR|GBPUSD|M15|london|2022-02-04|60|IB60|OR30,GBPUSD,M15,london,Europe/London,2022-02-04,down,close,2022-02-04T09:45:00Z,1.35813,0.00007,post_cross_return_inside_ib_or_continuation_path,0,0,0,0
IBOROUT|IBORCROSS|IBORB|IBORFB|IBOR|GBPUSD|M15|new_york|2022-02-07|60|IB60|OR30,IB_OR_CONFIRMED_CROSS_OUTCOME_SHELL,RELATION_P0,post_cross_tracking_not_started,IBORCROSS|IBORB|IBORFB|IBOR|GBPUSD|M15|new_york|2022-02-07|60|IB60|OR30,GBPUSD,M15,new_york,America/New_York,2022-02-07,down,wick,2022-02-07T15:30:00Z,1.35053,0.00048,post_cross_return_inside_ib_or_continuation_path,0,0,0,0
IBOROUT|IBORCROSS|IBORB|IBORFB|IBOR|GBPUSD|M15|new_york|2022-02-16|60|IB60|OR30,IB_OR_CONFIRMED_CROSS_OUTCOME_SHELL,RELATION_P0,post_cross_tracking_not_started,IBORCROSS|IBORB|IBORFB|IBOR|GBPUSD|M15|new_york|2022-02-16|60|IB60|OR30,GBPUSD,M15,new_york,America/New_York,2022-02-16,down,wick,2022-02-16T15:30:00Z,1.35392,0.00037,post_cross_return_inside_ib_or_continuation_path,0,0,0,0
IBOROUT|IBORCROSS|IBORB|IBORFB|IBOR|GBPUSD|M15|new_york|2022-02-25|60|IB60|OR30,IB_OR_CONFIRMED_CROSS_OUTCOME_SHELL,RELATION_P0,post_cross_tracking_not_started,IBORCROSS|IBORB|IBORFB|IBOR|GBPUSD|M15|new_york|2022-02-25|60|IB60|OR30,GBPUSD,M15,new_york,America/New_York,2022-02-25,down,wick,2022-02-25T15:45:00Z,1.33817,0.00002,post_cross_return_inside_ib_or_continuation_path,0,0,0,0
IBOROUT|IBORCROSS|IBORB|IBORFB|IBOR|GBPUSD|M15|new_york|2022-03-02|60|IB60|OR30,IB_OR_CONFIRMED_CROSS_OUTCOME_SHELL,RELATION_P0,post_cross_tracking_not_started,IBORCROSS|IBORB|IBORFB|IBOR|GBPUSD|M15|new_york|2022-03-02|60|IB60|OR30,GBPUSD,M15,new_york,America/New_York,2022-03-02,up,wick,2022-03-02T15:30:00Z,1.33342,0.00001,post_cross_return_inside_ib_or_continuation_path,0,0,0,0
IBOROUT|IBORCROSS|IBORB|IBORFB|IBOR|GBPUSD|M15|new_york|2022-03-03|60|IB60|OR30,IB_OR_CONFIRMED_CROSS_OUTCOME_SHELL,RELATION_P0,post_cross_tracking_not_started,IBORCROSS|IBORB|IBORFB|IBOR|GBPUSD|M15|new_york|2022-03-03|60|IB60|OR30,GBPUSD,M15,new_york,America/New_York,2022-03-03,down,wick,2022-03-03T15:30:00Z,1.33733,0.00001,post_cross_return_inside_ib_or_continuation_path,0,0,0,0
IBOROUT|IBORCROSS|IBORB|IBORFB|IBOR|GBPUSD|M15|london|2022-03-07|60|IB60|OR30,IB_OR_CONFIRMED_CROSS_OUTCOME_SHELL,RELATION_P0,post_cross_tracking_not_started,IBORCROSS|IBORB|IBORFB|IBOR|GBPUSD|M15|london|2022-03-07|60|IB60|OR30,GBPUSD,M15,london,Europe/London,2022-03-07,up,wick,2022-03-07T09:00:00Z,1.32218,0.00026,post_cross_return_inside_ib_or_continuation_path,0,0,0,0
IBOROUT|IBORCROSS|IBORB|IBORFB|IBOR|GBPUSD|M15|london|2022-03-09|60|IB60|OR30,IB_OR_CONFIRMED_CROSS_OUTCOME_SHELL,RELATION_P0,post_cross_tracking_not_started,IBORCROSS|IBORB|IBORFB|IBOR|GBPUSD|M15|london|2022-03-09|60|IB60|OR30,GBPUSD,M15,london,Europe/London,2022-03-09,down,wick,2022-03-09T09:00:00Z,1.31106,0.00003,post_cross_return_inside_ib_or_continuation_path,0,0,0,0
IBOROUT|IBORCROSS|IBORB|IBORFB|IBOR|GBPUSD|M15|new_york|2022-03-09|60|IB60|OR30,IB_OR_CONFIRMED_CROSS_OUTCOME_SHELL,RELATION_P0,post_cross_tracking_not_started,IBORCROSS|IBORB|IBORFB|IBOR|GBPUSD|M15|new_york|2022-03-09|60|IB60|OR30,GBPUSD,M15,new_york,America/New_York,2022-03-09,down,wick,2022-03-09T15:30:00Z,1.31367,0.00078,post_cross_return_inside_ib_or_continuation_path,0,0,0,0
IBOROUT|IBORCROSS|IBORB|IBORFB|IBOR|GBPUSD|M15|new_york|2022-03-10|60|IB60|OR30,IB_OR_CONFIRMED_CROSS_OUTCOME_SHELL,RELATION_P0,post_cross_tracking_not_started,IBORCROSS|IBORB|IBORFB|IBOR|GBPUSD|M15|new_york|2022-03-10|60|IB60|OR30,GBPUSD,M15,new_york,America/New_York,2022-03-10,down,close,2022-03-10T16:15:00Z,1.31417,0.00154,post_cross_return_inside_ib_or_continuation_path,0,0,0,0
IBOROUT|IBORCROSS|IBORB|IBORFB|IBOR|GBPUSD|M15|new_york|2022-03-11|60|IB60|OR30,IB_OR_CONFIRMED_CROSS_OUTCOME_SHELL,RELATION_P0,post_cross_tracking_not_started,IBORCROSS|IBORB|IBORFB|IBOR|GBPUSD|M15|new_york|2022-03-11|60|IB60|OR30,GBPUSD,M15,new_york,America/New_York,2022-03-11,down,close,2022-03-11T16:15:00Z,1.30772,0.00015,post_cross_return_inside_ib_or_continuation_path,0,0,0,0
IBOROUT|IBORCROSS|IBORB|IBORFB|IBOR|GBPUSD|M15|london|2022-03-14|60|IB60|OR30,IB_OR_CONFIRMED_CROSS_OUTCOME_SHELL,RELATION_P0,post_cross_tracking_not_started,IBORCROSS|IBORB|IBORFB|IBOR|GBPUSD|M15|london|2022-03-14|60|IB60|OR30,GBPUSD,M15,london,Europe/London,2022-03-14,down,wick,2022-03-14T09:00:00Z,1.30126,0.00005,post_cross_return_inside_ib_or_continuation_path,0,0,0,0
IBOROUT|IBORCROSS|IBORB|IBORFB|IBOR|GBPUSD|M15|london|2022-03-17|60|IB60|OR30,IB_OR_CONFIRMED_CROSS_OUTCOME_SHELL,RELATION_P0,post_cross_tracking_not_started,IBORCROSS|IBORB|IBORFB|IBOR|GBPUSD|M15|london|2022-03-17|60|IB60|OR30,GBPUSD,M15,london,Europe/London,2022-03-17,down,wick,2022-03-17T09:15:00Z,1.31477,0.00050,post_cross_return_inside_ib_or_continuation_path,0,0,0,0
