item_type	source_path	repo_path	producer	scope	evidence_mode	status	notes
INDEX_NOTE	10_source_library_archive/_raw_snapshot_batch09/10_来源库_SOURCE_LIBRARY/00_外部公开资料与方法论参考/	10_source_library_archive/batch_100_non_kimi_public_methods_boundary__20260707/README.md	manual_boundary_review	公开资料与方法论 boundary 批入口	boundary_index	active	固定边界角色、默认入口与后续稳定提升线
INDEX_NOTE	10_source_library_archive/_raw_snapshot_batch09/10_来源库_SOURCE_LIBRARY/00_外部公开资料与方法论参考/	10_source_library_archive/batch_100_non_kimi_public_methods_boundary__20260707/01_index/entry_map_v1.tsv	manual_boundary_review	公开资料与方法论 boundary 跳转图	boundary_index	active	统一 raw snapshot 与稳定 bundle 的 first-hop
INDEX_NOTE	10_source_library_archive/_raw_snapshot_batch09/10_来源库_SOURCE_LIBRARY/00_外部公开资料与方法论参考/	10_source_library_archive/batch_100_non_kimi_public_methods_boundary__20260707/public_methods_boundary_manifest__20260713.tsv	manual_boundary_review	公开资料与方法论 boundary manifest	boundary_manifest	active	给 batch_100 形成可审计追溯表
INDEX_NOTE	10_source_library_archive/_raw_snapshot_batch09/10_来源库_SOURCE_LIBRARY/00_外部公开资料与方法论参考/README.md	10_source_library_archive/_raw_snapshot_batch09/10_来源库_SOURCE_LIBRARY/00_外部公开资料与方法论参考/README.md	manual_boundary_review	raw snapshot 顶层入口	raw_snapshot_index	active	顶层说明与默认阅读顺序
INDEX_NOTE	10_source_library_archive/_raw_snapshot_batch09/10_来源库_SOURCE_LIBRARY/00_外部公开资料与方法论参考/01_外部公开指标资料_Batch9/	10_source_library_archive/_raw_snapshot_batch09/10_来源库_SOURCE_LIBRARY/00_外部公开资料与方法论参考/01_外部公开指标资料_Batch9/README.md	manual_boundary_review	Batch9 二级入口	second_hop_index	active	收口 Batch9 子树的默认阅读顺序与边界
INDEX_NOTE	10_source_library_archive/_raw_snapshot_batch09/10_来源库_SOURCE_LIBRARY/00_外部公开资料与方法论参考/02_外部视频与方法论参考/	10_source_library_archive/_raw_snapshot_batch09/10_来源库_SOURCE_LIBRARY/00_外部公开资料与方法论参考/02_外部视频与方法论参考/README.md	manual_boundary_review	视频方法论二级入口	second_hop_index	active	收口 NFTRADEZ 与 Smile_SMC 两条方法参考线
INDEX_NOTE	10_source_library_archive/_raw_snapshot_batch09/10_来源库_SOURCE_LIBRARY/00_外部公开资料与方法论参考/01_外部公开指标资料_Batch9/Batch9_批次收口与四分流_v1.md	10_source_library_archive/batch_107_non_kimi_public_batch9_bundle__20260707/README.md	manual_boundary_review	Batch9 稳定提升线	stable_bundle_entry	active	Batch9 已形成 research_contract_ready / reopen_ready bundle
INDEX_NOTE	10_source_library_archive/_raw_snapshot_batch09/10_来源库_SOURCE_LIBRARY/00_外部公开资料与方法论参考/02_外部视频与方法论参考/Norman_NFTRADEZ_ICT_Trader_NYC/README.md	10_source_library_archive/batch_108_non_kimi_nftradez_method_bundle__20260707/README.md	manual_boundary_review	NFTRADEZ 稳定提升线	stable_bundle_entry	active	NFTRADEZ 已形成 method_reference bundle
INDEX_NOTE	10_source_library_archive/_raw_snapshot_batch09/10_来源库_SOURCE_LIBRARY/00_外部公开资料与方法论参考/02_外部视频与方法论参考/Smile_SMC交易系统2_0/README.md	10_source_library_archive/batch_109_non_kimi_smile_smc_method_bundle__20260707/README.md	manual_boundary_review	Smile_SMC 稳定提升线	stable_bundle_entry	active	Smile_SMC 已形成 method_reference bundle
